{"type":"FeatureCollection","name":"municipios","crs":{"type":"name","properties":{"name":"urn:ogc:def:crs:OGC:1.3:CRS84"}},"features":[{"type":"Feature","properties":{"mpio":"44847","nombre":"Uribia","depto":"La Guajira"},"geometry":{"type":"Polygon","coordinates":[[[-71.613,11.684],[-71.621,11.753],[-71.664,11.751],[-71.789,11.599],[-71.944,11.605],[-71.98,11.636],[-72.009,11.64],[-72.008,11.674],[-72.054,11.704],[-72.073,11.736],[-72.053,11.768],[-72.062,11.788],[-72.013,11.86],[-72.038,11.918],[-72.022,11.921],[-71.999,11.953],[-71.95,11.96],[-71.946,12.005],[-71.887,12.066],[-71.828,12.167],[-71.83,12.234],[-71.866,12.282],[-71.632,12.294],[-71.661,12.245],[-71.652,12.195],[-71.6,12.2],[-71.565,12.231],[-71.511,12.234],[-71.551,12.307],[-71.578,12.326],[-71.609,12.323],[-71.604,12.331],[-71.468,12.412],[-71.464,12.347],[-71.397,12.378],[-71.382,12.409],[-71.355,12.426],[-71.331,12.393],[-71.312,12.392],[-71.309,12.419],[-71.28,12.415],[-71.249,12.442],[-71.285,12.44],[-71.278,12.46],[-71.292,12.463],[-71.353,12.444],[-71.358,12.453],[-71.338,12.466],[-71.302,12.476],[-71.177,12.462],[-71.088,12.435],[-71.034,12.384],[-70.973,12.378],[-70.937,12.353],[-70.853,12.335],[-70.8,12.292],[-70.715,12.128],[-70.684,12.021],[-70.708,11.985],[-70.791,11.928],[-70.867,11.908],[-70.91,11.859],[-70.971,11.829],[-70.978,11.815],[-70.941,11.819],[-70.955,11.789],[-71.604,11.696],[-71.613,11.684]]]}},{"type":"Feature","properties":{"mpio":"44560","nombre":"Manaure","depto":"La Guajira"},"geometry":{"type":"Polygon","coordinates":[[[-72.038,11.918],[-72.013,11.86],[-72.062,11.788],[-72.053,11.768],[-72.073,11.736],[-72.054,11.704],[-72.008,11.674],[-72.009,11.64],[-71.98,11.636],[-71.945,11.603],[-72.081,11.614],[-72.1,11.588],[-72.206,11.562],[-72.21,11.551],[-72.265,11.543],[-72.339,11.558],[-72.359,11.536],[-72.392,11.536],[-72.448,11.559],[-72.468,11.595],[-72.517,11.597],[-72.548,11.607],[-72.554,11.626],[-72.631,11.639],[-72.668,11.69],[-72.628,11.71],[-72.616,11.743],[-72.503,11.812],[-72.367,11.833],[-72.31,11.856],[-72.271,11.849],[-72.237,11.878],[-72.188,11.882],[-72.175,11.866],[-72.038,11.918]]]}},{"type":"Feature","properties":{"mpio":"44430","nombre":"Maicao","depto":"La Guajira"},"geometry":{"type":"Polygon","coordinates":[[[-72.081,11.614],[-71.789,11.599],[-71.678,11.74],[-71.641,11.754],[-71.621,11.753],[-71.611,11.738],[-71.613,11.684],[-71.943,11.213],[-71.97,11.208],[-72.057,11.229],[-72.164,11.2],[-72.168,11.211],[-72.185,11.204],[-72.253,11.239],[-72.27,11.259],[-72.164,11.236],[-72.131,11.25],[-72.131,11.292],[-72.151,11.356],[-72.172,11.391],[-72.209,11.405],[-72.211,11.431],[-72.231,11.444],[-72.25,11.506],[-72.32,11.49],[-72.323,11.482],[-72.3,11.474],[-72.314,11.437],[-72.326,11.442],[-72.345,11.419],[-72.357,11.426],[-72.358,11.459],[-72.392,11.536],[-72.359,11.536],[-72.339,11.558],[-72.265,11.543],[-72.21,11.551],[-72.206,11.562],[-72.1,11.588],[-72.081,11.614]]]}},{"type":"Feature","properties":{"mpio":"44001","nombre":"Riohacha","depto":"La Guajira"},"geometry":{"type":"Polygon","coordinates":[[[-72.392,11.536],[-72.358,11.459],[-72.348,11.339],[-72.4,11.32],[-72.402,11.266],[-72.462,11.284],[-72.514,11.256],[-72.576,11.244],[-72.659,11.212],[-72.664,11.195],[-72.739,11.14],[-72.753,11.155],[-72.792,11.158],[-72.9,11.106],[-73.21,11.06],[-73.256,11.071],[-73.227,11.111],[-73.183,11.125],[-73.159,11.211],[-72.998,11.298],[-72.978,11.349],[-72.952,11.375],[-72.956,11.4],[-73.005,11.443],[-73.032,11.534],[-72.924,11.596],[-72.849,11.624],[-72.763,11.686],[-72.668,11.69],[-72.631,11.639],[-72.554,11.626],[-72.548,11.607],[-72.517,11.597],[-72.468,11.595],[-72.448,11.559],[-72.392,11.536]]]}},{"type":"Feature","properties":{"mpio":"44090","nombre":"Dibulla","depto":"La Guajira"},"geometry":{"type":"Polygon","coordinates":[[[-73.032,11.534],[-73.005,11.443],[-72.956,11.4],[-72.952,11.375],[-72.978,11.349],[-72.998,11.298],[-73.159,11.211],[-73.183,11.125],[-73.227,11.111],[-73.303,11.035],[-73.547,10.994],[-73.594,11.158],[-73.576,11.217],[-73.59,11.262],[-73.586,11.303],[-73.517,11.355],[-73.505,11.421],[-73.224,11.417],[-73.068,11.493],[-73.032,11.534]]]}},{"type":"Feature","properties":{"mpio":"47001","nombre":"Santa Marta","depto":"Magdalena"},"geometry":{"type":"Polygon","coordinates":[[[-73.505,11.421],[-73.517,11.355],[-73.586,11.303],[-73.59,11.262],[-73.576,11.217],[-73.594,11.158],[-73.587,11.108],[-73.54,10.99],[-73.621,10.995],[-73.701,11.034],[-73.769,11.03],[-73.818,11.047],[-73.88,11.108],[-73.906,11.191],[-74.031,11.216],[-74.034,11.232],[-74.066,11.241],[-74.101,11.283],[-74.155,11.291],[-74.166,11.306],[-74.192,11.297],[-74.241,11.304],[-74.263,11.423],[-74.199,11.475],[-74.209,11.492],[-74.188,11.514],[-74.16,11.508],[-74.149,11.528],[-74.131,11.522],[-74.103,11.533],[-74.105,11.546],[-74.079,11.527],[-74.068,11.546],[-74.046,11.529],[-73.986,11.532],[-73.79,11.442],[-73.505,11.421]]]}},{"type":"Feature","properties":{"mpio":"44378","nombre":"Hatonuevo","depto":"La Guajira"},"geometry":{"type":"Polygon","coordinates":[[[-72.402,11.266],[-72.417,11.256],[-72.406,11.237],[-72.351,11.233],[-72.306,11.201],[-72.245,11.187],[-72.232,11.171],[-72.244,11.143],[-72.284,11.187],[-72.366,11.224],[-72.379,11.216],[-72.39,11.225],[-72.459,11.182],[-72.451,11.171],[-72.474,11.139],[-72.511,11.133],[-72.629,11.191],[-72.646,11.215],[-72.514,11.256],[-72.462,11.284],[-72.402,11.266]]]}},{"type":"Feature","properties":{"mpio":"44078","nombre":"Barrancas","depto":"La Guajira"},"geometry":{"type":"Polygon","coordinates":[[[-72.646,11.215],[-72.629,11.191],[-72.511,11.133],[-72.474,11.139],[-72.451,11.171],[-72.459,11.182],[-72.39,11.225],[-72.379,11.216],[-72.366,11.224],[-72.284,11.187],[-72.244,11.143],[-72.273,11.08],[-72.308,11.049],[-72.367,10.955],[-72.418,10.842],[-72.527,10.899],[-72.652,11.001],[-72.674,11.056],[-72.641,11.09],[-72.713,11.153],[-72.646,11.215]]]}},{"type":"Feature","properties":{"mpio":"47189","nombre":"Cienaga","depto":"Magdalena"},"geometry":{"type":"Polygon","coordinates":[[[-74.241,11.304],[-74.192,11.297],[-74.166,11.306],[-74.155,11.291],[-74.101,11.283],[-74.066,11.241],[-74.034,11.232],[-74.031,11.216],[-73.906,11.191],[-73.88,11.108],[-73.848,11.068],[-73.8,11.036],[-73.745,11.03],[-73.751,10.999],[-73.856,10.916],[-74.045,10.837],[-74.056,11.042],[-74.093,11.143],[-74.123,11.126],[-74.122,11.174],[-74.16,11.176],[-74.179,11.207],[-74.204,11.202],[-74.217,11.167],[-74.268,11.166],[-74.303,11.144],[-74.304,11.198],[-74.251,11.247],[-74.241,11.304]]]}},{"type":"Feature","properties":{"mpio":"08001","nombre":"Barranquilla","depto":"Atlantico"},"geometry":{"type":"Polygon","coordinates":[[[-74.943,11.321],[-74.846,11.206],[-74.847,11.167],[-74.864,11.16],[-74.907,11.179],[-74.904,11.168],[-74.917,11.169],[-74.994,11.197],[-74.981,11.244],[-74.935,11.275],[-74.964,11.31],[-74.943,11.321]]]}},{"type":"Feature","properties":{"mpio":"47745","nombre":"Sitionuevo","depto":"Magdalena"},"geometry":{"type":"Polygon","coordinates":[[[-74.538,11.18],[-74.557,11.131],[-74.511,11.038],[-74.488,10.92],[-74.589,10.95],[-74.686,10.935],[-74.811,10.941],[-74.818,11.021],[-74.811,11.093],[-74.796,11.115],[-74.844,11.158],[-74.846,11.206],[-74.936,11.314],[-74.817,11.284],[-74.636,11.207],[-74.538,11.18]]]}},{"type":"Feature","properties":{"mpio":"08573","nombre":"Puerto Colombia","depto":"Atlantico"},"geometry":{"type":"Polygon","coordinates":[[[-74.964,11.31],[-74.935,11.275],[-74.981,11.244],[-74.989,11.203],[-75.006,11.185],[-75.095,11.214],[-74.964,11.31]]]}},{"type":"Feature","properties":{"mpio":"44098","nombre":"Distraccion","depto":"La Guajira"},"geometry":{"type":"Polygon","coordinates":[[[-72.713,11.153],[-72.716,11.059],[-72.679,11.034],[-72.667,10.966],[-72.695,10.949],[-72.686,10.924],[-72.701,10.906],[-72.702,10.829],[-72.728,10.853],[-72.763,10.924],[-72.873,11.017],[-72.832,11.137],[-72.792,11.158],[-72.753,11.155],[-72.739,11.14],[-72.713,11.153]]]}},{"type":"Feature","properties":{"mpio":"44279","nombre":"Fonseca","depto":"La Guajira"},"geometry":{"type":"Polygon","coordinates":[[[-72.713,11.153],[-72.641,11.09],[-72.674,11.056],[-72.652,11.001],[-72.527,10.899],[-72.418,10.842],[-72.493,10.711],[-72.635,10.887],[-72.682,10.882],[-72.701,10.906],[-72.686,10.924],[-72.695,10.949],[-72.667,10.966],[-72.679,11.034],[-72.716,11.059],[-72.713,11.153]]]}},{"type":"Feature","properties":{"mpio":"44650","nombre":"San Juan Del Cesar","depto":"La Guajira"},"geometry":{"type":"Polygon","coordinates":[[[-72.832,11.137],[-72.872,11.007],[-72.763,10.924],[-72.728,10.853],[-72.702,10.829],[-72.701,10.906],[-72.682,10.882],[-72.635,10.887],[-72.493,10.711],[-72.535,10.643],[-72.594,10.713],[-72.675,10.752],[-72.697,10.757],[-72.724,10.736],[-72.775,10.767],[-72.83,10.779],[-72.947,10.734],[-72.916,10.768],[-72.972,10.807],[-72.993,10.796],[-73.051,10.879],[-73.077,10.889],[-73.13,10.869],[-73.11,10.916],[-73.135,10.999],[-73.347,11.027],[-73.303,11.035],[-73.256,11.071],[-73.21,11.06],[-72.9,11.106],[-72.832,11.137]]]}},{"type":"Feature","properties":{"mpio":"47570","nombre":"Puebloviejo","depto":"Magdalena"},"geometry":{"type":"Polygon","coordinates":[[[-74.304,11.198],[-74.297,11.156],[-74.322,11.08],[-74.284,11.036],[-74.227,10.839],[-74.246,10.836],[-74.276,10.861],[-74.316,10.934],[-74.355,10.928],[-74.4,10.95],[-74.488,10.92],[-74.511,11.038],[-74.557,11.131],[-74.538,11.18],[-74.379,11.176],[-74.304,11.198]]]}},{"type":"Feature","properties":{"mpio":"08832","nombre":"Tubara","depto":"Atlantico"},"geometry":{"type":"Polygon","coordinates":[[[-75.009,11.184],[-75.028,11.097],[-75.051,11.09],[-75.081,11.051],[-75.086,11.088],[-75.189,11.131],[-75.095,11.214],[-75.025,11.199],[-75.009,11.184]]]}},{"type":"Feature","properties":{"mpio":"08296","nombre":"Galapa","depto":"Atlantico"},"geometry":{"type":"Polygon","coordinates":[[[-75.009,11.184],[-74.994,11.197],[-74.904,11.168],[-74.918,11.123],[-74.959,11.078],[-75.028,11.097],[-75.009,11.184]]]}},{"type":"Feature","properties":{"mpio":"08758","nombre":"Soledad","depto":"Atlantico"},"geometry":{"type":"Polygon","coordinates":[[[-74.915,11.131],[-74.907,11.179],[-74.864,11.16],[-74.847,11.167],[-74.797,11.109],[-74.882,11.109],[-74.915,11.131]]]}},{"type":"Feature","properties":{"mpio":"08433","nombre":"Malambo","depto":"Atlantico"},"geometry":{"type":"Polygon","coordinates":[[[-74.915,11.131],[-74.882,11.109],[-74.805,11.104],[-74.815,11.06],[-74.882,11.025],[-74.955,11.04],[-74.959,11.078],[-74.915,11.131]]]}},{"type":"Feature","properties":{"mpio":"08372","nombre":"Juan De Acosta","depto":"Atlantico"},"geometry":{"type":"Polygon","coordinates":[[[-75.086,11.088],[-75.089,11.032],[-75.155,11.02],[-75.167,11.008],[-75.207,11.013],[-75.263,11.05],[-75.35,11.054],[-75.189,11.131],[-75.086,11.088]]]}},{"type":"Feature","properties":{"mpio":"20001","nombre":"Valledupar","depto":"Cesar"},"geometry":{"type":"Polygon","coordinates":[[[-73.488,11.009],[-73.423,11.009],[-73.347,11.027],[-73.135,10.999],[-73.11,10.916],[-73.13,10.869],[-73.077,10.889],[-73.051,10.879],[-72.993,10.796],[-72.972,10.807],[-72.913,10.761],[-72.959,10.72],[-72.964,10.679],[-72.982,10.655],[-73.065,10.598],[-73.06,10.55],[-73.094,10.508],[-73.16,10.367],[-73.294,10.26],[-73.323,10.221],[-73.429,10.153],[-73.475,10.103],[-73.546,9.968],[-73.577,9.952],[-73.597,9.974],[-73.691,9.974],[-73.699,10.003],[-73.687,10.04],[-73.735,10.15],[-73.696,10.151],[-73.651,10.188],[-73.618,10.163],[-73.564,10.168],[-73.463,10.249],[-73.409,10.266],[-73.466,10.307],[-73.468,10.345],[-73.486,10.357],[-73.463,10.818],[-73.54,10.852],[-73.503,10.894],[-73.511,10.923],[-73.598,10.929],[-73.605,10.942],[-73.488,11.009]]]}},{"type":"Feature","properties":{"mpio":"47053","nombre":"Aracataca","depto":"Magdalena"},"geometry":{"type":"Polygon","coordinates":[[[-73.54,10.99],[-73.488,11.009],[-73.605,10.942],[-73.598,10.929],[-73.511,10.923],[-73.503,10.894],[-73.55,10.836],[-73.553,10.801],[-73.622,10.786],[-73.626,10.728],[-73.744,10.682],[-73.889,10.66],[-73.911,10.637],[-73.949,10.635],[-73.994,10.596],[-74.041,10.603],[-74.068,10.62],[-74.156,10.692],[-74.228,10.728],[-74.297,10.799],[-74.285,10.878],[-74.246,10.836],[-74.223,10.844],[-74.134,10.803],[-74.075,10.799],[-74.059,10.83],[-74.027,10.85],[-73.856,10.916],[-73.778,10.972],[-73.733,11.034],[-73.701,11.034],[-73.621,10.995],[-73.54,10.99]]]}},{"type":"Feature","properties":{"mpio":"08078","nombre":"Baranoa","depto":"Atlantico"},"geometry":{"type":"Polygon","coordinates":[[[-75.028,11.097],[-74.959,11.078],[-74.987,11.005],[-74.986,10.978],[-74.963,10.953],[-74.98,10.94],[-75.036,10.941],[-75.043,10.996],[-75.089,11.032],[-75.051,11.09],[-75.028,11.097]]]}},{"type":"Feature","properties":{"mpio":"08634","nombre":"Sabanagrande","depto":"Atlantico"},"geometry":{"type":"Polygon","coordinates":[[[-74.815,11.06],[-74.816,11.002],[-74.837,10.991],[-74.886,11.005],[-74.875,11.035],[-74.815,11.06]]]}},{"type":"Feature","properties":{"mpio":"08558","nombre":"Polonuevo","depto":"Atlantico"},"geometry":{"type":"Polygon","coordinates":[[[-74.882,11.025],[-74.934,10.945],[-74.951,10.94],[-74.986,10.978],[-74.987,11.005],[-74.96,11.053],[-74.933,11.028],[-74.905,11.037],[-74.882,11.025]]]}},{"type":"Feature","properties":{"mpio":"08549","nombre":"Piojo","depto":"Atlantico"},"geometry":{"type":"Polygon","coordinates":[[[-75.35,11.054],[-75.263,11.05],[-75.207,11.013],[-75.167,11.008],[-75.157,10.953],[-75.17,10.931],[-75.294,10.941],[-75.326,10.91],[-75.337,10.934],[-75.392,10.96],[-75.401,11.04],[-75.35,11.054]]]}},{"type":"Feature","properties":{"mpio":"08849","nombre":"Usiacuri","depto":"Atlantico"},"geometry":{"type":"Polygon","coordinates":[[[-75.167,11.008],[-75.101,11.031],[-75.069,11.023],[-75.043,10.996],[-75.036,10.941],[-75.078,10.929],[-75.102,10.95],[-75.157,10.953],[-75.167,11.008]]]}},{"type":"Feature","properties":{"mpio":"13673","nombre":"Santa Catalina","depto":"Bolivar"},"geometry":{"type":"Polygon","coordinates":[[[-75.401,11.04],[-75.392,10.96],[-75.425,10.848],[-75.455,10.871],[-75.464,10.923],[-75.49,10.948],[-75.435,10.978],[-75.431,11.027],[-75.401,11.04]]]}},{"type":"Feature","properties":{"mpio":"08685","nombre":"Santo Tomas","depto":"Atlantico"},"geometry":{"type":"Polygon","coordinates":[[[-74.816,11.002],[-74.818,10.969],[-74.917,10.913],[-74.934,10.945],[-74.886,11.005],[-74.837,10.991],[-74.816,11.002]]]}},{"type":"Feature","properties":{"mpio":"08520","nombre":"Palmar De Varela","depto":"Atlantico"},"geometry":{"type":"Polygon","coordinates":[[[-74.815,10.975],[-74.821,10.871],[-74.917,10.913],[-74.815,10.975]]]}},{"type":"Feature","properties":{"mpio":"47268","nombre":"El Reten","depto":"Magdalena"},"geometry":{"type":"Polygon","coordinates":[[[-74.285,10.878],[-74.297,10.799],[-74.447,10.849],[-74.495,10.883],[-74.478,10.894],[-74.488,10.92],[-74.4,10.95],[-74.355,10.928],[-74.316,10.934],[-74.285,10.878]]]}},{"type":"Feature","properties":{"mpio":"47605","nombre":"Remolino","depto":"Magdalena"},"geometry":{"type":"Polygon","coordinates":[[[-74.488,10.92],[-74.478,10.894],[-74.495,10.883],[-74.498,10.815],[-74.578,10.766],[-74.578,10.742],[-74.621,10.739],[-74.735,10.767],[-74.743,10.806],[-74.81,10.806],[-74.822,10.842],[-74.811,10.941],[-74.686,10.935],[-74.589,10.95],[-74.488,10.92]]]}},{"type":"Feature","properties":{"mpio":"08638","nombre":"Sabanalarga","depto":"Atlantico"},"geometry":{"type":"Polygon","coordinates":[[[-74.963,10.953],[-74.929,10.861],[-74.923,10.826],[-74.933,10.784],[-74.955,10.786],[-74.971,10.768],[-75.079,10.769],[-75.099,10.749],[-75.14,10.748],[-75.172,10.833],[-75.18,10.915],[-75.164,10.948],[-75.102,10.95],[-75.078,10.929],[-75.048,10.942],[-74.98,10.94],[-74.963,10.953]]]}},{"type":"Feature","properties":{"mpio":"08560","nombre":"Ponedera","depto":"Atlantico"},"geometry":{"type":"Polygon","coordinates":[[[-74.951,10.94],[-74.934,10.945],[-74.9,10.897],[-74.825,10.878],[-74.807,10.812],[-74.815,10.775],[-74.87,10.73],[-74.909,10.677],[-74.919,10.683],[-74.933,10.784],[-74.923,10.826],[-74.951,10.94]]]}},{"type":"Feature","properties":{"mpio":"08421","nombre":"Luruaco","depto":"Atlantico"},"geometry":{"type":"Polygon","coordinates":[[[-75.392,10.96],[-75.337,10.934],[-75.326,10.91],[-75.294,10.941],[-75.177,10.932],[-75.172,10.833],[-75.225,10.841],[-75.222,10.808],[-75.257,10.82],[-75.292,10.802],[-75.289,10.779],[-75.3,10.773],[-75.314,10.799],[-75.426,10.821],[-75.392,10.96]]]}},{"type":"Feature","properties":{"mpio":"13001","nombre":"Cartagena","depto":"Bolivar"},"geometry":{"type":"Polygon","coordinates":[[[-75.49,10.948],[-75.464,10.923],[-75.455,10.871],[-75.514,10.793],[-75.537,10.715],[-75.572,10.682],[-75.575,10.637],[-75.615,10.616],[-75.624,10.575],[-75.613,10.535],[-75.652,10.535],[-75.648,10.489],[-75.669,10.453],[-75.679,10.37],[-75.702,10.37],[-75.731,10.34],[-75.756,10.338],[-75.776,10.352],[-75.782,10.375],[-75.752,10.367],[-75.741,10.397],[-75.693,10.407],[-75.726,10.45],[-75.708,10.491],[-75.762,10.471],[-75.816,10.425],[-75.9,10.383],[-75.901,10.397],[-75.826,10.455],[-75.793,10.549],[-75.761,10.521],[-75.724,10.525],[-75.703,10.549],[-75.71,10.62],[-75.733,10.655],[-75.756,10.657],[-75.746,10.679],[-75.707,10.704],[-75.694,10.738],[-75.678,10.679],[-75.659,10.696],[-75.665,10.742],[-75.703,10.824],[-75.639,10.845],[-75.638,10.874],[-75.571,10.924],[-75.49,10.948]]]}},{"type":"Feature","properties":{"mpio":"20570","nombre":"Pueblo Bello","depto":"Cesar"},"geometry":{"type":"Polygon","coordinates":[[[-73.54,10.852],[-73.463,10.818],[-73.486,10.357],[-73.468,10.345],[-73.466,10.307],[-73.409,10.266],[-73.463,10.249],[-73.564,10.168],[-73.618,10.163],[-73.651,10.188],[-73.696,10.151],[-73.735,10.15],[-73.75,10.182],[-73.802,10.202],[-73.798,10.225],[-73.758,10.255],[-73.72,10.311],[-73.763,10.352],[-73.768,10.417],[-73.674,10.498],[-73.698,10.51],[-73.738,10.561],[-73.697,10.579],[-73.675,10.575],[-73.66,10.61],[-73.614,10.613],[-73.571,10.666],[-73.536,10.675],[-73.553,10.801],[-73.54,10.852]]]}},{"type":"Feature","properties":{"mpio":"47551","nombre":"Pivijay","depto":"Magdalena"},"geometry":{"type":"Polygon","coordinates":[[[-74.495,10.879],[-74.447,10.849],[-74.299,10.801],[-74.204,10.714],[-74.205,10.645],[-74.178,10.573],[-74.339,10.345],[-74.392,10.357],[-74.48,10.419],[-74.513,10.4],[-74.626,10.558],[-74.671,10.573],[-74.71,10.659],[-74.724,10.665],[-74.735,10.767],[-74.621,10.739],[-74.578,10.742],[-74.578,10.766],[-74.498,10.815],[-74.495,10.879]]]}},{"type":"Feature","properties":{"mpio":"44874","nombre":"Villanueva","depto":"La Guajira"},"geometry":{"type":"Polygon","coordinates":[[[-72.947,10.734],[-72.83,10.779],[-72.775,10.767],[-72.716,10.729],[-72.706,10.698],[-72.663,10.672],[-72.65,10.642],[-72.572,10.601],[-72.596,10.57],[-72.663,10.597],[-72.675,10.619],[-72.727,10.634],[-72.726,10.645],[-72.746,10.652],[-72.766,10.643],[-72.866,10.654],[-72.88,10.672],[-72.934,10.654],[-72.982,10.655],[-72.947,10.734]]]}},{"type":"Feature","properties":{"mpio":"44110","nombre":"El Molino","depto":"La Guajira"},"geometry":{"type":"Polygon","coordinates":[[[-72.724,10.736],[-72.697,10.757],[-72.612,10.725],[-72.535,10.643],[-72.572,10.601],[-72.65,10.642],[-72.663,10.672],[-72.706,10.698],[-72.724,10.736]]]}},{"type":"Feature","properties":{"mpio":"47288","nombre":"Fundacion","depto":"Magdalena"},"geometry":{"type":"Polygon","coordinates":[[[-74.204,10.714],[-74.156,10.692],[-74.041,10.603],[-73.994,10.596],[-73.949,10.635],[-73.911,10.637],[-73.889,10.66],[-73.799,10.669],[-73.71,10.692],[-73.68,10.713],[-73.668,10.706],[-73.626,10.728],[-73.622,10.786],[-73.553,10.801],[-73.536,10.675],[-73.571,10.666],[-73.614,10.613],[-73.66,10.61],[-73.675,10.575],[-73.697,10.579],[-73.751,10.555],[-73.857,10.556],[-73.937,10.492],[-73.984,10.549],[-74.011,10.533],[-74.178,10.573],[-74.205,10.645],[-74.204,10.714]]]}},{"type":"Feature","properties":{"mpio":"13222","nombre":"Clemencia","depto":"Bolivar"},"geometry":{"type":"Polygon","coordinates":[[[-75.455,10.871],[-75.425,10.848],[-75.404,10.744],[-75.408,10.728],[-75.435,10.721],[-75.466,10.759],[-75.522,10.762],[-75.514,10.793],[-75.455,10.871]]]}},{"type":"Feature","properties":{"mpio":"08606","nombre":"Repelon","depto":"Atlantico"},"geometry":{"type":"Polygon","coordinates":[[[-75.172,10.833],[-75.14,10.748],[-75.14,10.712],[-75.194,10.639],[-75.219,10.634],[-75.276,10.646],[-75.297,10.679],[-75.404,10.744],[-75.426,10.821],[-75.314,10.799],[-75.3,10.773],[-75.289,10.779],[-75.292,10.802],[-75.257,10.82],[-75.222,10.808],[-75.225,10.841],[-75.172,10.833]]]}},{"type":"Feature","properties":{"mpio":"47675","nombre":"Salamina","depto":"Magdalena"},"geometry":{"type":"Polygon","coordinates":[[[-74.743,10.806],[-74.724,10.665],[-74.805,10.659],[-74.907,10.683],[-74.815,10.775],[-74.81,10.806],[-74.743,10.806]]]}},{"type":"Feature","properties":{"mpio":"08141","nombre":"Candelaria","depto":"Atlantico"},"geometry":{"type":"Polygon","coordinates":[[[-74.933,10.784],[-74.914,10.694],[-74.929,10.661],[-74.968,10.643],[-75.044,10.635],[-75.041,10.664],[-75.009,10.694],[-75.017,10.773],[-74.971,10.768],[-74.955,10.786],[-74.933,10.784]]]}},{"type":"Feature","properties":{"mpio":"44855","nombre":"Urumita","depto":"La Guajira"},"geometry":{"type":"Polygon","coordinates":[[[-72.982,10.655],[-72.934,10.654],[-72.88,10.672],[-72.866,10.654],[-72.766,10.643],[-72.746,10.652],[-72.726,10.645],[-72.727,10.634],[-72.675,10.619],[-72.663,10.597],[-72.596,10.57],[-72.626,10.528],[-72.841,10.537],[-72.892,10.541],[-72.891,10.595],[-72.986,10.601],[-72.986,10.616],[-73.011,10.622],[-73.02,10.599],[-73.065,10.598],[-72.982,10.655]]]}},{"type":"Feature","properties":{"mpio":"08436","nombre":"Manati","depto":"Atlantico"},"geometry":{"type":"Polygon","coordinates":[[[-75.017,10.773],[-75.012,10.683],[-75.034,10.676],[-75.044,10.635],[-75.057,10.634],[-75.068,10.614],[-75.111,10.619],[-75.157,10.591],[-75.219,10.634],[-75.194,10.639],[-75.14,10.712],[-75.14,10.748],[-75.099,10.749],[-75.079,10.769],[-75.017,10.773]]]}},{"type":"Feature","properties":{"mpio":"13683","nombre":"Santa Rosa","depto":"Bolivar"},"geometry":{"type":"Polygon","coordinates":[[[-75.519,10.76],[-75.458,10.754],[-75.444,10.728],[-75.447,10.691],[-75.457,10.664],[-75.518,10.627],[-75.552,10.621],[-75.571,10.63],[-75.579,10.664],[-75.537,10.715],[-75.519,10.76]]]}},{"type":"Feature","properties":{"mpio":"13873","nombre":"Villanueva","depto":"Bolivar"},"geometry":{"type":"Polygon","coordinates":[[[-75.444,10.72],[-75.408,10.728],[-75.404,10.744],[-75.375,10.732],[-75.317,10.689],[-75.32,10.66],[-75.428,10.589],[-75.476,10.616],[-75.492,10.646],[-75.457,10.664],[-75.444,10.72]]]}},{"type":"Feature","properties":{"mpio":"47258","nombre":"El Pi¥On","depto":"Magdalena"},"geometry":{"type":"Polygon","coordinates":[[[-74.909,10.677],[-74.842,10.674],[-74.805,10.659],[-74.728,10.667],[-74.71,10.659],[-74.671,10.573],[-74.626,10.558],[-74.589,10.495],[-74.555,10.47],[-74.545,10.436],[-74.598,10.419],[-74.69,10.45],[-74.701,10.465],[-74.727,10.46],[-74.783,10.501],[-74.821,10.548],[-74.944,10.604],[-74.909,10.677]]]}},{"type":"Feature","properties":{"mpio":"08137","nombre":"Campo De La Cruz","depto":"Atlantico"},"geometry":{"type":"Polygon","coordinates":[[[-74.919,10.683],[-74.909,10.677],[-74.913,10.654],[-74.963,10.572],[-75.03,10.555],[-75.066,10.624],[-75.057,10.634],[-74.968,10.643],[-74.929,10.661],[-74.919,10.683]]]}},{"type":"Feature","properties":{"mpio":"20621","nombre":"La Paz","depto":"Cesar"},"geometry":{"type":"Polygon","coordinates":[[[-73.07,10.578],[-73.04,10.567],[-73.031,10.508],[-73.014,10.517],[-72.914,10.498],[-72.904,10.475],[-72.873,10.483],[-72.864,10.474],[-72.865,10.445],[-72.715,10.415],[-72.758,10.367],[-72.772,10.324],[-72.975,10.192],[-73.016,10.19],[-73.038,10.167],[-73.087,10.159],[-73.211,10.168],[-73.277,10.157],[-73.301,10.123],[-73.365,10.092],[-73.383,10.008],[-73.45,9.971],[-73.571,9.872],[-73.562,9.953],[-73.475,10.103],[-73.429,10.153],[-73.322,10.227],[-73.16,10.285],[-73.145,10.301],[-73.043,10.305],[-73.042,10.38],[-73.007,10.379],[-73.007,10.48],[-73.105,10.486],[-73.06,10.55],[-73.07,10.578]]]}},{"type":"Feature","properties":{"mpio":"13647","nombre":"San Estanislao","depto":"Bolivar"},"geometry":{"type":"Polygon","coordinates":[[[-75.317,10.689],[-75.287,10.668],[-75.255,10.622],[-75.257,10.608],[-75.308,10.525],[-75.372,10.496],[-75.398,10.508],[-75.428,10.589],[-75.32,10.66],[-75.317,10.689]]]}},{"type":"Feature","properties":{"mpio":"20443","nombre":"Manaure","depto":"Cesar"},"geometry":{"type":"Polygon","coordinates":[[[-73.014,10.517],[-72.933,10.548],[-72.875,10.538],[-72.787,10.501],[-72.637,10.514],[-72.658,10.475],[-72.715,10.415],[-72.865,10.445],[-72.873,10.483],[-72.904,10.475],[-72.914,10.498],[-73.014,10.517]]]}},{"type":"Feature","properties":{"mpio":"13760","nombre":"Soplaviento","depto":"Bolivar"},"geometry":{"type":"Polygon","coordinates":[[[-75.268,10.642],[-75.247,10.64],[-75.247,10.573],[-75.177,10.561],[-75.18,10.534],[-75.216,10.521],[-75.208,10.506],[-75.308,10.525],[-75.257,10.608],[-75.268,10.642]]]}},{"type":"Feature","properties":{"mpio":"13620","nombre":"San Cristobal","depto":"Bolivar"},"geometry":{"type":"Polygon","coordinates":[[[-75.247,10.64],[-75.174,10.602],[-75.16,10.58],[-75.17,10.564],[-75.247,10.573],[-75.247,10.64]]]}},{"type":"Feature","properties":{"mpio":"13836","nombre":"Turbaco","depto":"Bolivar"},"geometry":{"type":"Polygon","coordinates":[[[-75.492,10.646],[-75.476,10.616],[-75.428,10.589],[-75.421,10.554],[-75.513,10.532],[-75.526,10.508],[-75.569,10.513],[-75.584,10.533],[-75.613,10.535],[-75.624,10.575],[-75.615,10.616],[-75.575,10.637],[-75.552,10.621],[-75.518,10.627],[-75.492,10.646]]]}},{"type":"Feature","properties":{"mpio":"20238","nombre":"El Copey","depto":"Cesar"},"geometry":{"type":"Polygon","coordinates":[[[-73.738,10.561],[-73.698,10.51],[-73.674,10.498],[-73.768,10.417],[-73.763,10.352],[-73.72,10.311],[-73.729,10.289],[-73.756,10.272],[-73.758,10.255],[-73.828,10.214],[-73.929,10.21],[-73.985,10.191],[-73.987,10.179],[-74.04,10.165],[-74.052,10.174],[-74.093,10.25],[-74.073,10.32],[-74.045,10.355],[-74.038,10.384],[-74.017,10.385],[-73.999,10.419],[-73.975,10.43],[-73.917,10.518],[-73.857,10.556],[-73.738,10.561]]]}},{"type":"Feature","properties":{"mpio":"08675","nombre":"Santa Lucia","depto":"Atlantico"},"geometry":{"type":"Polygon","coordinates":[[[-75.068,10.614],[-75.028,10.555],[-75.048,10.506],[-75.144,10.592],[-75.111,10.619],[-75.068,10.614]]]}},{"type":"Feature","properties":{"mpio":"47161","nombre":"Cerro San Antonio","depto":"Magdalena"},"geometry":{"type":"Polygon","coordinates":[[[-74.944,10.604],[-74.821,10.548],[-74.767,10.496],[-74.777,10.478],[-74.804,10.467],[-74.823,10.488],[-74.839,10.482],[-74.883,10.504],[-74.921,10.508],[-74.941,10.474],[-74.962,10.465],[-74.965,10.443],[-74.906,10.46],[-74.887,10.446],[-74.921,10.454],[-74.943,10.435],[-74.981,10.439],[-74.989,10.465],[-75.01,10.472],[-74.984,10.542],[-74.944,10.604]]]}},{"type":"Feature","properties":{"mpio":"13140","nombre":"Calamar","depto":"Bolivar"},"geometry":{"type":"Polygon","coordinates":[[[-75.168,10.596],[-75.144,10.592],[-75.098,10.558],[-75.055,10.507],[-75.004,10.485],[-75.053,10.342],[-75.068,10.33],[-75.148,10.319],[-75.2,10.333],[-75.199,10.349],[-75.152,10.363],[-75.106,10.4],[-75.079,10.381],[-75.082,10.423],[-75.065,10.422],[-75.072,10.464],[-75.087,10.463],[-75.108,10.506],[-75.125,10.501],[-75.126,10.484],[-75.144,10.496],[-75.174,10.479],[-75.208,10.506],[-75.216,10.521],[-75.18,10.534],[-75.177,10.561],[-75.16,10.58],[-75.168,10.596]]]}},{"type":"Feature","properties":{"mpio":"20750","nombre":"San Diego","depto":"Cesar"},"geometry":{"type":"Polygon","coordinates":[[[-73.105,10.486],[-73.007,10.48],[-73.007,10.379],[-73.042,10.38],[-73.043,10.305],[-73.145,10.301],[-73.16,10.285],[-73.322,10.227],[-73.16,10.367],[-73.105,10.486]]]}},{"type":"Feature","properties":{"mpio":"08770","nombre":"Suan","depto":"Atlantico"},"geometry":{"type":"Polygon","coordinates":[[[-74.969,10.57],[-75.004,10.485],[-75.048,10.506],[-75.028,10.555],[-74.969,10.57]]]}},{"type":"Feature","properties":{"mpio":"13052","nombre":"Arjona","depto":"Bolivar"},"geometry":{"type":"Polygon","coordinates":[[[-75.526,10.508],[-75.513,10.532],[-75.421,10.554],[-75.398,10.508],[-75.372,10.496],[-75.412,10.463],[-75.391,10.433],[-75.399,10.377],[-75.381,10.345],[-75.406,10.315],[-75.503,10.309],[-75.568,10.252],[-75.644,10.234],[-75.653,10.264],[-75.7,10.292],[-75.679,10.37],[-75.64,10.374],[-75.587,10.408],[-75.531,10.425],[-75.526,10.508]]]}},{"type":"Feature","properties":{"mpio":"13433","nombre":"Mahates","depto":"Bolivar"},"geometry":{"type":"Polygon","coordinates":[[[-75.308,10.525],[-75.204,10.504],[-75.218,10.478],[-75.25,10.482],[-75.254,10.468],[-75.22,10.403],[-75.229,10.351],[-75.199,10.349],[-75.2,10.333],[-75.255,10.318],[-75.316,10.267],[-75.362,10.266],[-75.366,10.289],[-75.408,10.294],[-75.411,10.319],[-75.381,10.345],[-75.399,10.377],[-75.391,10.433],[-75.412,10.463],[-75.366,10.502],[-75.308,10.525]]]}},{"type":"Feature","properties":{"mpio":"13838","nombre":"Turbana","depto":"Bolivar"},"geometry":{"type":"Polygon","coordinates":[[[-75.652,10.535],[-75.584,10.533],[-75.569,10.513],[-75.526,10.508],[-75.525,10.439],[-75.531,10.425],[-75.587,10.408],[-75.64,10.374],[-75.679,10.37],[-75.669,10.453],[-75.648,10.489],[-75.652,10.535]]]}},{"type":"Feature","properties":{"mpio":"47541","nombre":"Pedraza","depto":"Magdalena"},"geometry":{"type":"Polygon","coordinates":[[[-74.887,10.446],[-74.823,10.406],[-74.775,10.422],[-74.768,10.444],[-74.745,10.43],[-74.794,10.385],[-74.814,10.305],[-74.849,10.318],[-74.906,10.282],[-74.959,10.33],[-75.011,10.331],[-75.043,10.348],[-75.034,10.416],[-75.01,10.472],[-74.989,10.465],[-74.977,10.437],[-74.943,10.435],[-74.921,10.454],[-74.887,10.446]]]}},{"type":"Feature","properties":{"mpio":"47170","nombre":"Chivolo","depto":"Magdalena"},"geometry":{"type":"Polygon","coordinates":[[[-74.545,10.436],[-74.513,10.4],[-74.535,10.385],[-74.474,10.306],[-74.451,10.251],[-74.459,10.197],[-74.514,10.217],[-74.603,10.217],[-74.605,10.15],[-74.668,10.202],[-74.732,10.231],[-74.729,10.256],[-74.71,10.261],[-74.7,10.285],[-74.691,10.358],[-74.672,10.359],[-74.666,10.381],[-74.641,10.39],[-74.636,10.432],[-74.598,10.419],[-74.545,10.436]]]}},{"type":"Feature","properties":{"mpio":"20013","nombre":"Agustin Codazzi","depto":"Cesar"},"geometry":{"type":"Polygon","coordinates":[[[-72.841,10.077],[-72.962,10.026],[-72.987,9.984],[-73.019,9.967],[-73.352,9.902],[-73.586,9.798],[-73.571,9.872],[-73.45,9.971],[-73.383,10.008],[-73.365,10.092],[-73.301,10.123],[-73.277,10.157],[-73.211,10.168],[-73.121,10.156],[-73.038,10.167],[-73.016,10.19],[-72.961,10.199],[-72.775,10.321],[-72.762,10.238],[-72.841,10.077]]]}},{"type":"Feature","properties":{"mpio":"13248","nombre":"El Guamo","depto":"Bolivar"},"geometry":{"type":"Polygon","coordinates":[[[-75.046,10.371],[-75.03,10.338],[-74.945,10.322],[-74.871,10.244],[-74.87,10.217],[-74.939,10.178],[-74.971,10.143],[-75.006,10.182],[-75.084,10.177],[-75.175,10.258],[-75.148,10.319],[-75.058,10.334],[-75.046,10.371]]]}},{"type":"Feature","properties":{"mpio":"70713","nombre":"San Onofre","depto":"Sucre"},"geometry":{"type":"Polygon","coordinates":[[[-75.756,10.338],[-75.731,10.34],[-75.702,10.37],[-75.679,10.37],[-75.7,10.292],[-75.648,10.253],[-75.636,10.182],[-75.645,10.124],[-75.597,10.133],[-75.491,10.104],[-75.484,10.093],[-75.486,10.007],[-75.543,9.905],[-75.53,9.86],[-75.597,9.864],[-75.642,9.899],[-75.71,9.88],[-75.762,9.882],[-75.797,9.932],[-75.852,9.954],[-75.897,9.957],[-75.863,9.974],[-75.819,10.037],[-75.816,10.098],[-75.767,10.207],[-75.716,10.241],[-75.71,10.262],[-75.729,10.29],[-75.723,10.306],[-75.769,10.324],[-75.756,10.338]]]}},{"type":"Feature","properties":{"mpio":"13657","nombre":"San Juan Nepomuceno","depto":"Bolivar"},"geometry":{"type":"Polygon","coordinates":[[[-75.2,10.333],[-75.148,10.319],[-75.175,10.258],[-75.123,10.209],[-75.084,10.177],[-75.006,10.182],[-74.971,10.143],[-74.978,10.128],[-74.962,10.079],[-74.933,10.044],[-74.945,10.055],[-75.206,10.093],[-75.229,10.122],[-75.383,10.132],[-75.354,10.264],[-75.316,10.267],[-75.255,10.318],[-75.2,10.333]]]}},{"type":"Feature","properties":{"mpio":"13442","nombre":"Maria La Baja","depto":"Bolivar"},"geometry":{"type":"Polygon","coordinates":[[[-75.406,10.315],[-75.408,10.294],[-75.366,10.289],[-75.369,10.273],[-75.354,10.264],[-75.383,10.132],[-75.491,10.104],[-75.597,10.133],[-75.645,10.124],[-75.636,10.182],[-75.644,10.234],[-75.568,10.252],[-75.503,10.309],[-75.406,10.315]]]}},{"type":"Feature","properties":{"mpio":"20060","nombre":"Bosconia","depto":"Cesar"},"geometry":{"type":"Polygon","coordinates":[[[-73.762,10.191],[-73.687,10.04],[-73.69,10.005],[-73.827,9.945],[-73.884,9.99],[-73.923,10.054],[-73.993,10.106],[-74.003,10.132],[-74.04,10.165],[-73.929,10.21],[-73.798,10.225],[-73.799,10.196],[-73.762,10.191]]]}},{"type":"Feature","properties":{"mpio":"47798","nombre":"Tenerife","depto":"Magdalena"},"geometry":{"type":"Polygon","coordinates":[[[-74.871,10.242],[-74.857,10.227],[-74.835,10.238],[-74.813,10.22],[-74.773,10.232],[-74.721,10.228],[-74.668,10.202],[-74.597,10.135],[-74.615,10.08],[-74.667,10.075],[-74.688,10.085],[-74.704,10.071],[-74.799,10.052],[-74.799,10.035],[-74.834,10.032],[-74.857,10.014],[-74.919,10.004],[-74.978,10.128],[-74.939,10.178],[-74.87,10.217],[-74.871,10.242]]]}},{"type":"Feature","properties":{"mpio":"47555","nombre":"Plato","depto":"Magdalena"},"geometry":{"type":"Polygon","coordinates":[[[-74.597,10.135],[-74.603,10.217],[-74.514,10.217],[-74.411,10.183],[-74.351,10.129],[-74.382,10.113],[-74.431,10.151],[-74.435,10.091],[-74.507,10.039],[-74.475,10.017],[-74.453,9.973],[-74.474,9.837],[-74.518,9.813],[-74.514,9.794],[-74.537,9.787],[-74.566,9.735],[-74.581,9.8],[-74.651,9.872],[-74.747,9.832],[-74.723,9.824],[-74.715,9.807],[-74.726,9.779],[-74.786,9.755],[-74.816,9.763],[-74.859,9.725],[-74.884,9.726],[-74.882,9.762],[-74.861,9.779],[-74.848,9.811],[-74.926,9.906],[-74.901,9.967],[-74.919,10.004],[-74.857,10.014],[-74.834,10.032],[-74.799,10.035],[-74.799,10.052],[-74.704,10.071],[-74.688,10.085],[-74.667,10.075],[-74.615,10.08],[-74.597,10.135]]]}},{"type":"Feature","properties":{"mpio":"47058","nombre":"Ariguaini","depto":"Magdalena"},"geometry":{"type":"Polygon","coordinates":[[[-74.04,10.165],[-74.003,10.132],[-73.993,10.106],[-73.923,10.054],[-73.884,9.99],[-73.814,9.934],[-73.82,9.894],[-73.81,9.875],[-73.841,9.865],[-73.951,9.889],[-74.065,9.892],[-74.097,9.877],[-74.129,9.827],[-74.183,9.772],[-74.206,9.765],[-74.17,9.823],[-74.171,9.859],[-74.212,9.924],[-74.273,9.96],[-74.28,10.045],[-74.256,10.163],[-74.222,10.175],[-74.17,10.17],[-74.131,10.138],[-74.064,10.169],[-74.04,10.165]]]}},{"type":"Feature","properties":{"mpio":"20045","nombre":"Becerril","depto":"Cesar"},"geometry":{"type":"Polygon","coordinates":[[[-73.586,9.798],[-73.352,9.902],[-73.019,9.967],[-72.987,9.984],[-72.962,10.026],[-72.841,10.077],[-72.86,9.972],[-72.825,9.934],[-72.8,9.93],[-72.811,9.898],[-72.852,9.859],[-72.873,9.856],[-72.92,9.757],[-72.996,9.726],[-73.087,9.718],[-73.148,9.698],[-73.273,9.721],[-73.291,9.75],[-73.345,9.78],[-73.365,9.808],[-73.413,9.803],[-73.471,9.778],[-73.563,9.784],[-73.586,9.798]]]}},{"type":"Feature","properties":{"mpio":"13654","nombre":"San Jacinto","depto":"Bolivar"},"geometry":{"type":"Polygon","coordinates":[[[-75.383,10.132],[-75.245,10.125],[-75.206,10.093],[-75.043,10.07],[-75.063,9.963],[-75.129,9.982],[-75.191,9.973],[-75.374,10.01],[-75.387,10.038],[-75.376,10.069],[-75.436,10.121],[-75.383,10.132]]]}},{"type":"Feature","properties":{"mpio":"13244","nombre":"El Carmen De Bolivar","depto":"Bolivar"},"geometry":{"type":"Polygon","coordinates":[[[-75.436,10.121],[-75.376,10.069],[-75.387,10.038],[-75.374,10.01],[-75.191,9.973],[-75.129,9.982],[-75.063,9.963],[-75.072,9.926],[-75.054,9.869],[-75.071,9.807],[-75.117,9.746],[-75.148,9.77],[-75.236,9.799],[-75.322,9.888],[-75.384,9.909],[-75.461,9.914],[-75.511,9.901],[-75.506,9.865],[-75.526,9.854],[-75.543,9.905],[-75.486,10.007],[-75.482,10.078],[-75.491,10.104],[-75.436,10.121]]]}},{"type":"Feature","properties":{"mpio":"20250","nombre":"El Paso","depto":"Cesar"},"geometry":{"type":"Polygon","coordinates":[[[-73.562,9.953],[-73.568,9.849],[-73.585,9.794],[-73.471,9.778],[-73.396,9.806],[-73.388,9.731],[-73.457,9.729],[-73.471,9.707],[-73.512,9.689],[-73.582,9.693],[-73.616,9.643],[-73.725,9.621],[-73.755,9.663],[-73.771,9.727],[-73.756,9.736],[-73.759,9.772],[-73.82,9.894],[-73.814,9.934],[-73.827,9.945],[-73.699,10.003],[-73.691,9.974],[-73.622,9.978],[-73.562,9.953]]]}},{"type":"Feature","properties":{"mpio":"13894","nombre":"Zambrano","depto":"Bolivar"},"geometry":{"type":"Polygon","coordinates":[[[-75.042,10.066],[-74.945,10.055],[-74.933,10.044],[-74.9,9.977],[-74.926,9.906],[-74.903,9.873],[-74.949,9.876],[-74.982,9.854],[-75.054,9.869],[-75.072,9.926],[-75.048,10.01],[-75.056,10.042],[-75.042,10.066]]]}},{"type":"Feature","properties":{"mpio":"47707","nombre":"Santa Ana","depto":"Magdalena"},"geometry":{"type":"Polygon","coordinates":[[[-73.81,9.875],[-73.776,9.819],[-73.792,9.809],[-73.923,9.799],[-73.957,9.81],[-73.965,9.843],[-73.982,9.859],[-74.002,9.854],[-73.999,9.833],[-74.017,9.805],[-74.097,9.783],[-74.213,9.682],[-74.392,9.63],[-74.469,9.584],[-74.564,9.568],[-74.584,9.55],[-74.583,9.523],[-74.616,9.475],[-74.673,9.514],[-74.691,9.559],[-74.719,9.574],[-74.707,9.59],[-74.684,9.59],[-74.645,9.633],[-74.649,9.661],[-74.625,9.689],[-74.605,9.685],[-74.597,9.697],[-74.607,9.71],[-74.586,9.709],[-74.537,9.787],[-74.514,9.794],[-74.459,9.776],[-74.383,9.779],[-74.279,9.754],[-74.217,9.756],[-74.183,9.772],[-74.097,9.877],[-74.065,9.892],[-73.951,9.889],[-73.841,9.865],[-73.81,9.875]]]}},{"type":"Feature","properties":{"mpio":"47545","nombre":"Piji¥O Del Carmen","depto":"Magdalena"},"geometry":{"type":"Polygon","coordinates":[[[-73.776,9.819],[-73.759,9.772],[-73.764,9.728],[-74.031,9.752],[-74.148,9.647],[-74.232,9.625],[-74.308,9.539],[-74.352,9.508],[-74.427,9.502],[-74.469,9.511],[-74.574,9.42],[-74.616,9.475],[-74.583,9.523],[-74.584,9.55],[-74.564,9.568],[-74.469,9.584],[-74.392,9.63],[-74.213,9.682],[-74.097,9.783],[-74.017,9.805],[-73.999,9.833],[-74.002,9.854],[-73.982,9.859],[-73.965,9.843],[-73.957,9.81],[-73.923,9.799],[-73.814,9.8],[-73.776,9.819]]]}},{"type":"Feature","properties":{"mpio":"70508","nombre":"Ovejas","depto":"Sucre"},"geometry":{"type":"Polygon","coordinates":[[[-75.498,9.906],[-75.384,9.909],[-75.322,9.888],[-75.236,9.799],[-75.148,9.77],[-75.109,9.739],[-75.198,9.64],[-75.242,9.687],[-75.273,9.699],[-75.419,9.722],[-75.412,9.75],[-75.426,9.816],[-75.463,9.847],[-75.477,9.896],[-75.498,9.906]]]}},{"type":"Feature","properties":{"mpio":"20400","nombre":"La Jagua De Ibirico","depto":"Cesar"},"geometry":{"type":"Polygon","coordinates":[[[-73.396,9.806],[-73.365,9.808],[-73.345,9.78],[-73.291,9.75],[-73.273,9.721],[-73.211,9.703],[-73.148,9.698],[-73.087,9.718],[-73.02,9.721],[-72.925,9.757],[-72.99,9.647],[-73.041,9.631],[-73.069,9.581],[-73.102,9.552],[-73.236,9.577],[-73.297,9.568],[-73.398,9.613],[-73.48,9.63],[-73.466,9.667],[-73.387,9.725],[-73.396,9.806]]]}},{"type":"Feature","properties":{"mpio":"70230","nombre":"Chalan","depto":"Sucre"},"geometry":{"type":"Polygon","coordinates":[[[-75.526,9.854],[-75.506,9.865],[-75.511,9.901],[-75.477,9.896],[-75.47,9.856],[-75.431,9.826],[-75.415,9.78],[-75.413,9.74],[-75.427,9.714],[-75.499,9.802],[-75.492,9.837],[-75.526,9.854]]]}},{"type":"Feature","properties":{"mpio":"13212","nombre":"Cordoba","depto":"Bolivar"},"geometry":{"type":"Polygon","coordinates":[[[-75.054,9.869],[-74.982,9.854],[-74.949,9.876],[-74.903,9.873],[-74.848,9.811],[-74.885,9.751],[-74.886,9.641],[-74.995,9.619],[-75.018,9.622],[-75.059,9.658],[-75.117,9.746],[-75.071,9.807],[-75.054,9.869]]]}},{"type":"Feature","properties":{"mpio":"70823","nombre":"Toluviejo","depto":"Sucre"},"geometry":{"type":"Polygon","coordinates":[[[-75.617,9.872],[-75.558,9.858],[-75.531,9.789],[-75.549,9.672],[-75.538,9.638],[-75.556,9.612],[-75.647,9.626],[-75.676,9.651],[-75.675,9.701],[-75.635,9.781],[-75.605,9.811],[-75.608,9.848],[-75.628,9.854],[-75.617,9.872]]]}},{"type":"Feature","properties":{"mpio":"70204","nombre":"Coloso","depto":"Sucre"},"geometry":{"type":"Polygon","coordinates":[[[-75.558,9.858],[-75.53,9.86],[-75.492,9.837],[-75.499,9.802],[-75.44,9.717],[-75.466,9.685],[-75.538,9.638],[-75.549,9.672],[-75.529,9.777],[-75.558,9.858]]]}},{"type":"Feature","properties":{"mpio":"20178","nombre":"Chiriguana","depto":"Cesar"},"geometry":{"type":"Polygon","coordinates":[[[-73.388,9.731],[-73.399,9.709],[-73.466,9.667],[-73.48,9.63],[-73.398,9.613],[-73.297,9.568],[-73.236,9.577],[-73.129,9.562],[-73.098,9.549],[-73.098,9.528],[-73.153,9.488],[-73.19,9.424],[-73.337,9.515],[-73.382,9.507],[-73.436,9.444],[-73.482,9.424],[-73.488,9.4],[-73.597,9.382],[-73.635,9.359],[-73.622,9.446],[-73.631,9.501],[-73.665,9.534],[-73.704,9.539],[-73.725,9.621],[-73.616,9.643],[-73.582,9.693],[-73.512,9.689],[-73.471,9.707],[-73.457,9.729],[-73.388,9.731]]]}},{"type":"Feature","properties":{"mpio":"20032","nombre":"Astrea","depto":"Cesar"},"geometry":{"type":"Polygon","coordinates":[[[-73.755,9.663],[-73.815,9.611],[-73.898,9.606],[-73.951,9.499],[-73.971,9.494],[-74.068,9.6],[-74.147,9.651],[-74.031,9.752],[-73.771,9.727],[-73.755,9.663]]]}},{"type":"Feature","properties":{"mpio":"70717","nombre":"San Pedro","depto":"Sucre"},"geometry":{"type":"Polygon","coordinates":[[[-75.109,9.739],[-75.048,9.647],[-75.06,9.575],[-75.096,9.563],[-75.102,9.54],[-75.18,9.558],[-75.213,9.543],[-75.203,9.586],[-75.22,9.629],[-75.214,9.643],[-75.205,9.655],[-75.191,9.64],[-75.109,9.739]]]}},{"type":"Feature","properties":{"mpio":"20175","nombre":"Chimichagua","depto":"Cesar"},"geometry":{"type":"Polygon","coordinates":[[[-73.725,9.621],[-73.704,9.539],[-73.665,9.534],[-73.631,9.501],[-73.622,9.446],[-73.638,9.37],[-73.628,9.321],[-73.585,9.247],[-73.587,9.206],[-73.531,9.206],[-73.503,9.186],[-73.456,9.197],[-73.412,9.184],[-73.381,9.215],[-73.333,9.225],[-73.362,9.043],[-73.403,9.06],[-73.464,9.11],[-73.471,9.136],[-73.503,9.165],[-73.558,9.146],[-73.636,9.155],[-73.735,9.197],[-73.788,9.192],[-73.846,9.26],[-73.871,9.331],[-73.957,9.351],[-73.933,9.414],[-73.971,9.494],[-73.951,9.499],[-73.913,9.59],[-73.884,9.613],[-73.815,9.611],[-73.755,9.663],[-73.725,9.621]]]}},{"type":"Feature","properties":{"mpio":"70418","nombre":"Los Palmitos","depto":"Sucre"},"geometry":{"type":"Polygon","coordinates":[[[-75.44,9.717],[-75.403,9.722],[-75.273,9.699],[-75.205,9.655],[-75.233,9.607],[-75.284,9.613],[-75.366,9.559],[-75.388,9.569],[-75.403,9.612],[-75.39,9.636],[-75.431,9.672],[-75.44,9.717]]]}},{"type":"Feature","properties":{"mpio":"70473","nombre":"Morroa","depto":"Sucre"},"geometry":{"type":"Polygon","coordinates":[[[-75.441,9.713],[-75.427,9.693],[-75.431,9.672],[-75.39,9.636],[-75.403,9.612],[-75.385,9.578],[-75.426,9.543],[-75.475,9.529],[-75.508,9.546],[-75.498,9.589],[-75.538,9.638],[-75.441,9.713]]]}},{"type":"Feature","properties":{"mpio":"47692","nombre":"San Sebastian De Buenavista","depto":"Magdalena"},"geometry":{"type":"Polygon","coordinates":[[[-74.199,9.638],[-74.147,9.651],[-74.068,9.6],[-74.018,9.542],[-74.105,9.498],[-74.217,9.48],[-74.219,9.441],[-74.258,9.425],[-74.295,9.363],[-74.333,9.365],[-74.381,9.389],[-74.449,9.373],[-74.457,9.381],[-74.419,9.414],[-74.272,9.496],[-74.199,9.604],[-74.199,9.638]]]}},{"type":"Feature","properties":{"mpio":"47703","nombre":"San Zenon","depto":"Magdalena"},"geometry":{"type":"Polygon","coordinates":[[[-74.574,9.42],[-74.469,9.511],[-74.427,9.502],[-74.352,9.508],[-74.289,9.558],[-74.245,9.614],[-74.199,9.638],[-74.199,9.604],[-74.29,9.481],[-74.457,9.388],[-74.489,9.429],[-74.552,9.41],[-74.574,9.42]]]}},{"type":"Feature","properties":{"mpio":"13430","nombre":"Magangue","depto":"Bolivar"},"geometry":{"type":"Polygon","coordinates":[[[-74.886,9.641],[-74.792,9.606],[-74.731,9.497],[-74.732,9.479],[-74.794,9.433],[-74.796,9.393],[-74.779,9.369],[-74.772,9.302],[-74.68,9.202],[-74.609,9.179],[-74.522,9.102],[-74.487,9.037],[-74.49,9.012],[-74.513,8.989],[-74.62,8.969],[-74.647,9.046],[-74.728,9.157],[-74.775,9.192],[-74.869,9.227],[-74.919,9.272],[-74.926,9.304],[-74.986,9.38],[-75.012,9.453],[-75.018,9.622],[-74.886,9.641]]]}},{"type":"Feature","properties":{"mpio":"70110","nombre":"Buenavista","depto":"Sucre"},"geometry":{"type":"Polygon","coordinates":[[[-75.048,9.647],[-75.018,9.622],[-75.021,9.541],[-75.002,9.419],[-75.056,9.454],[-75.102,9.54],[-75.096,9.563],[-75.06,9.575],[-75.048,9.647]]]}},{"type":"Feature","properties":{"mpio":"23672","nombre":"San Antero","depto":"Cordoba"},"geometry":{"type":"Polygon","coordinates":[[[-75.891,9.646],[-75.869,9.594],[-75.887,9.571],[-75.863,9.573],[-75.846,9.537],[-75.89,9.54],[-75.905,9.528],[-75.911,9.539],[-75.935,9.538],[-75.96,9.517],[-76.029,9.547],[-76.045,9.57],[-76.035,9.595],[-76.074,9.67],[-76.033,9.674],[-75.99,9.657],[-75.891,9.646]]]}},{"type":"Feature","properties":{"mpio":"23675","nombre":"San Bernardo Del Viento","depto":"Cordoba"},"geometry":{"type":"Polygon","coordinates":[[[-76.074,9.67],[-76.035,9.586],[-76.045,9.57],[-76.091,9.561],[-76.136,9.503],[-76.196,9.466],[-76.228,9.466],[-76.239,9.527],[-76.287,9.538],[-76.333,9.585],[-76.205,9.633],[-76.174,9.662],[-76.074,9.67]]]}},{"type":"Feature","properties":{"mpio":"70001","nombre":"Sincelejo","depto":"Sucre"},"geometry":{"type":"Polygon","coordinates":[[[-75.69,9.654],[-75.647,9.626],[-75.556,9.612],[-75.538,9.638],[-75.498,9.589],[-75.508,9.546],[-75.471,9.521],[-75.482,9.432],[-75.514,9.467],[-75.666,9.464],[-75.657,9.566],[-75.699,9.635],[-75.69,9.654]]]}},{"type":"Feature","properties":{"mpio":"13780","nombre":"Talaigua Nuevo","depto":"Bolivar"},"geometry":{"type":"Polygon","coordinates":[[[-74.745,9.604],[-74.691,9.559],[-74.673,9.514],[-74.616,9.475],[-74.623,9.459],[-74.664,9.451],[-74.721,9.411],[-74.728,9.428],[-74.693,9.447],[-74.682,9.469],[-74.732,9.479],[-74.74,9.519],[-74.758,9.532],[-74.792,9.606],[-74.818,9.615],[-74.745,9.604]]]}},{"type":"Feature","properties":{"mpio":"70742","nombre":"Since","depto":"Sucre"},"geometry":{"type":"Polygon","coordinates":[[[-75.22,9.629],[-75.203,9.586],[-75.213,9.543],[-75.18,9.558],[-75.102,9.54],[-75.056,9.454],[-74.998,9.408],[-75.084,9.406],[-75.118,9.422],[-75.139,9.399],[-75.165,9.4],[-75.186,9.364],[-75.162,9.309],[-75.221,9.331],[-75.237,9.384],[-75.281,9.4],[-75.296,9.419],[-75.239,9.493],[-75.233,9.528],[-75.246,9.598],[-75.22,9.629]]]}},{"type":"Feature","properties":{"mpio":"70523","nombre":"Palmito","depto":"Sucre"},"geometry":{"type":"Polygon","coordinates":[[[-75.699,9.635],[-75.657,9.566],[-75.669,9.462],[-75.695,9.466],[-75.715,9.493],[-75.797,9.542],[-75.834,9.536],[-75.842,9.553],[-75.864,9.557],[-75.833,9.611],[-75.789,9.645],[-75.699,9.635]]]}},{"type":"Feature","properties":{"mpio":"70702","nombre":"San Juan De Betulia","depto":"Sucre"},"geometry":{"type":"Polygon","coordinates":[[[-75.243,9.602],[-75.233,9.528],[-75.247,9.479],[-75.296,9.419],[-75.376,9.408],[-75.386,9.417],[-75.398,9.509],[-75.373,9.531],[-75.365,9.561],[-75.284,9.613],[-75.243,9.602]]]}},{"type":"Feature","properties":{"mpio":"20228","nombre":"Curumani","depto":"Cesar"},"geometry":{"type":"Polygon","coordinates":[[[-73.635,9.359],[-73.597,9.382],[-73.488,9.4],[-73.482,9.424],[-73.436,9.444],[-73.382,9.507],[-73.337,9.515],[-73.19,9.424],[-73.277,9.257],[-73.333,9.245],[-73.333,9.225],[-73.381,9.215],[-73.412,9.184],[-73.456,9.197],[-73.503,9.186],[-73.531,9.206],[-73.587,9.206],[-73.585,9.247],[-73.628,9.321],[-73.635,9.359]]]}},{"type":"Feature","properties":{"mpio":"47318","nombre":"Guamal","depto":"Magdalena"},"geometry":{"type":"Polygon","coordinates":[[[-74.018,9.542],[-73.971,9.494],[-74.023,9.461],[-74.05,9.384],[-74.087,9.343],[-74.094,9.283],[-74.109,9.267],[-74.202,9.24],[-74.268,9.311],[-74.34,9.33],[-74.322,9.339],[-74.333,9.365],[-74.295,9.363],[-74.258,9.425],[-74.219,9.441],[-74.217,9.48],[-74.105,9.498],[-74.018,9.542]]]}},{"type":"Feature","properties":{"mpio":"70215","nombre":"Corozal","depto":"Sucre"},"geometry":{"type":"Polygon","coordinates":[[[-75.366,9.559],[-75.373,9.531],[-75.398,9.509],[-75.386,9.417],[-75.365,9.407],[-75.296,9.419],[-75.272,9.397],[-75.28,9.375],[-75.247,9.333],[-75.267,9.295],[-75.281,9.293],[-75.28,9.312],[-75.306,9.324],[-75.357,9.334],[-75.381,9.369],[-75.409,9.375],[-75.437,9.412],[-75.46,9.418],[-75.469,9.401],[-75.482,9.413],[-75.475,9.529],[-75.426,9.543],[-75.402,9.568],[-75.366,9.559]]]}},{"type":"Feature","properties":{"mpio":"47245","nombre":"El Banco","depto":"Magdalena"},"geometry":{"type":"Polygon","coordinates":[[[-73.971,9.494],[-73.933,9.414],[-73.957,9.351],[-73.871,9.331],[-73.846,9.26],[-73.782,9.185],[-73.789,9.158],[-73.818,9.138],[-73.838,9.103],[-73.873,9.118],[-73.997,9.133],[-73.994,9.143],[-74.033,9.176],[-74.081,9.161],[-74.143,9.173],[-74.138,9.196],[-74.202,9.24],[-74.109,9.267],[-74.094,9.283],[-74.087,9.343],[-74.05,9.384],[-74.023,9.461],[-73.971,9.494]]]}},{"type":"Feature","properties":{"mpio":"23500","nombre":"Mo¥Itos","depto":"Cordoba"},"geometry":{"type":"Polygon","coordinates":[[[-76.333,9.585],[-76.287,9.538],[-76.239,9.527],[-76.228,9.466],[-76.282,9.444],[-76.28,9.407],[-76.328,9.401],[-76.33,9.368],[-76.352,9.342],[-76.456,9.368],[-76.431,9.418],[-76.432,9.477],[-76.367,9.525],[-76.366,9.56],[-76.333,9.585]]]}},{"type":"Feature","properties":{"mpio":"23417","nombre":"Lorica","depto":"Cordoba"},"geometry":{"type":"Polygon","coordinates":[[[-76.045,9.57],[-76.029,9.547],[-75.955,9.517],[-75.942,9.464],[-75.948,9.429],[-75.878,9.424],[-75.868,9.396],[-75.883,9.372],[-75.96,9.381],[-75.953,9.356],[-75.969,9.328],[-76.037,9.339],[-76.04,9.293],[-76.071,9.274],[-76.115,9.285],[-76.189,9.278],[-76.332,9.306],[-76.352,9.342],[-76.33,9.368],[-76.328,9.401],[-76.28,9.407],[-76.282,9.444],[-76.24,9.466],[-76.176,9.475],[-76.136,9.503],[-76.091,9.561],[-76.045,9.57]]]}},{"type":"Feature","properties":{"mpio":"23586","nombre":"Purisima","depto":"Cordoba"},"geometry":{"type":"Polygon","coordinates":[[[-75.856,9.552],[-75.835,9.546],[-75.829,9.496],[-75.875,9.457],[-75.883,9.429],[-75.948,9.429],[-75.942,9.464],[-75.954,9.519],[-75.935,9.538],[-75.911,9.539],[-75.905,9.528],[-75.89,9.54],[-75.846,9.537],[-75.856,9.552]]]}},{"type":"Feature","properties":{"mpio":"23464","nombre":"Momil","depto":"Cordoba"},"geometry":{"type":"Polygon","coordinates":[[[-75.834,9.536],[-75.797,9.542],[-75.729,9.496],[-75.756,9.458],[-75.862,9.394],[-75.885,9.435],[-75.829,9.496],[-75.834,9.536]]]}},{"type":"Feature","properties":{"mpio":"13468","nombre":"Mompos","depto":"Bolivar"},"geometry":{"type":"Polygon","coordinates":[[[-74.574,9.42],[-74.552,9.41],[-74.529,9.42],[-74.507,9.303],[-74.515,9.225],[-74.573,9.147],[-74.609,9.179],[-74.68,9.202],[-74.721,9.236],[-74.772,9.302],[-74.779,9.369],[-74.664,9.451],[-74.623,9.459],[-74.616,9.475],[-74.574,9.42]]]}},{"type":"Feature","properties":{"mpio":"13188","nombre":"Cicuco","depto":"Bolivar"},"geometry":{"type":"Polygon","coordinates":[[[-74.732,9.479],[-74.689,9.474],[-74.682,9.459],[-74.718,9.442],[-74.728,9.428],[-74.721,9.411],[-74.779,9.369],[-74.796,9.393],[-74.794,9.433],[-74.732,9.479]]]}},{"type":"Feature","properties":{"mpio":"54245","nombre":"El Carmen","depto":"Norte De Santander"},"geometry":{"type":"Polygon","coordinates":[[[-72.91,9.362],[-72.904,9.313],[-72.948,9.245],[-72.94,9.209],[-72.948,9.195],[-73.056,9.167],[-73.127,9.126],[-73.169,8.933],[-73.206,8.897],[-73.198,8.832],[-73.221,8.8],[-73.216,8.773],[-73.308,8.739],[-73.293,8.672],[-73.342,8.654],[-73.346,8.642],[-73.343,8.539],[-73.355,8.523],[-73.333,8.474],[-73.338,8.454],[-73.394,8.407],[-73.449,8.48],[-73.415,8.527],[-73.409,8.581],[-73.418,8.59],[-73.447,8.582],[-73.453,8.607],[-73.477,8.617],[-73.487,8.657],[-73.472,8.76],[-73.387,8.803],[-73.394,8.83],[-73.351,8.884],[-73.348,8.95],[-73.364,9.058],[-73.333,9.245],[-73.27,9.266],[-73.225,9.264],[-73.183,9.244],[-73.117,9.257],[-73.045,9.298],[-72.995,9.307],[-72.97,9.345],[-72.91,9.362]]]}},{"type":"Feature","properties":{"mpio":"23670","nombre":"San Andres De Sotavento","depto":"Cordoba"},"geometry":{"type":"Polygon","coordinates":[[[-75.695,9.466],[-75.62,9.472],[-75.624,9.409],[-75.572,9.392],[-75.58,9.378],[-75.571,9.35],[-75.597,9.345],[-75.643,9.284],[-75.725,9.237],[-75.748,9.253],[-75.72,9.36],[-75.738,9.438],[-75.756,9.458],[-75.733,9.502],[-75.695,9.466]]]}},{"type":"Feature","properties":{"mpio":"54206","nombre":"Convencion","depto":"Norte De Santander"},"geometry":{"type":"Polygon","coordinates":[[[-72.864,9.253],[-72.893,9.184],[-72.887,9.152],[-72.94,9.145],[-72.948,9.131],[-72.977,9.124],[-73.038,9.062],[-73.009,9.022],[-73.104,8.912],[-73.136,8.855],[-73.092,8.775],[-73.183,8.712],[-73.23,8.643],[-73.21,8.585],[-73.245,8.485],[-73.269,8.47],[-73.278,8.514],[-73.348,8.531],[-73.346,8.642],[-73.342,8.654],[-73.293,8.672],[-73.308,8.739],[-73.216,8.773],[-73.221,8.8],[-73.198,8.832],[-73.206,8.897],[-73.169,8.933],[-73.127,9.126],[-73.056,9.167],[-72.948,9.195],[-72.94,9.209],[-72.948,9.245],[-72.904,9.313],[-72.901,9.351],[-72.877,9.316],[-72.864,9.253]]]}},{"type":"Feature","properties":{"mpio":"13650","nombre":"San Fernando","depto":"Bolivar"},"geometry":{"type":"Polygon","coordinates":[[[-74.489,9.429],[-74.449,9.373],[-74.399,9.386],[-74.407,9.276],[-74.391,9.237],[-74.299,9.146],[-74.3,9.108],[-74.402,9.132],[-74.425,9.158],[-74.505,9.18],[-74.499,9.207],[-74.515,9.225],[-74.508,9.316],[-74.529,9.42],[-74.489,9.429]]]}},{"type":"Feature","properties":{"mpio":"70670","nombre":"Sampues","depto":"Sucre"},"geometry":{"type":"Polygon","coordinates":[[[-75.618,9.468],[-75.506,9.466],[-75.478,9.406],[-75.466,9.401],[-75.46,9.418],[-75.437,9.412],[-75.389,9.348],[-75.373,9.303],[-75.378,9.275],[-75.436,9.28],[-75.468,9.341],[-75.504,9.36],[-75.57,9.356],[-75.58,9.378],[-75.572,9.392],[-75.624,9.409],[-75.618,9.468]]]}},{"type":"Feature","properties":{"mpio":"23168","nombre":"Chima","depto":"Cordoba"},"geometry":{"type":"Polygon","coordinates":[[[-75.868,9.396],[-75.81,9.434],[-75.746,9.453],[-75.72,9.36],[-75.733,9.279],[-75.759,9.241],[-75.875,9.22],[-75.89,9.231],[-75.887,9.3],[-75.913,9.347],[-75.868,9.396]]]}},{"type":"Feature","properties":{"mpio":"13440","nombre":"Margarita","depto":"Bolivar"},"geometry":{"type":"Polygon","coordinates":[[[-74.381,9.389],[-74.32,9.348],[-74.34,9.33],[-74.335,9.323],[-74.268,9.311],[-74.194,9.225],[-74.138,9.196],[-74.138,9.158],[-74.236,9.113],[-74.25,9.095],[-74.3,9.108],[-74.299,9.146],[-74.391,9.237],[-74.407,9.276],[-74.399,9.386],[-74.381,9.389]]]}},{"type":"Feature","properties":{"mpio":"70235","nombre":"Galeras","depto":"Sucre"},"geometry":{"type":"Polygon","coordinates":[[[-74.928,9.306],[-75.06,9.283],[-75.062,9.235],[-75.083,9.237],[-75.108,9.253],[-75.113,9.278],[-75.162,9.309],[-75.185,9.377],[-75.118,9.422],[-75.084,9.406],[-74.996,9.41],[-74.986,9.38],[-74.928,9.306]]]}},{"type":"Feature","properties":{"mpio":"23300","nombre":"Cotorra","depto":"Cordoba"},"geometry":{"type":"Polygon","coordinates":[[[-75.887,9.3],[-75.913,9.245],[-75.942,9.234],[-76.016,9.227],[-76.045,9.274],[-76.037,9.339],[-75.969,9.328],[-75.953,9.356],[-75.96,9.381],[-75.898,9.369],[-75.913,9.337],[-75.887,9.3]]]}},{"type":"Feature","properties":{"mpio":"23182","nombre":"Chinu","depto":"Cordoba"},"geometry":{"type":"Polygon","coordinates":[[[-75.57,9.356],[-75.504,9.36],[-75.468,9.341],[-75.436,9.28],[-75.37,9.272],[-75.333,9.186],[-75.326,9.077],[-75.377,9.074],[-75.387,9.104],[-75.409,9.12],[-75.591,9.211],[-75.68,9.196],[-75.745,9.219],[-75.643,9.284],[-75.608,9.335],[-75.57,9.356]]]}},{"type":"Feature","properties":{"mpio":"54800","nombre":"Teorama","depto":"Norte De Santander"},"geometry":{"type":"Polygon","coordinates":[[[-72.843,9.172],[-72.816,9.106],[-72.825,9.094],[-72.952,9.064],[-72.967,9.047],[-72.971,9.015],[-72.926,8.887],[-72.954,8.839],[-73.021,8.812],[-73.028,8.784],[-73.049,8.768],[-73.071,8.674],[-73.066,8.638],[-73.125,8.613],[-73.141,8.562],[-73.171,8.526],[-73.177,8.48],[-73.196,8.469],[-73.245,8.485],[-73.21,8.585],[-73.23,8.643],[-73.183,8.712],[-73.092,8.775],[-73.136,8.855],[-73.104,8.912],[-73.009,9.022],[-73.038,9.062],[-72.977,9.124],[-72.948,9.131],[-72.94,9.145],[-72.887,9.152],[-72.893,9.184],[-72.88,9.214],[-72.843,9.172]]]}},{"type":"Feature","properties":{"mpio":"23574","nombre":"Puerto Escondido","depto":"Cordoba"},"geometry":{"type":"Polygon","coordinates":[[[-76.352,9.342],[-76.332,9.306],[-76.27,9.249],[-76.285,9.173],[-76.34,9.173],[-76.362,9.137],[-76.458,9.145],[-76.579,9.226],[-76.535,9.252],[-76.51,9.321],[-76.456,9.368],[-76.352,9.342]]]}},{"type":"Feature","properties":{"mpio":"54810","nombre":"Tibu","depto":"Norte De Santander"},"geometry":{"type":"Polygon","coordinates":[[[-72.934,8.894],[-72.971,9.015],[-72.967,9.047],[-72.952,9.064],[-72.825,9.094],[-72.816,9.106],[-72.843,9.172],[-72.821,9.154],[-72.703,9.186],[-72.676,9.169],[-72.674,9.15],[-72.642,9.142],[-72.522,8.644],[-72.481,8.631],[-72.308,8.432],[-72.356,8.431],[-72.37,8.417],[-72.366,8.38],[-72.383,8.327],[-72.4,8.33],[-72.434,8.376],[-72.44,8.335],[-72.6,8.299],[-72.607,8.327],[-72.588,8.353],[-72.459,8.384],[-72.452,8.438],[-72.471,8.472],[-72.517,8.458],[-72.588,8.473],[-72.633,8.458],[-72.689,8.467],[-72.753,8.43],[-72.781,8.43],[-72.852,8.489],[-72.857,8.531],[-72.896,8.575],[-72.905,8.603],[-72.897,8.623],[-72.862,8.637],[-72.812,8.636],[-72.797,8.648],[-72.797,8.76],[-72.829,8.817],[-72.835,8.906],[-72.866,8.911],[-72.934,8.894]]]}},{"type":"Feature","properties":{"mpio":"70678","nombre":"San Benito Abad","depto":"Sucre"},"geometry":{"type":"Polygon","coordinates":[[[-74.928,9.306],[-74.919,9.272],[-74.869,9.227],[-74.871,9.21],[-74.894,9.199],[-74.94,9.111],[-74.926,9.068],[-74.939,9.013],[-74.974,8.996],[-74.964,8.9],[-74.931,8.845],[-74.936,8.787],[-74.895,8.732],[-74.907,8.696],[-74.955,8.647],[-75.0,8.633],[-75.069,8.652],[-75.053,8.772],[-75.09,8.831],[-75.06,8.881],[-75.107,8.938],[-75.099,9.002],[-75.131,9.029],[-75.162,9.035],[-75.19,9.064],[-75.322,9.127],[-75.333,9.186],[-75.364,9.247],[-75.329,9.255],[-75.303,9.241],[-75.316,9.231],[-75.306,9.22],[-75.267,9.234],[-75.26,9.207],[-75.211,9.255],[-75.184,9.227],[-75.155,9.233],[-75.136,9.251],[-75.126,9.289],[-75.108,9.253],[-75.062,9.235],[-75.06,9.283],[-74.928,9.306]]]}},{"type":"Feature","properties":{"mpio":"23686","nombre":"San Pelayo","depto":"Cordoba"},"geometry":{"type":"Polygon","coordinates":[[[-76.308,9.294],[-76.15,9.275],[-76.115,9.285],[-76.086,9.273],[-76.055,9.29],[-76.023,9.235],[-75.998,9.227],[-75.913,9.245],[-75.887,9.3],[-75.892,9.248],[-75.874,9.199],[-75.933,9.194],[-75.966,9.165],[-76.046,9.143],[-76.107,9.16],[-76.27,9.158],[-76.285,9.173],[-76.286,9.209],[-76.266,9.233],[-76.27,9.249],[-76.308,9.294]]]}},{"type":"Feature","properties":{"mpio":"20787","nombre":"Tamalameque","depto":"Cesar"},"geometry":{"type":"Polygon","coordinates":[[[-73.788,9.192],[-73.735,9.197],[-73.636,9.155],[-73.649,8.98],[-73.61,8.961],[-73.659,8.917],[-73.66,8.844],[-73.686,8.77],[-73.736,8.771],[-73.789,8.802],[-73.772,8.916],[-73.816,8.966],[-73.847,9.05],[-73.831,9.119],[-73.789,9.158],[-73.788,9.192]]]}},{"type":"Feature","properties":{"mpio":"13549","nombre":"Pinillos","depto":"Bolivar"},"geometry":{"type":"Polygon","coordinates":[[[-74.515,9.225],[-74.499,9.207],[-74.505,9.18],[-74.492,9.173],[-74.425,9.158],[-74.392,9.129],[-74.25,9.095],[-74.267,9.029],[-74.309,9.017],[-74.333,8.986],[-74.32,8.895],[-74.259,8.82],[-74.14,8.8],[-74.398,8.8],[-74.423,8.858],[-74.49,8.898],[-74.51,8.926],[-74.507,8.957],[-74.518,8.973],[-74.487,9.021],[-74.492,9.061],[-74.573,9.147],[-74.515,9.225]]]}},{"type":"Feature","properties":{"mpio":"20517","nombre":"Pailitas","depto":"Cesar"},"geometry":{"type":"Polygon","coordinates":[[[-73.636,9.155],[-73.558,9.146],[-73.503,9.165],[-73.471,9.136],[-73.464,9.11],[-73.403,9.06],[-73.362,9.043],[-73.354,8.963],[-73.366,8.95],[-73.414,8.963],[-73.45,8.993],[-73.524,8.989],[-73.627,8.962],[-73.649,8.98],[-73.636,9.155]]]}},{"type":"Feature","properties":{"mpio":"70771","nombre":"Sucre","depto":"Sucre"},"geometry":{"type":"Polygon","coordinates":[[[-74.869,9.227],[-74.775,9.192],[-74.728,9.157],[-74.647,9.046],[-74.616,8.952],[-74.641,8.918],[-74.671,8.907],[-74.717,8.95],[-74.709,8.933],[-74.726,8.917],[-74.793,8.915],[-74.779,8.879],[-74.802,8.872],[-74.805,8.826],[-74.909,8.754],[-74.936,8.787],[-74.931,8.845],[-74.964,8.9],[-74.974,8.996],[-74.939,9.013],[-74.926,9.068],[-74.94,9.111],[-74.919,9.161],[-74.902,9.171],[-74.894,9.199],[-74.871,9.21],[-74.869,9.227]]]}},{"type":"Feature","properties":{"mpio":"23189","nombre":"Cienaga De Oro","depto":"Cordoba"},"geometry":{"type":"Polygon","coordinates":[[[-75.748,9.253],[-75.725,9.237],[-75.745,9.219],[-75.734,9.208],[-75.685,9.197],[-75.69,8.989],[-75.707,8.944],[-75.672,8.918],[-75.658,8.857],[-75.637,8.829],[-75.737,8.819],[-75.774,8.804],[-75.76,8.966],[-75.843,9.057],[-75.897,9.081],[-75.926,9.116],[-75.894,9.191],[-75.875,9.195],[-75.88,9.22],[-75.801,9.229],[-75.748,9.253]]]}},{"type":"Feature","properties":{"mpio":"13300","nombre":"Hatillo De Loba","depto":"Bolivar"},"geometry":{"type":"Polygon","coordinates":[[[-73.988,9.132],[-74.016,9.115],[-74.156,9.082],[-74.25,9.095],[-74.236,9.113],[-74.138,9.158],[-74.137,9.171],[-74.081,9.161],[-74.033,9.176],[-73.988,9.132]]]}},{"type":"Feature","properties":{"mpio":"23660","nombre":"Sahagun","depto":"Cordoba"},"geometry":{"type":"Polygon","coordinates":[[[-75.685,9.197],[-75.591,9.211],[-75.476,9.16],[-75.387,9.104],[-75.386,9.085],[-75.456,9.078],[-75.503,9.055],[-75.539,9.056],[-75.538,9.035],[-75.473,8.968],[-75.499,8.936],[-75.477,8.893],[-75.453,8.785],[-75.608,8.8],[-75.658,8.857],[-75.676,8.923],[-75.705,8.941],[-75.69,8.989],[-75.685,9.197]]]}},{"type":"Feature","properties":{"mpio":"13268","nombre":"El Pe¥On","depto":"Bolivar"},"geometry":{"type":"Polygon","coordinates":[[[-73.838,9.103],[-73.847,9.05],[-73.804,8.955],[-73.808,8.937],[-73.836,8.911],[-73.864,8.849],[-73.933,8.788],[-73.963,8.772],[-74.003,8.776],[-74.043,8.808],[-73.978,8.827],[-73.959,8.853],[-73.954,8.89],[-73.982,8.942],[-74.005,9.029],[-73.981,9.106],[-73.988,9.132],[-73.873,9.118],[-73.838,9.103]]]}},{"type":"Feature","properties":{"mpio":"13667","nombre":"San Martin De Loba","depto":"Bolivar"},"geometry":{"type":"Polygon","coordinates":[[[-74.101,9.093],[-73.988,9.132],[-73.983,9.117],[-74.005,9.029],[-73.982,8.942],[-73.954,8.89],[-73.959,8.853],[-73.978,8.827],[-74.011,8.814],[-74.045,8.808],[-74.09,8.828],[-74.058,8.878],[-74.058,8.93],[-74.067,9.014],[-74.101,9.093]]]}},{"type":"Feature","properties":{"mpio":"23419","nombre":"Los Cordobas","depto":"Cordoba"},"geometry":{"type":"Polygon","coordinates":[[[-76.579,9.226],[-76.479,9.152],[-76.353,9.132],[-76.348,9.086],[-76.424,9.091],[-76.481,9.076],[-76.551,9.078],[-76.644,9.042],[-76.656,9.085],[-76.716,9.143],[-76.644,9.168],[-76.619,9.206],[-76.579,9.226]]]}},{"type":"Feature","properties":{"mpio":"23162","nombre":"Cerete","depto":"Cordoba"},"geometry":{"type":"Polygon","coordinates":[[[-75.894,9.191],[-75.926,9.116],[-75.897,9.081],[-75.969,9.017],[-76.007,9.065],[-76.22,9.157],[-76.107,9.16],[-76.046,9.143],[-75.966,9.165],[-75.933,9.194],[-75.894,9.191]]]}},{"type":"Feature","properties":{"mpio":"13074","nombre":"Barranco De Loba","depto":"Bolivar"},"geometry":{"type":"Polygon","coordinates":[[[-74.25,9.095],[-74.156,9.082],[-74.101,9.095],[-74.076,9.042],[-74.058,8.878],[-74.09,8.828],[-74.129,8.795],[-74.15,8.803],[-74.144,8.827],[-74.177,8.892],[-74.177,8.904],[-74.141,8.906],[-74.158,8.978],[-74.337,8.971],[-74.309,9.017],[-74.267,9.029],[-74.25,9.095]]]}},{"type":"Feature","properties":{"mpio":"23001","nombre":"Monteria","depto":"Cordoba"},"geometry":{"type":"Polygon","coordinates":[[[-76.22,9.157],[-75.993,9.052],[-75.969,9.017],[-75.954,8.903],[-75.881,8.822],[-75.885,8.786],[-75.832,8.745],[-75.846,8.692],[-75.838,8.635],[-75.875,8.583],[-75.909,8.488],[-75.929,8.487],[-75.967,8.515],[-76.005,8.519],[-76.037,8.504],[-76.114,8.555],[-76.202,8.574],[-76.275,8.57],[-76.312,8.633],[-76.42,8.653],[-76.445,8.813],[-76.528,8.862],[-76.507,8.871],[-76.475,8.917],[-76.4,8.958],[-76.391,8.98],[-76.333,8.999],[-76.346,9.04],[-76.337,9.072],[-76.346,9.119],[-76.362,9.137],[-76.347,9.169],[-76.303,9.177],[-76.27,9.158],[-76.22,9.157]]]}},{"type":"Feature","properties":{"mpio":"70124","nombre":"Caimito","depto":"Sucre"},"geometry":{"type":"Polygon","coordinates":[[[-75.322,9.127],[-75.108,9.015],[-75.098,8.962],[-75.107,8.938],[-75.06,8.881],[-75.09,8.831],[-75.159,8.85],[-75.167,8.859],[-75.161,8.893],[-75.177,8.901],[-75.249,8.918],[-75.309,8.96],[-75.335,8.953],[-75.358,8.965],[-75.322,9.021],[-75.363,9.074],[-75.326,9.077],[-75.322,9.127]]]}},{"type":"Feature","properties":{"mpio":"05051","nombre":"Arboletes","depto":"Antioquia"},"geometry":{"type":"Polygon","coordinates":[[[-76.716,9.143],[-76.656,9.085],[-76.624,8.958],[-76.573,8.879],[-76.598,8.818],[-76.608,8.738],[-76.643,8.723],[-76.678,8.663],[-76.706,8.688],[-76.721,8.733],[-76.78,8.784],[-76.747,8.838],[-76.654,8.92],[-76.692,8.973],[-76.762,9.011],[-76.792,9.067],[-76.765,9.079],[-76.724,9.121],[-76.737,9.14],[-76.716,9.143]]]}},{"type":"Feature","properties":{"mpio":"20550","nombre":"Pelaya","depto":"Cesar"},"geometry":{"type":"Polygon","coordinates":[[[-73.61,8.961],[-73.524,8.989],[-73.45,8.993],[-73.414,8.963],[-73.366,8.95],[-73.354,8.963],[-73.348,8.915],[-73.468,8.869],[-73.523,8.874],[-73.56,8.795],[-73.592,8.775],[-73.686,8.77],[-73.66,8.844],[-73.659,8.917],[-73.61,8.961]]]}},{"type":"Feature","properties":{"mpio":"70400","nombre":"La Union","depto":"Sucre"},"geometry":{"type":"Polygon","coordinates":[[[-75.363,9.074],[-75.322,9.021],[-75.353,8.985],[-75.358,8.965],[-75.335,8.953],[-75.345,8.928],[-75.36,8.925],[-75.472,8.958],[-75.542,9.043],[-75.539,9.056],[-75.503,9.055],[-75.456,9.078],[-75.386,9.085],[-75.363,9.074]]]}},{"type":"Feature","properties":{"mpio":"23678","nombre":"San Carlos","depto":"Cordoba"},"geometry":{"type":"Polygon","coordinates":[[[-75.969,9.017],[-75.897,9.081],[-75.851,9.064],[-75.76,8.966],[-75.774,8.804],[-75.804,8.796],[-75.804,8.764],[-75.828,8.743],[-75.885,8.786],[-75.881,8.822],[-75.954,8.903],[-75.969,9.017]]]}},{"type":"Feature","properties":{"mpio":"23090","nombre":"Canalete","depto":"Cordoba"},"geometry":{"type":"Polygon","coordinates":[[[-76.348,9.086],[-76.337,9.072],[-76.346,9.052],[-76.338,8.991],[-76.391,8.98],[-76.4,8.958],[-76.475,8.917],[-76.507,8.871],[-76.528,8.862],[-76.563,8.872],[-76.595,8.9],[-76.624,8.958],[-76.644,9.042],[-76.551,9.078],[-76.481,9.076],[-76.424,9.091],[-76.348,9.086]]]}},{"type":"Feature","properties":{"mpio":"54250","nombre":"El Tarra","depto":"Norte De Santander"},"geometry":{"type":"Polygon","coordinates":[[[-73.066,8.638],[-73.057,8.74],[-73.021,8.812],[-72.954,8.839],[-72.926,8.887],[-72.934,8.894],[-72.866,8.911],[-72.835,8.906],[-72.829,8.817],[-72.797,8.76],[-72.797,8.648],[-72.812,8.636],[-72.862,8.637],[-72.897,8.623],[-72.905,8.603],[-72.947,8.584],[-72.988,8.591],[-73.009,8.636],[-73.066,8.638]]]}},{"type":"Feature","properties":{"mpio":"13030","nombre":"Altos Del Rosario","depto":"Bolivar"},"geometry":{"type":"Polygon","coordinates":[[[-74.337,8.971],[-74.158,8.978],[-74.141,8.906],[-74.177,8.904],[-74.177,8.892],[-74.144,8.827],[-74.15,8.803],[-74.259,8.82],[-74.32,8.895],[-74.337,8.971]]]}},{"type":"Feature","properties":{"mpio":"13580","nombre":"Regidor","depto":"Bolivar"},"geometry":{"type":"Polygon","coordinates":[[[-73.804,8.955],[-73.772,8.916],[-73.769,8.894],[-73.805,8.745],[-73.847,8.764],[-73.872,8.795],[-73.915,8.806],[-73.864,8.849],[-73.804,8.955]]]}},{"type":"Feature","properties":{"mpio":"05659","nombre":"San Juan De Uraba","depto":"Antioquia"},"geometry":{"type":"Polygon","coordinates":[[[-76.792,9.067],[-76.762,9.011],[-76.692,8.973],[-76.654,8.92],[-76.747,8.838],[-76.78,8.784],[-76.835,8.846],[-76.828,8.902],[-76.846,8.957],[-76.9,9.005],[-76.792,9.067]]]}},{"type":"Feature","properties":{"mpio":"13006","nombre":"Achi","depto":"Bolivar"},"geometry":{"type":"Polygon","coordinates":[[[-74.513,8.989],[-74.51,8.926],[-74.49,8.898],[-74.423,8.858],[-74.394,8.791],[-74.364,8.76],[-74.382,8.713],[-74.44,8.69],[-74.452,8.637],[-74.481,8.636],[-74.484,8.616],[-74.552,8.589],[-74.569,8.496],[-74.561,8.444],[-74.59,8.42],[-74.612,8.42],[-74.608,8.453],[-74.62,8.477],[-74.604,8.515],[-74.616,8.562],[-74.596,8.604],[-74.605,8.659],[-74.638,8.703],[-74.632,8.728],[-74.649,8.752],[-74.671,8.907],[-74.622,8.935],[-74.62,8.969],[-74.513,8.989]]]}},{"type":"Feature","properties":{"mpio":"20383","nombre":"La Gloria","depto":"Cesar"},"geometry":{"type":"Polygon","coordinates":[[[-73.348,8.915],[-73.355,8.87],[-73.394,8.83],[-73.387,8.803],[-73.464,8.768],[-73.478,8.748],[-73.487,8.657],[-73.478,8.621],[-73.533,8.585],[-73.729,8.569],[-73.755,8.62],[-73.761,8.683],[-73.802,8.753],[-73.789,8.802],[-73.728,8.769],[-73.592,8.775],[-73.56,8.795],[-73.523,8.874],[-73.468,8.869],[-73.348,8.915]]]}},{"type":"Feature","properties":{"mpio":"70429","nombre":"Majagual","depto":"Sucre"},"geometry":{"type":"Polygon","coordinates":[[[-74.671,8.907],[-74.649,8.752],[-74.632,8.728],[-74.638,8.703],[-74.627,8.679],[-74.641,8.657],[-74.722,8.613],[-74.742,8.568],[-74.797,8.57],[-74.847,8.592],[-74.893,8.569],[-74.949,8.588],[-74.976,8.635],[-74.907,8.696],[-74.895,8.732],[-74.909,8.754],[-74.805,8.826],[-74.802,8.872],[-74.779,8.879],[-74.793,8.915],[-74.726,8.917],[-74.709,8.933],[-74.717,8.95],[-74.671,8.907]]]}},{"type":"Feature","properties":{"mpio":"70708","nombre":"San Marcos","depto":"Sucre"},"geometry":{"type":"Polygon","coordinates":[[[-75.335,8.953],[-75.309,8.96],[-75.249,8.918],[-75.177,8.901],[-75.161,8.893],[-75.167,8.859],[-75.159,8.85],[-75.078,8.821],[-75.053,8.772],[-75.069,8.652],[-75.142,8.671],[-75.141,8.648],[-75.238,8.582],[-75.26,8.581],[-75.294,8.587],[-75.303,8.605],[-75.326,8.614],[-75.305,8.671],[-75.32,8.689],[-75.437,8.695],[-75.457,8.733],[-75.447,8.77],[-75.477,8.893],[-75.499,8.936],[-75.472,8.958],[-75.36,8.925],[-75.345,8.928],[-75.335,8.953]]]}},{"type":"Feature","properties":{"mpio":"05490","nombre":"Necocli","depto":"Antioquia"},"geometry":{"type":"Polygon","coordinates":[[[-76.835,8.846],[-76.721,8.733],[-76.706,8.688],[-76.678,8.663],[-76.731,8.627],[-76.825,8.654],[-76.88,8.622],[-76.924,8.639],[-76.948,8.635],[-76.979,8.606],[-77.018,8.606],[-77.052,8.614],[-77.14,8.762],[-77.234,8.808],[-77.248,8.804],[-77.245,8.794],[-77.264,8.807],[-77.251,8.836],[-77.198,8.889],[-76.986,8.937],[-76.953,8.981],[-76.9,9.005],[-76.846,8.957],[-76.828,8.902],[-76.835,8.846]]]}},{"type":"Feature","properties":{"mpio":"13600","nombre":"Rio Viejo","depto":"Bolivar"},"geometry":{"type":"Polygon","coordinates":[[[-74.09,8.828],[-73.986,8.773],[-73.948,8.775],[-73.915,8.806],[-73.892,8.804],[-73.847,8.764],[-73.798,8.748],[-73.768,8.7],[-73.755,8.62],[-73.726,8.568],[-73.726,8.5],[-73.778,8.509],[-73.787,8.549],[-73.833,8.59],[-73.907,8.58],[-73.974,8.528],[-73.989,8.448],[-74.043,8.385],[-74.159,8.363],[-74.33,8.305],[-74.384,8.372],[-74.399,8.375],[-74.38,8.448],[-74.272,8.504],[-74.212,8.602],[-74.169,8.631],[-74.129,8.795],[-74.09,8.828]]]}},{"type":"Feature","properties":{"mpio":"27006","nombre":"Acandi","depto":"Choco"},"geometry":{"type":"Polygon","coordinates":[[[-77.422,8.609],[-77.496,8.612],[-77.518,8.503],[-77.548,8.484],[-77.563,8.435],[-77.594,8.418],[-77.635,8.473],[-77.697,8.519],[-77.746,8.66],[-77.81,8.71],[-77.835,8.753],[-77.836,8.77],[-77.784,8.844],[-77.752,8.915],[-77.673,8.828],[-77.632,8.806],[-77.593,8.739],[-77.49,8.683],[-77.422,8.609]]]}},{"type":"Feature","properties":{"mpio":"13810","nombre":"Tiquisio","depto":"Bolivar"},"geometry":{"type":"Polygon","coordinates":[[[-74.398,8.8],[-74.129,8.795],[-74.169,8.631],[-74.212,8.602],[-74.272,8.504],[-74.38,8.448],[-74.45,8.48],[-74.476,8.532],[-74.484,8.616],[-74.481,8.636],[-74.452,8.637],[-74.44,8.69],[-74.372,8.723],[-74.364,8.76],[-74.398,8.8]]]}},{"type":"Feature","properties":{"mpio":"05665","nombre":"San Pedro De Uraba","depto":"Antioquia"},"geometry":{"type":"Polygon","coordinates":[[[-76.573,8.879],[-76.445,8.813],[-76.416,8.656],[-76.479,8.608],[-76.573,8.469],[-76.613,8.386],[-76.641,8.471],[-76.649,8.638],[-76.678,8.663],[-76.643,8.723],[-76.608,8.738],[-76.598,8.818],[-76.573,8.879]]]}},{"type":"Feature","properties":{"mpio":"23570","nombre":"Pueblo Nuevo","depto":"Cordoba"},"geometry":{"type":"Polygon","coordinates":[[[-75.804,8.796],[-75.737,8.819],[-75.637,8.829],[-75.597,8.795],[-75.453,8.785],[-75.447,8.756],[-75.457,8.754],[-75.457,8.733],[-75.437,8.695],[-75.32,8.689],[-75.305,8.671],[-75.326,8.614],[-75.303,8.605],[-75.294,8.587],[-75.341,8.555],[-75.343,8.511],[-75.358,8.51],[-75.364,8.486],[-75.469,8.513],[-75.483,8.527],[-75.483,8.552],[-75.508,8.574],[-75.568,8.605],[-75.608,8.606],[-75.733,8.71],[-75.75,8.748],[-75.804,8.764],[-75.804,8.796]]]}},{"type":"Feature","properties":{"mpio":"54670","nombre":"San Calixto","depto":"Norte De Santander"},"geometry":{"type":"Polygon","coordinates":[[[-73.066,8.638],[-73.009,8.636],[-72.988,8.591],[-72.947,8.584],[-72.905,8.603],[-72.896,8.575],[-72.857,8.531],[-72.852,8.489],[-72.883,8.484],[-72.929,8.546],[-72.977,8.491],[-73.072,8.488],[-73.09,8.439],[-73.103,8.434],[-73.103,8.411],[-73.146,8.418],[-73.196,8.398],[-73.214,8.406],[-73.218,8.425],[-73.196,8.469],[-73.172,8.487],[-73.171,8.526],[-73.141,8.562],[-73.125,8.613],[-73.066,8.638]]]}},{"type":"Feature","properties":{"mpio":"23555","nombre":"Planeta Rica","depto":"Cordoba"},"geometry":{"type":"Polygon","coordinates":[[[-75.804,8.764],[-75.75,8.748],[-75.733,8.71],[-75.608,8.606],[-75.568,8.605],[-75.492,8.556],[-75.583,8.508],[-75.617,8.508],[-75.746,8.465],[-75.744,8.3],[-75.985,8.384],[-75.936,8.454],[-75.905,8.475],[-75.901,8.527],[-75.838,8.635],[-75.846,8.692],[-75.832,8.745],[-75.804,8.764]]]}},{"type":"Feature","properties":{"mpio":"70265","nombre":"Guaranda","depto":"Sucre"},"geometry":{"type":"Polygon","coordinates":[[[-74.893,8.569],[-74.847,8.592],[-74.797,8.57],[-74.742,8.568],[-74.722,8.613],[-74.641,8.657],[-74.63,8.688],[-74.605,8.659],[-74.595,8.588],[-74.616,8.543],[-74.638,8.534],[-74.665,8.546],[-74.674,8.488],[-74.698,8.482],[-74.724,8.456],[-74.765,8.465],[-74.832,8.428],[-74.862,8.472],[-74.865,8.539],[-74.893,8.569]]]}},{"type":"Feature","properties":{"mpio":"20011","nombre":"Aguachica","depto":"Cesar"},"geometry":{"type":"Polygon","coordinates":[[[-73.588,8.584],[-73.533,8.585],[-73.478,8.621],[-73.453,8.607],[-73.447,8.582],[-73.418,8.59],[-73.409,8.581],[-73.415,8.527],[-73.449,8.48],[-73.4,8.412],[-73.401,8.337],[-73.426,8.324],[-73.466,8.339],[-73.52,8.303],[-73.534,8.262],[-73.521,8.215],[-73.584,8.201],[-73.588,8.19],[-73.567,8.131],[-73.706,8.113],[-73.756,8.191],[-73.743,8.238],[-73.765,8.248],[-73.725,8.245],[-73.685,8.295],[-73.638,8.3],[-73.654,8.355],[-73.611,8.417],[-73.587,8.488],[-73.569,8.492],[-73.588,8.584]]]}},{"type":"Feature","properties":{"mpio":"23068","nombre":"Ayapel","depto":"Cordoba"},"geometry":{"type":"Polygon","coordinates":[[[-75.142,8.671],[-74.976,8.635],[-74.949,8.588],[-74.882,8.563],[-74.865,8.539],[-74.862,8.472],[-74.832,8.428],[-74.847,8.393],[-74.901,8.376],[-74.898,8.365],[-74.947,8.327],[-74.982,8.269],[-75.048,8.231],[-75.317,8.226],[-75.315,8.268],[-75.287,8.308],[-75.295,8.318],[-75.332,8.312],[-75.354,8.322],[-75.389,8.302],[-75.443,8.322],[-75.447,8.383],[-75.418,8.414],[-75.408,8.453],[-75.357,8.493],[-75.358,8.51],[-75.343,8.511],[-75.341,8.555],[-75.294,8.587],[-75.238,8.582],[-75.141,8.648],[-75.142,8.671]]]}},{"type":"Feature","properties":{"mpio":"54344","nombre":"Hacari","depto":"Norte De Santander"},"geometry":{"type":"Polygon","coordinates":[[[-72.866,8.479],[-72.882,8.457],[-72.868,8.381],[-72.886,8.351],[-72.937,8.334],[-73.054,8.343],[-73.083,8.366],[-73.067,8.384],[-73.103,8.411],[-73.103,8.434],[-73.09,8.439],[-73.072,8.488],[-72.977,8.491],[-72.929,8.546],[-72.898,8.496],[-72.866,8.479]]]}},{"type":"Feature","properties":{"mpio":"20295","nombre":"Gamarra","depto":"Cesar"},"geometry":{"type":"Polygon","coordinates":[[[-73.726,8.568],[-73.625,8.57],[-73.588,8.584],[-73.569,8.492],[-73.587,8.488],[-73.611,8.417],[-73.654,8.355],[-73.638,8.3],[-73.685,8.295],[-73.725,8.245],[-73.757,8.253],[-73.766,8.3],[-73.725,8.354],[-73.726,8.568]]]}},{"type":"Feature","properties":{"mpio":"13473","nombre":"Morales","depto":"Bolivar"},"geometry":{"type":"Polygon","coordinates":[[[-74.004,8.432],[-73.989,8.448],[-73.974,8.528],[-73.949,8.556],[-73.872,8.59],[-73.833,8.59],[-73.806,8.569],[-73.787,8.549],[-73.778,8.509],[-73.726,8.5],[-73.725,8.354],[-73.766,8.3],[-73.764,8.241],[-73.777,8.244],[-73.848,8.187],[-73.86,8.235],[-73.889,8.271],[-73.913,8.26],[-73.945,8.282],[-74.086,8.275],[-74.171,8.237],[-74.241,8.231],[-74.273,8.233],[-74.301,8.274],[-74.197,8.307],[-74.047,8.31],[-74.009,8.326],[-73.978,8.364],[-74.004,8.432]]]}},{"type":"Feature","properties":{"mpio":"13458","nombre":"Montecristo","depto":"Bolivar"},"geometry":{"type":"Polygon","coordinates":[[[-74.38,8.448],[-74.399,8.375],[-74.384,8.372],[-74.273,8.233],[-74.287,8.199],[-74.292,8.115],[-74.342,8.01],[-74.49,7.78],[-74.494,7.72],[-74.527,7.641],[-74.59,7.628],[-74.607,7.586],[-74.632,7.568],[-74.647,7.58],[-74.649,7.605],[-74.611,7.692],[-74.601,7.756],[-74.541,7.8],[-74.5,7.848],[-74.541,7.896],[-74.564,7.952],[-74.569,8.063],[-74.588,8.087],[-74.593,8.206],[-74.601,8.234],[-74.663,8.313],[-74.665,8.377],[-74.626,8.414],[-74.59,8.42],[-74.561,8.444],[-74.569,8.496],[-74.552,8.589],[-74.484,8.616],[-74.476,8.532],[-74.459,8.493],[-74.438,8.469],[-74.38,8.448]]]}},{"type":"Feature","properties":{"mpio":"20310","nombre":"Gonzalez","depto":"Cesar"},"geometry":{"type":"Polygon","coordinates":[[[-73.348,8.531],[-73.278,8.514],[-73.269,8.47],[-73.289,8.405],[-73.37,8.426],[-73.341,8.445],[-73.333,8.474],[-73.353,8.509],[-73.348,8.531]]]}},{"type":"Feature","properties":{"mpio":"54720","nombre":"Sardinata","depto":"Norte De Santander"},"geometry":{"type":"Polygon","coordinates":[[[-72.882,8.457],[-72.852,8.489],[-72.781,8.43],[-72.753,8.43],[-72.689,8.467],[-72.633,8.458],[-72.588,8.473],[-72.517,8.458],[-72.471,8.472],[-72.452,8.438],[-72.459,8.384],[-72.588,8.353],[-72.607,8.327],[-72.6,8.299],[-72.455,8.331],[-72.478,8.289],[-72.464,8.263],[-72.511,8.241],[-72.521,8.173],[-72.57,8.149],[-72.574,8.122],[-72.626,8.04],[-72.72,8.042],[-72.739,8.062],[-72.73,8.12],[-72.842,8.225],[-72.887,8.324],[-72.868,8.381],[-72.882,8.457]]]}},{"type":"Feature","properties":{"mpio":"05837","nombre":"Turbo","depto":"Antioquia"},"geometry":{"type":"Polygon","coordinates":[[[-77.052,8.614],[-76.979,8.606],[-76.948,8.635],[-76.924,8.639],[-76.88,8.622],[-76.81,8.655],[-76.731,8.627],[-76.678,8.663],[-76.649,8.638],[-76.641,8.471],[-76.613,8.386],[-76.637,8.318],[-76.775,8.223],[-76.975,8.153],[-76.984,8.135],[-77.074,8.082],[-77.075,8.03],[-77.044,7.94],[-77.057,7.9],[-76.961,7.835],[-76.962,7.81],[-76.937,7.767],[-76.903,7.748],[-76.879,7.694],[-76.994,7.695],[-77.055,7.806],[-77.118,7.826],[-77.159,7.821],[-77.256,7.862],[-77.299,7.913],[-77.391,7.978],[-77.447,8.063],[-77.411,8.075],[-77.331,8.153],[-77.324,8.215],[-77.312,8.223],[-77.317,8.25],[-77.254,8.315],[-77.271,8.428],[-77.306,8.523],[-77.298,8.53],[-77.274,8.51],[-77.286,8.471],[-77.241,8.42],[-77.262,8.411],[-77.246,8.379],[-77.258,8.357],[-77.24,8.347],[-77.206,8.385],[-77.151,8.389],[-77.195,8.348],[-77.156,8.361],[-77.138,8.345],[-77.16,8.336],[-77.135,8.305],[-77.169,8.311],[-77.149,8.275],[-77.205,8.293],[-77.224,8.294],[-77.232,8.282],[-77.226,8.182],[-77.155,8.158],[-77.032,8.179],[-77.02,8.21],[-77.015,8.312],[-77.018,8.333],[-77.03,8.334],[-77.027,8.411],[-77.071,8.541],[-77.051,8.581],[-77.052,8.614]]]}},{"type":"Feature","properties":{"mpio":"23855","nombre":"Valencia","depto":"Cordoba"},"geometry":{"type":"Polygon","coordinates":[[[-76.42,8.653],[-76.328,8.638],[-76.298,8.62],[-76.294,8.588],[-76.262,8.555],[-76.268,8.542],[-76.247,8.508],[-76.267,8.486],[-76.263,8.446],[-76.316,8.393],[-76.403,8.372],[-76.478,8.291],[-76.556,8.273],[-76.646,8.296],[-76.573,8.469],[-76.479,8.608],[-76.42,8.653]]]}},{"type":"Feature","properties":{"mpio":"54001","nombre":"Cucuta","depto":"Norte De Santander"},"geometry":{"type":"Polygon","coordinates":[[[-72.28,8.401],[-72.321,8.377],[-72.327,8.325],[-72.29,8.304],[-72.276,8.272],[-72.237,8.271],[-72.228,8.246],[-72.225,8.012],[-72.243,7.984],[-72.272,7.98],[-72.336,7.927],[-72.33,7.894],[-72.363,7.877],[-72.402,7.759],[-72.453,7.727],[-72.458,7.75],[-72.44,7.797],[-72.444,7.851],[-72.409,7.893],[-72.459,7.942],[-72.462,8.077],[-72.413,8.128],[-72.388,8.193],[-72.387,8.239],[-72.415,8.237],[-72.411,8.282],[-72.455,8.331],[-72.44,8.335],[-72.434,8.376],[-72.4,8.33],[-72.383,8.327],[-72.366,8.38],[-72.375,8.409],[-72.356,8.431],[-72.308,8.432],[-72.28,8.401]]]}},{"type":"Feature","properties":{"mpio":"54498","nombre":"Oca¥A","depto":"Norte De Santander"},"geometry":{"type":"Polygon","coordinates":[[[-73.245,8.485],[-73.196,8.469],[-73.218,8.425],[-73.214,8.406],[-73.192,8.39],[-73.199,8.372],[-73.178,8.316],[-73.196,8.248],[-73.193,8.192],[-73.248,8.177],[-73.32,8.194],[-73.351,8.221],[-73.343,8.245],[-73.353,8.258],[-73.341,8.299],[-73.319,8.321],[-73.321,8.348],[-73.291,8.386],[-73.275,8.466],[-73.245,8.485]]]}},{"type":"Feature","properties":{"mpio":"13655","nombre":"San Jacinto Del Cauca","depto":"Bolivar"},"geometry":{"type":"Polygon","coordinates":[[[-74.616,8.543],[-74.604,8.515],[-74.62,8.477],[-74.606,8.432],[-74.665,8.377],[-74.663,8.313],[-74.601,8.234],[-74.588,8.087],[-74.901,8.376],[-74.847,8.393],[-74.844,8.418],[-74.787,8.454],[-74.765,8.465],[-74.724,8.456],[-74.698,8.482],[-74.674,8.488],[-74.665,8.546],[-74.638,8.534],[-74.616,8.543]]]}},{"type":"Feature","properties":{"mpio":"54553","nombre":"Puerto Santander","depto":"Norte De Santander"},"geometry":{"type":"Polygon","coordinates":[[[-72.237,8.271],[-72.276,8.272],[-72.29,8.304],[-72.327,8.325],[-72.328,8.365],[-72.293,8.396],[-72.28,8.401],[-72.241,8.355],[-72.237,8.271]]]}},{"type":"Feature","properties":{"mpio":"27800","nombre":"Unguia","depto":"Choco"},"geometry":{"type":"Polygon","coordinates":[[[-77.306,8.523],[-77.271,8.428],[-77.254,8.315],[-77.317,8.25],[-77.312,8.223],[-77.324,8.215],[-77.331,8.153],[-77.365,8.113],[-77.395,8.099],[-77.408,8.12],[-77.523,8.145],[-77.539,8.171],[-77.52,8.215],[-77.523,8.245],[-77.594,8.418],[-77.563,8.435],[-77.548,8.484],[-77.518,8.503],[-77.496,8.612],[-77.422,8.609],[-77.392,8.545],[-77.349,8.525],[-77.306,8.523]]]}},{"type":"Feature","properties":{"mpio":"23079","nombre":"Buenavista","depto":"Cordoba"},"geometry":{"type":"Polygon","coordinates":[[[-75.492,8.556],[-75.478,8.518],[-75.377,8.484],[-75.447,8.383],[-75.439,8.355],[-75.447,8.295],[-75.512,8.212],[-75.55,8.193],[-75.615,8.252],[-75.748,8.294],[-75.737,8.314],[-75.749,8.386],[-75.746,8.465],[-75.617,8.508],[-75.583,8.508],[-75.492,8.556]]]}},{"type":"Feature","properties":{"mpio":"23807","nombre":"Tierralta","depto":"Cordoba"},"geometry":{"type":"Polygon","coordinates":[[[-76.275,8.57],[-76.202,8.574],[-76.114,8.555],[-76.056,8.51],[-75.967,8.515],[-75.929,8.487],[-75.909,8.488],[-75.905,8.475],[-75.961,8.422],[-76.007,8.325],[-76.167,8.242],[-76.179,8.214],[-76.176,8.153],[-76.138,8.036],[-76.133,7.967],[-76.171,7.875],[-76.164,7.702],[-76.197,7.558],[-76.537,7.565],[-76.609,7.628],[-76.694,7.757],[-76.744,7.871],[-76.72,8.065],[-76.651,8.205],[-76.646,8.296],[-76.556,8.273],[-76.491,8.286],[-76.403,8.372],[-76.3,8.403],[-76.263,8.446],[-76.267,8.486],[-76.246,8.499],[-76.275,8.57]]]}},{"type":"Feature","properties":{"mpio":"54398","nombre":"La Playa","depto":"Norte De Santander"},"geometry":{"type":"Polygon","coordinates":[[[-73.103,8.411],[-73.067,8.384],[-73.083,8.366],[-73.054,8.343],[-72.971,8.34],[-72.963,8.325],[-72.973,8.278],[-72.995,8.268],[-73.017,8.285],[-73.138,8.247],[-73.194,8.259],[-73.178,8.316],[-73.199,8.372],[-73.196,8.398],[-73.146,8.418],[-73.103,8.411]]]}},{"type":"Feature","properties":{"mpio":"20614","nombre":"Rio De Oro","depto":"Cesar"},"geometry":{"type":"Polygon","coordinates":[[[-73.37,8.426],[-73.289,8.405],[-73.353,8.258],[-73.343,8.245],[-73.351,8.221],[-73.322,8.196],[-73.562,8.126],[-73.588,8.19],[-73.584,8.201],[-73.521,8.215],[-73.534,8.262],[-73.52,8.303],[-73.466,8.339],[-73.426,8.324],[-73.401,8.337],[-73.4,8.412],[-73.385,8.409],[-73.37,8.426]]]}},{"type":"Feature","properties":{"mpio":"13042","nombre":"Arenal","depto":"Bolivar"},"geometry":{"type":"Polygon","coordinates":[[[-74.33,8.305],[-74.159,8.363],[-74.043,8.385],[-74.004,8.432],[-73.982,8.395],[-73.987,8.342],[-74.047,8.31],[-74.197,8.307],[-74.301,8.274],[-74.33,8.305]]]}},{"type":"Feature","properties":{"mpio":"54261","nombre":"El Zulia","depto":"Norte De Santander"},"geometry":{"type":"Polygon","coordinates":[[[-72.455,8.331],[-72.411,8.282],[-72.415,8.237],[-72.387,8.239],[-72.388,8.193],[-72.413,8.128],[-72.462,8.077],[-72.459,7.942],[-72.447,7.922],[-72.486,7.927],[-72.497,7.94],[-72.538,7.936],[-72.584,7.96],[-72.545,7.977],[-72.557,7.994],[-72.631,7.997],[-72.622,8.056],[-72.574,8.122],[-72.57,8.149],[-72.521,8.173],[-72.511,8.241],[-72.464,8.263],[-72.478,8.289],[-72.455,8.331]]]}},{"type":"Feature","properties":{"mpio":"54003","nombre":"Abrego","depto":"Norte De Santander"},"geometry":{"type":"Polygon","coordinates":[[[-72.971,8.34],[-72.937,8.334],[-72.886,8.351],[-72.887,8.324],[-72.843,8.231],[-72.881,8.186],[-72.902,8.183],[-72.893,8.137],[-72.903,8.102],[-72.948,8.074],[-72.975,8.075],[-72.984,8.049],[-72.983,8.007],[-72.958,7.982],[-72.935,7.896],[-72.959,7.849],[-72.981,7.826],[-73.017,7.824],[-73.06,7.86],[-73.127,7.868],[-73.164,7.858],[-73.284,7.877],[-73.289,7.964],[-73.224,7.985],[-73.212,8.037],[-73.235,8.086],[-73.328,8.13],[-73.333,8.182],[-73.319,8.196],[-73.248,8.177],[-73.193,8.192],[-73.194,8.259],[-73.159,8.246],[-73.1,8.252],[-73.017,8.285],[-72.995,8.268],[-72.973,8.278],[-72.966,8.3],[-72.971,8.34]]]}},{"type":"Feature","properties":{"mpio":"05495","nombre":"Nechi","depto":"Antioquia"},"geometry":{"type":"Polygon","coordinates":[[[-74.898,8.365],[-74.84,8.316],[-74.856,8.29],[-74.855,8.267],[-74.824,8.227],[-74.879,8.145],[-74.889,8.104],[-74.865,7.969],[-74.916,7.956],[-74.935,7.963],[-74.954,8.002],[-74.949,8.048],[-74.991,8.052],[-74.993,8.078],[-74.979,8.098],[-75.007,8.152],[-74.988,8.179],[-75.013,8.223],[-75.034,8.233],[-74.982,8.269],[-74.966,8.307],[-74.898,8.365]]]}},{"type":"Feature","properties":{"mpio":"54109","nombre":"Bucarasica","depto":"Norte De Santander"},"geometry":{"type":"Polygon","coordinates":[[[-72.843,8.231],[-72.73,8.12],[-72.739,8.062],[-72.756,8.038],[-72.816,8.034],[-72.872,8.06],[-72.868,8.091],[-72.888,8.128],[-72.882,8.147],[-72.897,8.156],[-72.902,8.183],[-72.881,8.186],[-72.843,8.231]]]}},{"type":"Feature","properties":{"mpio":"23466","nombre":"Montelibano","depto":"Cordoba"},"geometry":{"type":"Polygon","coordinates":[[[-75.984,8.382],[-75.615,8.252],[-75.55,8.193],[-75.439,8.121],[-75.459,8.052],[-75.598,8.005],[-75.593,7.973],[-75.618,7.945],[-75.615,7.924],[-75.628,7.904],[-75.655,7.902],[-75.72,7.935],[-75.768,8.07],[-75.807,8.137],[-75.909,8.171],[-75.972,8.154],[-75.989,8.134],[-76.004,8.075],[-75.956,7.997],[-76.073,7.923],[-76.089,7.886],[-76.084,7.859],[-76.103,7.831],[-76.112,7.729],[-76.077,7.65],[-76.067,7.572],[-76.197,7.558],[-76.164,7.702],[-76.171,7.875],[-76.133,7.967],[-76.138,8.036],[-76.176,8.153],[-76.179,8.214],[-76.167,8.242],[-76.007,8.325],[-75.984,8.382]]]}},{"type":"Feature","properties":{"mpio":"05250","nombre":"El Bagre","depto":"Antioquia"},"geometry":{"type":"Polygon","coordinates":[[[-74.848,8.329],[-74.579,8.08],[-74.564,7.952],[-74.541,7.896],[-74.5,7.848],[-74.541,7.8],[-74.601,7.756],[-74.611,7.692],[-74.649,7.605],[-74.621,7.53],[-74.653,7.52],[-74.674,7.521],[-74.712,7.567],[-74.781,7.576],[-74.808,7.605],[-74.881,7.747],[-74.836,7.799],[-74.819,7.86],[-74.822,7.875],[-74.855,7.883],[-74.866,7.905],[-74.865,7.969],[-74.888,8.086],[-74.879,8.145],[-74.824,8.227],[-74.855,8.267],[-74.856,8.29],[-74.84,8.316],[-74.848,8.329]]]}},{"type":"Feature","properties":{"mpio":"13744","nombre":"Simiti","depto":"Bolivar"},"geometry":{"type":"Polygon","coordinates":[[[-74.136,8.255],[-74.086,8.275],[-73.945,8.282],[-73.913,8.26],[-73.897,8.273],[-73.882,8.268],[-73.854,8.222],[-73.856,8.101],[-73.81,7.982],[-73.783,7.859],[-73.797,7.831],[-73.805,7.731],[-73.855,7.632],[-73.925,7.635],[-73.986,7.614],[-74.02,7.624],[-74.066,7.692],[-74.11,7.716],[-74.11,7.766],[-74.06,7.942],[-74.08,7.96],[-74.087,7.998],[-74.052,8.056],[-74.036,8.126],[-74.085,8.167],[-74.105,8.205],[-74.134,8.22],[-74.136,8.255]]]}},{"type":"Feature","properties":{"mpio":"23350","nombre":"La Apartada","depto":"Cordoba"},"geometry":{"type":"Polygon","coordinates":[[[-75.443,8.322],[-75.389,8.302],[-75.354,8.322],[-75.287,8.308],[-75.315,8.268],[-75.317,8.226],[-75.36,8.185],[-75.366,8.163],[-75.389,8.162],[-75.41,8.128],[-75.439,8.121],[-75.547,8.195],[-75.512,8.212],[-75.474,8.257],[-75.443,8.322]]]}},{"type":"Feature","properties":{"mpio":"68575","nombre":"Puerto Wilches","depto":"Santander"},"geometry":{"type":"Polygon","coordinates":[[[-73.848,8.187],[-73.777,8.244],[-73.743,8.238],[-73.756,8.191],[-73.706,8.113],[-73.71,8.08],[-73.651,8.024],[-73.686,7.951],[-73.717,7.921],[-73.713,7.882],[-73.733,7.86],[-73.733,7.722],[-73.668,7.645],[-73.718,7.617],[-73.748,7.629],[-73.751,7.611],[-73.685,7.567],[-73.69,7.509],[-73.707,7.504],[-73.708,7.489],[-73.626,7.442],[-73.529,7.332],[-73.506,7.265],[-73.529,7.244],[-73.663,7.319],[-73.735,7.308],[-73.751,7.323],[-73.773,7.304],[-73.793,7.313],[-73.869,7.279],[-73.921,7.282],[-73.93,7.387],[-73.896,7.493],[-73.904,7.586],[-73.861,7.62],[-73.818,7.693],[-73.797,7.831],[-73.783,7.859],[-73.81,7.982],[-73.856,8.101],[-73.848,8.187]]]}},{"type":"Feature","properties":{"mpio":"13688","nombre":"Santa Rosa Del Sur","depto":"Bolivar"},"geometry":{"type":"Polygon","coordinates":[[[-74.273,8.233],[-74.186,8.234],[-74.136,8.255],[-74.134,8.22],[-74.105,8.205],[-74.085,8.167],[-74.036,8.126],[-74.052,8.056],[-74.087,7.998],[-74.08,7.96],[-74.06,7.942],[-74.11,7.745],[-74.11,7.716],[-74.053,7.679],[-74.039,7.638],[-74.386,7.558],[-74.401,7.612],[-74.437,7.576],[-74.453,7.519],[-74.485,7.494],[-74.49,7.473],[-74.538,7.462],[-74.632,7.568],[-74.607,7.586],[-74.59,7.628],[-74.527,7.641],[-74.494,7.72],[-74.49,7.78],[-74.306,8.079],[-74.273,8.233]]]}},{"type":"Feature","properties":{"mpio":"20770","nombre":"San Martin","depto":"Cesar"},"geometry":{"type":"Polygon","coordinates":[[[-73.322,8.196],[-73.333,8.182],[-73.328,8.13],[-73.34,8.072],[-73.396,8.026],[-73.502,7.972],[-73.513,7.962],[-73.506,7.943],[-73.547,7.894],[-73.614,7.898],[-73.615,7.879],[-73.586,7.863],[-73.592,7.811],[-73.733,7.833],[-73.733,7.86],[-73.713,7.882],[-73.717,7.921],[-73.686,7.951],[-73.651,8.024],[-73.702,8.067],[-73.706,8.113],[-73.626,8.12],[-73.605,8.133],[-73.562,8.126],[-73.322,8.196]]]}},{"type":"Feature","properties":{"mpio":"54871","nombre":"Villa Caro","depto":"Norte De Santander"},"geometry":{"type":"Polygon","coordinates":[[[-72.897,8.156],[-72.882,8.147],[-72.884,8.109],[-72.868,8.091],[-72.872,8.06],[-72.856,8.045],[-72.756,8.038],[-72.789,7.994],[-72.793,7.924],[-72.834,7.914],[-72.84,7.877],[-72.903,7.806],[-72.958,7.982],[-72.983,8.007],[-72.986,8.041],[-72.975,8.075],[-72.948,8.074],[-72.903,8.102],[-72.897,8.156]]]}},{"type":"Feature","properties":{"mpio":"05045","nombre":"Apartado","depto":"Antioquia"},"geometry":{"type":"Polygon","coordinates":[[[-76.637,8.318],[-76.651,8.205],[-76.693,8.114],[-76.698,8.106],[-76.749,8.115],[-76.77,8.037],[-76.811,8.013],[-76.863,8.008],[-76.912,8.023],[-77.032,8.108],[-76.96,8.16],[-76.775,8.223],[-76.637,8.318]]]}},{"type":"Feature","properties":{"mpio":"05154","nombre":"Caucasia","depto":"Antioquia"},"geometry":{"type":"Polygon","coordinates":[[[-75.317,8.226],[-75.034,8.233],[-75.013,8.223],[-74.988,8.179],[-75.007,8.152],[-74.979,8.098],[-74.993,8.078],[-74.991,8.052],[-74.949,8.048],[-74.954,8.002],[-74.935,7.963],[-74.892,7.958],[-74.865,7.969],[-74.866,7.905],[-74.845,7.878],[-74.896,7.836],[-74.973,7.841],[-75.017,7.781],[-75.14,7.731],[-75.144,7.775],[-75.118,7.815],[-75.115,7.842],[-75.125,7.928],[-75.242,8.002],[-75.265,8.037],[-75.249,8.074],[-75.257,8.093],[-75.31,8.146],[-75.366,8.163],[-75.36,8.185],[-75.317,8.226]]]}},{"type":"Feature","properties":{"mpio":"20710","nombre":"San Alberto","depto":"Cesar"},"geometry":{"type":"Polygon","coordinates":[[[-73.328,8.13],[-73.235,8.086],[-73.21,8.022],[-73.224,7.985],[-73.289,7.964],[-73.281,7.879],[-73.339,7.826],[-73.354,7.783],[-73.437,7.778],[-73.539,7.82],[-73.592,7.811],[-73.586,7.863],[-73.615,7.879],[-73.614,7.898],[-73.547,7.894],[-73.506,7.943],[-73.513,7.962],[-73.502,7.972],[-73.396,8.026],[-73.34,8.072],[-73.328,8.13]]]}},{"type":"Feature","properties":{"mpio":"54418","nombre":"Lourdes","depto":"Norte De Santander"},"geometry":{"type":"Polygon","coordinates":[[[-72.674,8.033],[-72.669,7.98],[-72.681,7.964],[-72.792,7.938],[-72.789,7.994],[-72.739,8.062],[-72.72,8.042],[-72.674,8.033]]]}},{"type":"Feature","properties":{"mpio":"54313","nombre":"Gramalote","depto":"Norte De Santander"},"geometry":{"type":"Polygon","coordinates":[[[-72.626,8.04],[-72.645,7.968],[-72.624,7.856],[-72.715,7.858],[-72.722,7.886],[-72.792,7.938],[-72.681,7.964],[-72.669,7.98],[-72.674,8.033],[-72.626,8.04]]]}},{"type":"Feature","properties":{"mpio":"05120","nombre":"Caceres","depto":"Antioquia"},"geometry":{"type":"Polygon","coordinates":[[[-75.439,8.121],[-75.41,8.128],[-75.389,8.162],[-75.31,8.146],[-75.249,8.074],[-75.262,8.024],[-75.125,7.928],[-75.115,7.842],[-75.118,7.815],[-75.144,7.775],[-75.134,7.743],[-75.144,7.639],[-75.035,7.545],[-75.092,7.542],[-75.11,7.572],[-75.122,7.571],[-75.258,7.53],[-75.266,7.574],[-75.462,7.714],[-75.486,7.787],[-75.583,7.853],[-75.628,7.904],[-75.618,7.945],[-75.593,7.973],[-75.598,8.005],[-75.459,8.052],[-75.439,8.121]]]}},{"type":"Feature","properties":{"mpio":"23580","nombre":"Puerto Libertador","depto":"Cordoba"},"geometry":{"type":"Polygon","coordinates":[[[-75.991,7.59],[-76.067,7.572],[-76.077,7.65],[-76.112,7.729],[-76.103,7.831],[-76.084,7.859],[-76.089,7.886],[-76.073,7.923],[-75.956,7.997],[-76.002,8.064],[-75.989,8.134],[-75.962,8.16],[-75.909,8.171],[-75.807,8.137],[-75.768,8.07],[-75.72,7.935],[-75.764,7.928],[-75.813,7.891],[-75.842,7.785],[-75.958,7.626],[-75.985,7.611],[-75.991,7.59]]]}},{"type":"Feature","properties":{"mpio":"54680","nombre":"Santiago","depto":"Norte De Santander"},"geometry":{"type":"Polygon","coordinates":[[[-72.631,7.997],[-72.557,7.994],[-72.545,7.977],[-72.584,7.96],[-72.538,7.936],[-72.548,7.862],[-72.531,7.844],[-72.546,7.833],[-72.585,7.823],[-72.624,7.832],[-72.621,7.877],[-72.645,7.968],[-72.631,7.997]]]}},{"type":"Feature","properties":{"mpio":"54673","nombre":"San Cayetano","depto":"Norte De Santander"},"geometry":{"type":"Polygon","coordinates":[[[-72.538,7.936],[-72.497,7.94],[-72.409,7.893],[-72.444,7.851],[-72.44,7.797],[-72.458,7.75],[-72.482,7.762],[-72.511,7.847],[-72.537,7.844],[-72.548,7.862],[-72.538,7.936]]]}},{"type":"Feature","properties":{"mpio":"27615","nombre":"Riosucio","depto":"Choco"},"geometry":{"type":"Polygon","coordinates":[[[-77.523,8.145],[-77.408,8.12],[-77.395,8.099],[-77.411,8.075],[-77.447,8.063],[-77.391,7.978],[-77.299,7.913],[-77.256,7.862],[-77.226,7.854],[-77.241,7.809],[-77.274,7.826],[-77.372,7.805],[-77.378,7.768],[-77.285,7.704],[-77.265,7.659],[-77.22,7.627],[-77.139,7.596],[-77.138,7.471],[-77.19,7.441],[-77.197,7.452],[-77.184,7.47],[-77.208,7.488],[-77.261,7.477],[-77.338,7.501],[-77.346,7.449],[-77.377,7.416],[-77.362,7.406],[-77.368,7.374],[-77.401,7.382],[-77.425,7.371],[-77.453,7.31],[-77.465,7.33],[-77.484,7.327],[-77.476,7.395],[-77.544,7.331],[-77.543,7.314],[-77.609,7.27],[-77.618,7.188],[-77.595,7.182],[-77.586,7.148],[-77.616,7.15],[-77.589,7.102],[-77.608,7.103],[-77.625,7.023],[-77.669,7.039],[-77.741,7.041],[-77.765,6.974],[-77.816,6.946],[-77.826,6.993],[-77.814,7.027],[-77.831,7.041],[-77.828,7.076],[-77.87,7.137],[-77.891,7.147],[-77.859,7.214],[-77.886,7.253],[-77.885,7.299],[-77.906,7.323],[-77.911,7.384],[-77.895,7.406],[-77.921,7.437],[-77.993,7.456],[-78.006,7.48],[-78.003,7.528],[-78.031,7.544],[-78.074,7.616],[-78.04,7.705],[-78.052,7.741],[-78.045,7.753],[-78.077,7.805],[-78.099,7.878],[-78.075,7.914],[-78.001,7.89],[-77.915,7.755],[-77.895,7.75],[-77.869,7.779],[-77.852,7.843],[-77.694,8.043],[-77.523,8.145]]]}},{"type":"Feature","properties":{"mpio":"05147","nombre":"Carepa","depto":"Antioquia"},"geometry":{"type":"Polygon","coordinates":[[[-77.033,8.113],[-76.912,8.023],[-76.863,8.008],[-76.811,8.013],[-76.77,8.037],[-76.749,8.115],[-76.698,8.106],[-76.72,8.065],[-76.728,8.003],[-76.917,7.972],[-76.992,7.991],[-77.029,8.014],[-77.07,8.017],[-77.074,8.082],[-77.033,8.113]]]}},{"type":"Feature","properties":{"mpio":"54660","nombre":"Salazar","depto":"Norte De Santander"},"geometry":{"type":"Polygon","coordinates":[[[-72.624,7.856],[-72.624,7.832],[-72.585,7.823],[-72.582,7.808],[-72.623,7.765],[-72.616,7.75],[-72.655,7.744],[-72.664,7.759],[-72.701,7.728],[-72.789,7.717],[-72.809,7.725],[-72.843,7.71],[-72.903,7.739],[-72.903,7.806],[-72.84,7.877],[-72.834,7.914],[-72.793,7.924],[-72.792,7.938],[-72.722,7.886],[-72.715,7.858],[-72.624,7.856]]]}},{"type":"Feature","properties":{"mpio":"54874","nombre":"Villa Del Rosario","depto":"Norte De Santander"},"geometry":{"type":"Polygon","coordinates":[[[-72.33,7.894],[-72.308,7.853],[-72.356,7.726],[-72.356,7.643],[-72.395,7.643],[-72.412,7.657],[-72.364,7.762],[-72.381,7.83],[-72.363,7.877],[-72.33,7.894]]]}},{"type":"Feature","properties":{"mpio":"54128","nombre":"Cachira","depto":"Norte De Santander"},"geometry":{"type":"Polygon","coordinates":[[[-72.935,7.896],[-72.903,7.816],[-72.903,7.739],[-72.871,7.716],[-72.882,7.669],[-72.914,7.661],[-72.958,7.674],[-72.979,7.659],[-73.144,7.678],[-73.188,7.656],[-73.193,7.623],[-73.225,7.593],[-73.303,7.619],[-73.344,7.647],[-73.339,7.692],[-73.292,7.744],[-73.253,7.745],[-73.148,7.784],[-73.06,7.86],[-73.017,7.824],[-72.981,7.826],[-72.935,7.896]]]}},{"type":"Feature","properties":{"mpio":"54239","nombre":"Durania","depto":"Norte De Santander"},"geometry":{"type":"Polygon","coordinates":[[[-72.585,7.823],[-72.511,7.847],[-72.482,7.762],[-72.522,7.685],[-72.588,7.654],[-72.591,7.704],[-72.618,7.719],[-72.623,7.765],[-72.593,7.79],[-72.585,7.823]]]}},{"type":"Feature","properties":{"mpio":"54405","nombre":"Los Patios","depto":"Norte De Santander"},"geometry":{"type":"Polygon","coordinates":[[[-72.381,7.83],[-72.364,7.762],[-72.412,7.657],[-72.462,7.69],[-72.449,7.73],[-72.402,7.759],[-72.381,7.83]]]}},{"type":"Feature","properties":{"mpio":"54385","nombre":"La Esperanza","depto":"Norte De Santander"},"geometry":{"type":"Polygon","coordinates":[[[-73.066,7.854],[-73.148,7.784],[-73.253,7.745],[-73.292,7.744],[-73.339,7.692],[-73.344,7.647],[-73.376,7.641],[-73.468,7.674],[-73.548,7.785],[-73.592,7.811],[-73.539,7.82],[-73.437,7.778],[-73.382,7.777],[-73.354,7.783],[-73.339,7.826],[-73.284,7.877],[-73.164,7.858],[-73.098,7.865],[-73.066,7.854]]]}},{"type":"Feature","properties":{"mpio":"05172","nombre":"Chigorodo","depto":"Antioquia"},"geometry":{"type":"Polygon","coordinates":[[[-77.07,8.017],[-77.029,8.014],[-76.992,7.991],[-76.917,7.972],[-76.728,8.003],[-76.746,7.885],[-76.725,7.822],[-76.837,7.687],[-76.879,7.694],[-76.903,7.748],[-76.937,7.767],[-76.962,7.81],[-76.961,7.835],[-77.057,7.9],[-77.044,7.94],[-77.07,8.017]]]}},{"type":"Feature","properties":{"mpio":"05790","nombre":"Taraza","depto":"Antioquia"},"geometry":{"type":"Polygon","coordinates":[[[-75.72,7.935],[-75.675,7.907],[-75.616,7.895],[-75.583,7.853],[-75.486,7.787],[-75.462,7.714],[-75.266,7.574],[-75.258,7.53],[-75.307,7.412],[-75.387,7.405],[-75.374,7.496],[-75.34,7.544],[-75.403,7.598],[-75.499,7.546],[-75.634,7.552],[-75.652,7.52],[-75.709,7.582],[-75.857,7.596],[-75.991,7.59],[-75.985,7.611],[-75.958,7.626],[-75.842,7.785],[-75.813,7.891],[-75.764,7.928],[-75.72,7.935]]]}},{"type":"Feature","properties":{"mpio":"54099","nombre":"Bochalema","depto":"Norte De Santander"},"geometry":{"type":"Polygon","coordinates":[[[-72.482,7.762],[-72.455,7.749],[-72.449,7.73],[-72.508,7.609],[-72.515,7.587],[-72.504,7.573],[-72.553,7.556],[-72.569,7.538],[-72.596,7.54],[-72.618,7.566],[-72.604,7.597],[-72.623,7.642],[-72.593,7.646],[-72.522,7.685],[-72.482,7.762]]]}},{"type":"Feature","properties":{"mpio":"68615","nombre":"Rionegro","depto":"Santander"},"geometry":{"type":"Polygon","coordinates":[[[-73.733,7.833],[-73.584,7.809],[-73.548,7.785],[-73.46,7.669],[-73.403,7.645],[-73.344,7.647],[-73.248,7.595],[-73.225,7.593],[-73.202,7.615],[-73.186,7.593],[-73.217,7.535],[-73.205,7.513],[-73.162,7.523],[-73.132,7.485],[-73.085,7.48],[-73.017,7.501],[-73.006,7.516],[-73.019,7.449],[-73.067,7.395],[-73.037,7.373],[-72.999,7.28],[-73.068,7.252],[-73.147,7.267],[-73.22,7.403],[-73.272,7.402],[-73.287,7.476],[-73.305,7.478],[-73.308,7.469],[-73.373,7.501],[-73.414,7.572],[-73.463,7.59],[-73.513,7.656],[-73.607,7.691],[-73.615,7.729],[-73.674,7.777],[-73.729,7.783],[-73.733,7.833]]]}},{"type":"Feature","properties":{"mpio":"54051","nombre":"Arboledas","depto":"Norte De Santander"},"geometry":{"type":"Polygon","coordinates":[[[-72.871,7.716],[-72.701,7.728],[-72.664,7.759],[-72.655,7.744],[-72.616,7.75],[-72.618,7.719],[-72.591,7.704],[-72.588,7.654],[-72.639,7.639],[-72.688,7.642],[-72.724,7.604],[-72.723,7.577],[-72.763,7.515],[-72.792,7.49],[-72.818,7.492],[-72.877,7.55],[-72.907,7.608],[-72.914,7.661],[-72.882,7.669],[-72.871,7.716]]]}},{"type":"Feature","properties":{"mpio":"05895","nombre":"Zaragoza","depto":"Antioquia"},"geometry":{"type":"Polygon","coordinates":[[[-74.845,7.878],[-74.822,7.875],[-74.819,7.86],[-74.836,7.799],[-74.881,7.747],[-74.867,7.709],[-74.781,7.576],[-74.712,7.567],[-74.665,7.518],[-74.914,7.464],[-74.977,7.436],[-74.954,7.471],[-74.973,7.509],[-74.955,7.543],[-74.975,7.584],[-74.991,7.585],[-75.007,7.559],[-75.038,7.555],[-75.138,7.628],[-75.14,7.731],[-75.017,7.781],[-74.973,7.841],[-74.896,7.836],[-74.845,7.878]]]}},{"type":"Feature","properties":{"mpio":"68655","nombre":"Sabana De Torres","depto":"Santander"},"geometry":{"type":"Polygon","coordinates":[[[-73.308,7.469],[-73.314,7.422],[-73.367,7.331],[-73.506,7.265],[-73.529,7.332],[-73.626,7.442],[-73.712,7.494],[-73.69,7.509],[-73.685,7.567],[-73.745,7.6],[-73.75,7.626],[-73.718,7.617],[-73.668,7.651],[-73.733,7.722],[-73.729,7.783],[-73.674,7.777],[-73.615,7.729],[-73.607,7.691],[-73.513,7.656],[-73.463,7.59],[-73.414,7.572],[-73.373,7.501],[-73.308,7.469]]]}},{"type":"Feature","properties":{"mpio":"54172","nombre":"Chinacota","depto":"Norte De Santander"},"geometry":{"type":"Polygon","coordinates":[[[-72.462,7.69],[-72.395,7.643],[-72.396,7.614],[-72.422,7.583],[-72.405,7.534],[-72.417,7.52],[-72.398,7.479],[-72.418,7.461],[-72.448,7.457],[-72.476,7.497],[-72.485,7.578],[-72.513,7.578],[-72.493,7.65],[-72.462,7.69]]]}},{"type":"Feature","properties":{"mpio":"54599","nombre":"Ragonvalia","depto":"Norte De Santander"},"geometry":{"type":"Polygon","coordinates":[[[-72.395,7.643],[-72.356,7.643],[-72.334,7.566],[-72.34,7.542],[-72.412,7.544],[-72.422,7.583],[-72.396,7.614],[-72.395,7.643]]]}},{"type":"Feature","properties":{"mpio":"68780","nombre":"Surata","depto":"Santander"},"geometry":{"type":"Polygon","coordinates":[[[-72.914,7.661],[-72.904,7.6],[-72.877,7.55],[-72.899,7.545],[-72.915,7.565],[-72.923,7.557],[-72.901,7.52],[-72.913,7.458],[-72.945,7.508],[-73.006,7.516],[-73.012,7.556],[-72.974,7.623],[-72.971,7.644],[-72.983,7.661],[-72.951,7.675],[-72.914,7.661]]]}},{"type":"Feature","properties":{"mpio":"54223","nombre":"Cucutilla","depto":"Norte De Santander"},"geometry":{"type":"Polygon","coordinates":[[[-72.618,7.566],[-72.57,7.515],[-72.576,7.47],[-72.653,7.445],[-72.74,7.376],[-72.776,7.391],[-72.818,7.492],[-72.792,7.49],[-72.763,7.515],[-72.723,7.577],[-72.724,7.604],[-72.688,7.642],[-72.623,7.642],[-72.604,7.597],[-72.618,7.566]]]}},{"type":"Feature","properties":{"mpio":"68255","nombre":"El Playon","depto":"Santander"},"geometry":{"type":"Polygon","coordinates":[[[-72.983,7.661],[-72.971,7.644],[-72.974,7.623],[-73.012,7.556],[-73.006,7.516],[-73.017,7.501],[-73.114,7.48],[-73.146,7.496],[-73.162,7.523],[-73.205,7.513],[-73.217,7.535],[-73.186,7.593],[-73.202,7.615],[-73.188,7.656],[-73.168,7.673],[-73.094,7.677],[-73.07,7.664],[-72.983,7.661]]]}},{"type":"Feature","properties":{"mpio":"54520","nombre":"Pamplonita","depto":"Norte De Santander"},"geometry":{"type":"Polygon","coordinates":[[[-72.585,7.539],[-72.517,7.56],[-72.496,7.585],[-72.485,7.578],[-72.476,7.497],[-72.448,7.457],[-72.462,7.441],[-72.42,7.405],[-72.459,7.397],[-72.47,7.413],[-72.519,7.412],[-72.54,7.424],[-72.582,7.472],[-72.57,7.515],[-72.585,7.539]]]}},{"type":"Feature","properties":{"mpio":"54347","nombre":"Herran","depto":"Norte De Santander"},"geometry":{"type":"Polygon","coordinates":[[[-72.412,7.544],[-72.34,7.542],[-72.353,7.503],[-72.317,7.463],[-72.299,7.393],[-72.398,7.479],[-72.417,7.52],[-72.405,7.534],[-72.412,7.544]]]}},{"type":"Feature","properties":{"mpio":"13670","nombre":"San Pablo","depto":"Bolivar"},"geometry":{"type":"Polygon","coordinates":[[[-73.855,7.632],[-73.904,7.586],[-73.902,7.552],[-73.973,7.561],[-74.064,7.488],[-74.114,7.509],[-74.148,7.501],[-74.166,7.438],[-74.31,7.37],[-74.32,7.358],[-74.316,7.323],[-74.275,7.266],[-74.3,7.184],[-74.295,7.109],[-74.339,7.109],[-74.378,7.13],[-74.379,7.172],[-74.41,7.226],[-74.441,7.324],[-74.431,7.374],[-74.44,7.449],[-74.373,7.508],[-74.386,7.558],[-74.082,7.633],[-74.039,7.638],[-73.986,7.614],[-73.925,7.635],[-73.855,7.632]]]}},{"type":"Feature","properties":{"mpio":"68132","nombre":"California","depto":"Santander"},"geometry":{"type":"Polygon","coordinates":[[[-72.833,7.516],[-72.863,7.37],[-72.887,7.346],[-72.915,7.381],[-72.901,7.52],[-72.923,7.557],[-72.915,7.565],[-72.899,7.545],[-72.877,7.55],[-72.833,7.516]]]}},{"type":"Feature","properties":{"mpio":"27372","nombre":"Jurado","depto":"Choco"},"geometry":{"type":"Polygon","coordinates":[[[-78.052,7.741],[-78.04,7.705],[-78.074,7.616],[-78.031,7.544],[-78.003,7.528],[-78.006,7.48],[-77.993,7.456],[-77.921,7.437],[-77.895,7.406],[-77.911,7.384],[-77.906,7.323],[-77.885,7.299],[-77.886,7.253],[-77.859,7.214],[-77.891,7.147],[-77.87,7.137],[-77.828,7.076],[-77.831,7.041],[-77.814,7.027],[-77.826,6.993],[-77.822,6.951],[-77.765,6.974],[-77.741,7.041],[-77.641,7.028],[-77.705,6.987],[-77.706,6.966],[-77.779,6.9],[-77.778,6.866],[-77.802,6.864],[-77.815,6.877],[-77.809,6.906],[-77.857,7.005],[-77.984,7.091],[-78.006,7.075],[-78.013,7.084],[-78.021,7.097],[-78.01,7.159],[-77.982,7.176],[-77.974,7.204],[-78.009,7.234],[-78.018,7.266],[-78.05,7.305],[-78.095,7.321],[-78.213,7.412],[-78.261,7.478],[-78.261,7.519],[-78.239,7.591],[-78.191,7.694],[-78.052,7.741]]]}},{"type":"Feature","properties":{"mpio":"05736","nombre":"Segovia","depto":"Antioquia"},"geometry":{"type":"Polygon","coordinates":[[[-74.618,7.544],[-74.566,7.502],[-74.538,7.462],[-74.501,7.466],[-74.453,7.519],[-74.437,7.576],[-74.401,7.612],[-74.372,7.52],[-74.381,7.496],[-74.435,7.46],[-74.432,7.382],[-74.569,7.331],[-74.694,7.264],[-74.713,7.248],[-74.705,7.227],[-74.719,7.197],[-74.76,7.208],[-74.822,7.26],[-74.895,7.266],[-74.93,7.346],[-74.983,7.389],[-74.977,7.436],[-74.958,7.452],[-74.653,7.52],[-74.621,7.53],[-74.618,7.544]]]}},{"type":"Feature","properties":{"mpio":"68867","nombre":"Vetas","depto":"Santander"},"geometry":{"type":"Polygon","coordinates":[[[-72.833,7.516],[-72.776,7.391],[-72.736,7.355],[-72.739,7.336],[-72.785,7.283],[-72.821,7.321],[-72.887,7.346],[-72.863,7.37],[-72.833,7.516]]]}},{"type":"Feature","properties":{"mpio":"54820","nombre":"Toledo","depto":"Norte De Santander"},"geometry":{"type":"Polygon","coordinates":[[[-72.398,7.479],[-72.31,7.396],[-72.221,7.363],[-72.086,7.371],[-72.012,7.335],[-72.025,7.232],[-71.901,6.982],[-71.944,6.997],[-72.005,6.992],[-72.035,7.007],[-72.072,6.961],[-72.114,6.948],[-72.113,6.972],[-72.131,6.98],[-72.149,6.971],[-72.156,6.998],[-72.209,7.068],[-72.339,7.131],[-72.32,7.213],[-72.358,7.27],[-72.393,7.401],[-72.42,7.405],[-72.462,7.441],[-72.398,7.479]]]}},{"type":"Feature","properties":{"mpio":"68444","nombre":"Matanza","depto":"Santander"},"geometry":{"type":"Polygon","coordinates":[[[-73.006,7.516],[-72.945,7.508],[-72.93,7.487],[-72.907,7.45],[-72.915,7.381],[-72.887,7.346],[-72.971,7.283],[-72.98,7.235],[-72.997,7.251],[-73.011,7.325],[-73.03,7.341],[-73.037,7.373],[-73.067,7.395],[-73.019,7.449],[-73.006,7.516]]]}},{"type":"Feature","properties":{"mpio":"13160","nombre":"Cantagallo","depto":"Bolivar"},"geometry":{"type":"Polygon","coordinates":[[[-73.924,7.374],[-74.243,7.107],[-74.295,7.109],[-74.3,7.184],[-74.275,7.266],[-74.316,7.323],[-74.32,7.358],[-74.166,7.438],[-74.148,7.501],[-74.114,7.509],[-74.064,7.488],[-73.973,7.561],[-73.902,7.552],[-73.896,7.493],[-73.93,7.387],[-73.924,7.374]]]}},{"type":"Feature","properties":{"mpio":"54518","nombre":"Pamplona","depto":"Norte De Santander"},"geometry":{"type":"Polygon","coordinates":[[[-72.459,7.397],[-72.46,7.333],[-72.413,7.276],[-72.448,7.247],[-72.491,7.316],[-72.574,7.319],[-72.614,7.383],[-72.673,7.368],[-72.718,7.391],[-72.696,7.419],[-72.582,7.472],[-72.54,7.424],[-72.519,7.412],[-72.47,7.413],[-72.459,7.397]]]}},{"type":"Feature","properties":{"mpio":"05040","nombre":"Anori","depto":"Antioquia"},"geometry":{"type":"Polygon","coordinates":[[[-75.038,7.555],[-75.007,7.559],[-74.991,7.585],[-74.975,7.584],[-74.955,7.543],[-74.973,7.509],[-74.954,7.471],[-74.977,7.436],[-74.997,7.44],[-75.009,7.43],[-75.018,7.4],[-75.096,7.3],[-75.141,7.205],[-75.144,7.145],[-75.224,7.077],[-75.264,7.059],[-75.319,7.111],[-75.369,7.133],[-75.352,7.171],[-75.304,7.172],[-75.35,7.208],[-75.364,7.27],[-75.389,7.288],[-75.42,7.34],[-75.422,7.386],[-75.357,7.413],[-75.307,7.412],[-75.264,7.53],[-75.122,7.571],[-75.11,7.572],[-75.092,7.542],[-75.05,7.541],[-75.035,7.545],[-75.038,7.555]]]}},{"type":"Feature","properties":{"mpio":"05854","nombre":"Valdivia","depto":"Antioquia"},"geometry":{"type":"Polygon","coordinates":[[[-75.387,7.405],[-75.405,7.398],[-75.43,7.422],[-75.449,7.413],[-75.514,7.315],[-75.571,7.26],[-75.589,7.258],[-75.605,7.298],[-75.585,7.32],[-75.587,7.405],[-75.574,7.405],[-75.571,7.427],[-75.595,7.46],[-75.595,7.485],[-75.619,7.493],[-75.636,7.484],[-75.651,7.52],[-75.634,7.552],[-75.499,7.546],[-75.403,7.598],[-75.34,7.544],[-75.374,7.496],[-75.387,7.405]]]}},{"type":"Feature","properties":{"mpio":"05361","nombre":"Ituango","depto":"Antioquia"},"geometry":{"type":"Polygon","coordinates":[[[-76.197,7.558],[-75.991,7.59],[-75.857,7.596],[-75.709,7.582],[-75.673,7.553],[-75.636,7.484],[-75.619,7.493],[-75.595,7.485],[-75.57,7.413],[-75.596,7.4],[-75.643,7.403],[-75.72,7.366],[-75.759,7.321],[-75.794,7.31],[-75.818,7.274],[-75.91,7.243],[-76.019,7.333],[-76.026,7.399],[-76.063,7.391],[-76.122,7.313],[-76.186,7.357],[-76.287,7.341],[-76.508,7.516],[-76.601,7.617],[-76.537,7.565],[-76.197,7.558]]]}},{"type":"Feature","properties":{"mpio":"68406","nombre":"Lebrija","depto":"Santander"},"geometry":{"type":"Polygon","coordinates":[[[-73.367,7.331],[-73.314,7.422],[-73.305,7.478],[-73.287,7.476],[-73.272,7.402],[-73.22,7.403],[-73.161,7.279],[-73.113,7.257],[-73.11,7.192],[-73.128,7.149],[-73.132,7.062],[-73.196,7.089],[-73.207,7.102],[-73.192,7.116],[-73.199,7.131],[-73.294,7.222],[-73.367,7.331]]]}},{"type":"Feature","properties":{"mpio":"54377","nombre":"Labateca","depto":"Norte De Santander"},"geometry":{"type":"Polygon","coordinates":[[[-72.459,7.397],[-72.393,7.401],[-72.358,7.27],[-72.32,7.213],[-72.344,7.14],[-72.454,7.151],[-72.442,7.219],[-72.448,7.247],[-72.413,7.276],[-72.46,7.333],[-72.459,7.397]]]}},{"type":"Feature","properties":{"mpio":"54480","nombre":"Mutiscua","depto":"Norte De Santander"},"geometry":{"type":"Polygon","coordinates":[[[-72.751,7.377],[-72.718,7.391],[-72.69,7.371],[-72.656,7.367],[-72.614,7.383],[-72.581,7.326],[-72.605,7.323],[-72.616,7.266],[-72.648,7.28],[-72.672,7.272],[-72.721,7.298],[-72.72,7.323],[-72.749,7.331],[-72.736,7.355],[-72.751,7.377]]]}},{"type":"Feature","properties":{"mpio":"68169","nombre":"Charta","depto":"Santander"},"geometry":{"type":"Polygon","coordinates":[[[-72.887,7.346],[-72.821,7.321],[-72.785,7.283],[-72.853,7.273],[-72.905,7.283],[-72.944,7.239],[-72.98,7.235],[-72.971,7.283],[-72.887,7.346]]]}},{"type":"Feature","properties":{"mpio":"54125","nombre":"Cacota","depto":"Norte De Santander"},"geometry":{"type":"Polygon","coordinates":[[[-72.616,7.266],[-72.605,7.323],[-72.502,7.319],[-72.481,7.29],[-72.467,7.288],[-72.448,7.247],[-72.542,7.209],[-72.561,7.254],[-72.591,7.252],[-72.616,7.266]]]}},{"type":"Feature","properties":{"mpio":"54743","nombre":"Silos","depto":"Norte De Santander"},"geometry":{"type":"Polygon","coordinates":[[[-72.783,7.285],[-72.749,7.331],[-72.72,7.323],[-72.721,7.298],[-72.694,7.281],[-72.648,7.28],[-72.592,7.26],[-72.577,7.203],[-72.624,7.139],[-72.649,7.02],[-72.693,7.042],[-72.698,7.058],[-72.754,7.068],[-72.786,7.093],[-72.742,7.193],[-72.783,7.285]]]}},{"type":"Feature","properties":{"mpio":"05031","nombre":"Amalfi","depto":"Antioquia"},"geometry":{"type":"Polygon","coordinates":[[[-74.977,7.436],[-74.983,7.389],[-74.93,7.346],[-74.895,7.283],[-74.888,7.224],[-74.907,7.18],[-74.894,7.15],[-74.919,7.064],[-74.974,7.003],[-74.97,6.986],[-75.025,6.914],[-75.052,6.947],[-75.104,6.969],[-75.118,6.954],[-75.114,6.92],[-75.187,6.923],[-75.265,6.982],[-75.261,7.065],[-75.224,7.077],[-75.144,7.145],[-75.141,7.205],[-75.096,7.3],[-75.018,7.4],[-75.009,7.43],[-74.997,7.44],[-74.977,7.436]]]}},{"type":"Feature","properties":{"mpio":"05893","nombre":"Yondo","depto":"Antioquia"},"geometry":{"type":"Polygon","coordinates":[[[-73.924,7.374],[-73.909,7.19],[-73.86,7.097],[-73.868,7.079],[-73.922,7.032],[-73.982,7.013],[-74.095,6.933],[-74.13,6.868],[-74.172,6.834],[-74.248,6.803],[-74.284,6.762],[-74.334,6.734],[-74.38,6.728],[-74.417,6.812],[-74.466,6.851],[-74.464,6.89],[-74.486,6.946],[-74.425,6.952],[-74.405,7.016],[-74.334,7.04],[-74.312,7.064],[-74.276,7.078],[-74.258,7.108],[-74.243,7.107],[-73.924,7.374]]]}},{"type":"Feature","properties":{"mpio":"68307","nombre":"Giron","depto":"Santander"},"geometry":{"type":"Polygon","coordinates":[[[-73.113,7.257],[-73.077,7.248],[-73.087,7.13],[-73.047,7.104],[-73.014,6.994],[-73.024,6.973],[-73.017,6.936],[-73.097,6.92],[-73.151,6.965],[-73.15,7.002],[-73.172,7.033],[-73.322,7.143],[-73.529,7.244],[-73.367,7.331],[-73.294,7.222],[-73.199,7.131],[-73.192,7.116],[-73.207,7.102],[-73.196,7.089],[-73.132,7.062],[-73.128,7.149],[-73.11,7.192],[-73.113,7.257]]]}},{"type":"Feature","properties":{"mpio":"05604","nombre":"Remedios","depto":"Antioquia"},"geometry":{"type":"Polygon","coordinates":[[[-74.895,7.266],[-74.822,7.26],[-74.76,7.208],[-74.719,7.197],[-74.705,7.227],[-74.713,7.248],[-74.694,7.264],[-74.569,7.331],[-74.432,7.382],[-74.44,7.306],[-74.379,7.172],[-74.378,7.13],[-74.317,7.104],[-74.258,7.108],[-74.26,7.096],[-74.334,7.04],[-74.405,7.016],[-74.425,6.952],[-74.486,6.946],[-74.464,6.89],[-74.466,6.851],[-74.48,6.856],[-74.536,6.813],[-74.614,6.825],[-74.624,6.896],[-74.615,6.975],[-74.639,7.025],[-74.72,7.024],[-74.79,6.991],[-74.856,7.014],[-74.9,7.133],[-74.894,7.15],[-74.907,7.18],[-74.888,7.224],[-74.895,7.266]]]}},{"type":"Feature","properties":{"mpio":"68820","nombre":"Tona","depto":"Santander"},"geometry":{"type":"Polygon","coordinates":[[[-72.785,7.283],[-72.742,7.193],[-72.786,7.094],[-72.835,7.124],[-72.856,7.121],[-72.858,7.134],[-72.912,7.137],[-72.931,7.172],[-72.952,7.175],[-72.975,7.198],[-72.97,7.231],[-72.923,7.253],[-72.905,7.283],[-72.853,7.273],[-72.785,7.283]]]}},{"type":"Feature","properties":{"mpio":"05887","nombre":"Yarumal","depto":"Antioquia"},"geometry":{"type":"Polygon","coordinates":[[[-75.405,7.398],[-75.423,7.374],[-75.453,7.372],[-75.457,7.359],[-75.422,7.276],[-75.454,7.159],[-75.481,7.146],[-75.477,7.106],[-75.592,6.984],[-75.605,6.939],[-75.645,7.011],[-75.722,7.054],[-75.72,7.083],[-75.696,7.108],[-75.699,7.133],[-75.761,7.198],[-75.712,7.23],[-75.684,7.199],[-75.653,7.205],[-75.514,7.315],[-75.449,7.413],[-75.43,7.422],[-75.405,7.398]]]}},{"type":"Feature","properties":{"mpio":"54174","nombre":"Chitaga","depto":"Norte De Santander"},"geometry":{"type":"Polygon","coordinates":[[[-72.591,7.252],[-72.561,7.254],[-72.542,7.209],[-72.448,7.247],[-72.442,7.219],[-72.454,7.151],[-72.344,7.14],[-72.209,7.068],[-72.156,6.998],[-72.149,6.971],[-72.207,6.876],[-72.273,6.851],[-72.367,6.895],[-72.436,6.891],[-72.443,6.908],[-72.428,6.947],[-72.461,6.993],[-72.566,6.987],[-72.58,7.007],[-72.644,7.015],[-72.645,7.066],[-72.624,7.139],[-72.577,7.203],[-72.591,7.252]]]}},{"type":"Feature","properties":{"mpio":"68001","nombre":"Bucaramanga","depto":"Santander"},"geometry":{"type":"Polygon","coordinates":[[[-73.079,7.254],[-72.999,7.28],[-72.997,7.251],[-72.97,7.231],[-72.975,7.198],[-72.954,7.179],[-73.028,7.109],[-73.047,7.104],[-73.087,7.13],[-73.079,7.254]]]}},{"type":"Feature","properties":{"mpio":"68081","nombre":"Barrancabermeja","depto":"Santander"},"geometry":{"type":"Polygon","coordinates":[[[-73.921,7.282],[-73.869,7.279],[-73.793,7.313],[-73.773,7.304],[-73.751,7.323],[-73.735,7.308],[-73.663,7.319],[-73.466,7.211],[-73.66,7.023],[-73.641,6.976],[-73.697,6.936],[-73.74,6.924],[-73.744,6.939],[-73.784,6.956],[-73.829,7.024],[-73.85,7.034],[-73.885,7.015],[-73.909,6.966],[-73.997,6.958],[-74.014,6.94],[-74.021,6.949],[-74.04,6.938],[-74.055,6.963],[-73.982,7.013],[-73.922,7.032],[-73.861,7.093],[-73.909,7.19],[-73.905,7.231],[-73.921,7.282]]]}},{"type":"Feature","properties":{"mpio":"05107","nombre":"Brice¥O","depto":"Antioquia"},"geometry":{"type":"Polygon","coordinates":[[[-75.587,7.405],[-75.585,7.32],[-75.605,7.298],[-75.596,7.264],[-75.581,7.257],[-75.653,7.205],[-75.684,7.199],[-75.712,7.23],[-75.761,7.198],[-75.795,7.21],[-75.822,7.271],[-75.794,7.31],[-75.759,7.321],[-75.72,7.366],[-75.643,7.403],[-75.587,7.405]]]}},{"type":"Feature","properties":{"mpio":"05543","nombre":"Peque","depto":"Antioquia"},"geometry":{"type":"Polygon","coordinates":[[[-76.122,7.313],[-76.063,7.391],[-76.026,7.399],[-76.019,7.333],[-75.91,7.243],[-75.957,7.179],[-75.983,7.064],[-75.998,7.067],[-76.043,7.118],[-76.053,7.171],[-76.123,7.199],[-76.107,7.279],[-76.122,7.313]]]}},{"type":"Feature","properties":{"mpio":"05234","nombre":"Dabeiba","depto":"Antioquia"},"geometry":{"type":"Polygon","coordinates":[[[-76.413,7.357],[-76.26,7.343],[-76.186,7.357],[-76.118,7.311],[-76.107,7.279],[-76.123,7.221],[-76.186,7.225],[-76.22,7.203],[-76.371,7.187],[-76.421,7.112],[-76.452,7.026],[-76.5,7.013],[-76.6,7.046],[-76.622,7.035],[-76.619,6.96],[-76.638,6.924],[-76.75,6.895],[-76.743,6.985],[-76.754,7.056],[-76.736,7.107],[-76.738,7.155],[-76.756,7.179],[-76.746,7.272],[-76.736,7.289],[-76.704,7.288],[-76.666,7.307],[-76.629,7.405],[-76.518,7.399],[-76.413,7.357]]]}},{"type":"Feature","properties":{"mpio":"05134","nombre":"Campamento","depto":"Antioquia"},"geometry":{"type":"Polygon","coordinates":[[[-75.423,7.374],[-75.42,7.34],[-75.356,7.253],[-75.35,7.208],[-75.304,7.172],[-75.352,7.171],[-75.369,7.133],[-75.428,7.105],[-75.464,7.103],[-75.479,7.111],[-75.481,7.146],[-75.454,7.159],[-75.422,7.276],[-75.457,7.359],[-75.453,7.372],[-75.423,7.374]]]}},{"type":"Feature","properties":{"mpio":"68689","nombre":"San Vicente De Chucuri","depto":"Santander"},"geometry":{"type":"Polygon","coordinates":[[[-73.66,7.023],[-73.457,7.21],[-73.471,7.178],[-73.47,7.138],[-73.447,7.116],[-73.439,7.046],[-73.303,6.998],[-73.284,6.944],[-73.293,6.839],[-73.31,6.8],[-73.299,6.781],[-73.321,6.759],[-73.326,6.683],[-73.368,6.744],[-73.403,6.771],[-73.433,6.779],[-73.502,6.763],[-73.52,6.778],[-73.518,6.82],[-73.558,6.914],[-73.647,6.964],[-73.641,6.976],[-73.66,7.023]]]}},{"type":"Feature","properties":{"mpio":"68276","nombre":"Floridablanca","depto":"Santander"},"geometry":{"type":"Polygon","coordinates":[[[-72.954,7.179],[-72.931,7.172],[-72.912,7.137],[-72.924,7.113],[-72.984,7.073],[-72.982,7.062],[-73.03,7.047],[-73.047,7.104],[-73.028,7.109],[-72.954,7.179]]]}},{"type":"Feature","properties":{"mpio":"68092","nombre":"Betulia","depto":"Santander"},"geometry":{"type":"Polygon","coordinates":[[[-73.457,7.21],[-73.322,7.143],[-73.172,7.033],[-73.15,7.002],[-73.151,6.965],[-73.182,6.907],[-73.202,6.908],[-73.261,6.976],[-73.28,7.04],[-73.319,7.051],[-73.418,7.035],[-73.439,7.046],[-73.447,7.116],[-73.47,7.138],[-73.471,7.178],[-73.457,7.21]]]}},{"type":"Feature","properties":{"mpio":"68547","nombre":"Piedecuesta","depto":"Santander"},"geometry":{"type":"Polygon","coordinates":[[[-72.912,7.137],[-72.858,7.134],[-72.856,7.121],[-72.835,7.124],[-72.786,7.094],[-72.85,6.985],[-72.909,6.949],[-72.823,6.864],[-72.846,6.839],[-72.898,6.823],[-72.921,6.86],[-72.993,6.928],[-73.017,6.936],[-73.015,6.998],[-73.031,7.032],[-73.03,7.047],[-72.982,7.062],[-72.984,7.073],[-72.944,7.091],[-72.912,7.137]]]}},{"type":"Feature","properties":{"mpio":"05819","nombre":"Toledo","depto":"Antioquia"},"geometry":{"type":"Polygon","coordinates":[[[-75.822,7.271],[-75.792,7.208],[-75.802,7.153],[-75.826,7.123],[-75.866,7.107],[-75.91,7.243],[-75.822,7.271]]]}},{"type":"Feature","properties":{"mpio":"81001","nombre":"Arauca","depto":"Arauca"},"geometry":{"type":"Polygon","coordinates":[[[-70.622,6.51],[-70.68,6.543],[-70.741,6.543],[-70.827,6.703],[-70.996,6.714],[-70.928,6.801],[-70.893,6.884],[-70.864,6.849],[-70.821,6.828],[-70.768,6.83],[-70.58,6.904],[-70.416,6.908],[-70.346,6.866],[-70.269,6.867],[-70.242,6.815],[-70.104,6.773],[-70.023,6.705],[-69.91,6.725],[-69.802,6.726],[-69.456,6.238],[-69.485,6.228],[-69.527,6.235],[-69.628,6.272],[-69.77,6.342],[-69.88,6.416],[-70.008,6.47],[-70.035,6.468],[-70.181,6.371],[-70.277,6.338],[-70.368,6.406],[-70.449,6.416],[-70.577,6.503],[-70.622,6.51]]]}},{"type":"Feature","properties":{"mpio":"68705","nombre":"Santa Barbara","depto":"Santander"},"geometry":{"type":"Polygon","coordinates":[[[-72.754,7.068],[-72.75,6.991],[-72.768,6.973],[-72.781,6.907],[-72.823,6.864],[-72.909,6.949],[-72.85,6.985],[-72.8,7.086],[-72.786,7.094],[-72.754,7.068]]]}},{"type":"Feature","properties":{"mpio":"05628","nombre":"Sabanalarga","depto":"Antioquia"},"geometry":{"type":"Polygon","coordinates":[[[-75.91,7.243],[-75.876,7.112],[-75.876,7.063],[-75.89,7.046],[-75.887,6.989],[-75.949,6.97],[-75.998,6.971],[-76.009,7.007],[-75.979,7.077],[-75.964,7.159],[-75.91,7.243]]]}},{"type":"Feature","properties":{"mpio":"81736","nombre":"Saravena","depto":"Arauca"},"geometry":{"type":"Polygon","coordinates":[[[-71.519,6.948],[-71.523,6.921],[-71.492,6.788],[-71.621,6.723],[-71.895,6.681],[-71.811,6.857],[-71.79,6.943],[-71.661,6.947],[-71.586,6.984],[-71.561,6.968],[-71.534,6.979],[-71.519,6.948]]]}},{"type":"Feature","properties":{"mpio":"81065","nombre":"Arauquita","depto":"Arauca"},"geometry":{"type":"Polygon","coordinates":[[[-70.893,6.884],[-70.928,6.801],[-70.996,6.714],[-70.827,6.703],[-70.741,6.543],[-70.68,6.543],[-70.622,6.51],[-70.551,6.33],[-71.009,6.398],[-71.431,6.751],[-71.492,6.788],[-71.526,6.938],[-71.512,6.948],[-71.462,6.938],[-71.454,6.967],[-71.376,6.927],[-71.281,6.927],[-71.248,6.904],[-71.212,6.922],[-71.14,6.89],[-71.069,6.896],[-70.958,6.872],[-70.893,6.884]]]}},{"type":"Feature","properties":{"mpio":"68318","nombre":"Guaca","depto":"Santander"},"geometry":{"type":"Polygon","coordinates":[[[-72.649,7.02],[-72.632,6.948],[-72.661,6.914],[-72.7,6.892],[-72.73,6.854],[-72.786,6.843],[-72.79,6.829],[-72.846,6.839],[-72.781,6.907],[-72.768,6.973],[-72.744,7.009],[-72.754,7.068],[-72.698,7.058],[-72.693,7.042],[-72.649,7.02]]]}},{"type":"Feature","properties":{"mpio":"05842","nombre":"Uramita","depto":"Antioquia"},"geometry":{"type":"Polygon","coordinates":[[[-76.123,7.199],[-76.158,7.174],[-76.195,7.114],[-76.324,7.105],[-76.336,7.093],[-76.414,7.117],[-76.39,7.172],[-76.371,7.187],[-76.22,7.203],[-76.186,7.225],[-76.123,7.221],[-76.123,7.199]]]}},{"type":"Feature","properties":{"mpio":"15223","nombre":"Cubara","depto":"Boyaca"},"geometry":{"type":"Polygon","coordinates":[[[-71.791,6.939],[-71.811,6.857],[-71.895,6.681],[-71.967,6.669],[-72.036,6.678],[-72.092,6.644],[-72.147,6.651],[-72.161,6.73],[-72.194,6.798],[-72.374,6.821],[-72.385,6.875],[-72.381,6.896],[-72.367,6.895],[-72.305,6.858],[-72.264,6.851],[-72.207,6.876],[-72.144,6.976],[-72.118,6.977],[-72.114,6.948],[-72.096,6.95],[-72.072,6.961],[-72.035,7.007],[-72.005,6.992],[-71.924,6.994],[-71.841,6.946],[-71.791,6.939]]]}},{"type":"Feature","properties":{"mpio":"05475","nombre":"Murindo","depto":"Antioquia"},"geometry":{"type":"Polygon","coordinates":[[[-76.756,7.179],[-76.738,7.155],[-76.736,7.107],[-76.754,7.056],[-76.743,6.964],[-76.765,6.844],[-76.817,6.86],[-76.827,6.85],[-76.884,6.854],[-76.907,6.868],[-76.939,6.851],[-76.977,6.854],[-77.051,6.865],[-77.087,6.886],[-77.081,6.931],[-77.13,6.993],[-77.146,6.996],[-77.141,7.029],[-77.108,7.065],[-77.06,7.041],[-77.04,7.05],[-77.056,7.07],[-77.019,7.075],[-77.01,7.089],[-77.026,7.164],[-77.062,7.183],[-77.06,7.226],[-76.923,7.24],[-76.756,7.179]]]}},{"type":"Feature","properties":{"mpio":"05647","nombre":"San Andres","depto":"Antioquia"},"geometry":{"type":"Polygon","coordinates":[[[-75.792,7.208],[-75.73,7.175],[-75.699,7.133],[-75.696,7.108],[-75.72,7.083],[-75.722,7.054],[-75.754,7.054],[-75.771,7.073],[-75.819,7.081],[-75.883,7.047],[-75.88,7.106],[-75.851,7.108],[-75.813,7.135],[-75.792,7.208]]]}},{"type":"Feature","properties":{"mpio":"05138","nombre":"Ca¥Asgordas","depto":"Antioquia"},"geometry":{"type":"Polygon","coordinates":[[[-76.065,7.172],[-76.104,7.101],[-76.104,7.039],[-76.134,6.993],[-76.095,6.903],[-76.163,6.842],[-76.194,6.867],[-76.207,6.923],[-76.245,6.958],[-76.26,7.02],[-76.336,7.093],[-76.324,7.105],[-76.195,7.114],[-76.126,7.205],[-76.113,7.189],[-76.065,7.172]]]}},{"type":"Feature","properties":{"mpio":"68162","nombre":"Cerrito","depto":"Santander"},"geometry":{"type":"Polygon","coordinates":[[[-72.623,6.904],[-72.649,7.02],[-72.58,7.007],[-72.566,6.987],[-72.461,6.993],[-72.428,6.947],[-72.443,6.908],[-72.419,6.863],[-72.433,6.804],[-72.507,6.802],[-72.552,6.824],[-72.58,6.807],[-72.621,6.832],[-72.634,6.869],[-72.623,6.904]]]}},{"type":"Feature","properties":{"mpio":"68895","nombre":"Zapatoca","depto":"Santander"},"geometry":{"type":"Polygon","coordinates":[[[-73.151,6.965],[-73.089,6.905],[-73.093,6.878],[-73.138,6.766],[-73.181,6.74],[-73.22,6.746],[-73.297,6.852],[-73.284,6.944],[-73.303,6.998],[-73.396,7.037],[-73.319,7.051],[-73.28,7.04],[-73.261,6.976],[-73.202,6.908],[-73.182,6.907],[-73.151,6.965]]]}},{"type":"Feature","properties":{"mpio":"05113","nombre":"Buritica","depto":"Antioquia"},"geometry":{"type":"Polygon","coordinates":[[[-75.986,7.065],[-76.009,7.007],[-76.003,6.972],[-76.012,6.954],[-75.999,6.924],[-76.004,6.891],[-75.977,6.822],[-76.015,6.839],[-76.043,6.878],[-76.096,6.905],[-76.134,6.993],[-76.104,7.039],[-76.104,7.101],[-76.065,7.172],[-76.048,7.166],[-76.043,7.118],[-75.986,7.065]]]}},{"type":"Feature","properties":{"mpio":"05858","nombre":"Vegachi","depto":"Antioquia"},"geometry":{"type":"Polygon","coordinates":[[[-74.897,7.121],[-74.882,7.065],[-74.841,7.002],[-74.79,6.991],[-74.72,7.024],[-74.639,7.025],[-74.615,6.975],[-74.624,6.896],[-74.68,6.915],[-74.774,6.906],[-74.82,6.915],[-74.89,6.868],[-74.928,6.864],[-75.025,6.914],[-74.97,6.986],[-74.974,7.003],[-74.919,7.064],[-74.897,7.121]]]}},{"type":"Feature","properties":{"mpio":"05038","nombre":"Angostura","depto":"Antioquia"},"geometry":{"type":"Polygon","coordinates":[[[-75.369,7.133],[-75.312,7.104],[-75.322,7.092],[-75.312,7.048],[-75.375,7.0],[-75.38,6.983],[-75.543,6.931],[-75.605,6.939],[-75.6,6.973],[-75.553,7.013],[-75.507,7.083],[-75.477,7.106],[-75.428,7.105],[-75.369,7.133]]]}},{"type":"Feature","properties":{"mpio":"05315","nombre":"Guadalupe","depto":"Antioquia"},"geometry":{"type":"Polygon","coordinates":[[[-75.312,7.104],[-75.264,7.059],[-75.285,7.004],[-75.304,6.976],[-75.334,6.964],[-75.331,6.953],[-75.38,6.983],[-75.375,7.0],[-75.312,7.048],[-75.322,7.092],[-75.312,7.104]]]}},{"type":"Feature","properties":{"mpio":"68745","nombre":"Simacota","depto":"Santander"},"geometry":{"type":"Polygon","coordinates":[[[-73.744,6.939],[-73.7,6.805],[-73.703,6.676],[-73.688,6.656],[-73.614,6.612],[-73.484,6.586],[-73.392,6.583],[-73.374,6.563],[-73.348,6.582],[-73.275,6.533],[-73.239,6.535],[-73.223,6.507],[-73.249,6.433],[-73.268,6.445],[-73.328,6.449],[-73.375,6.473],[-73.414,6.523],[-73.448,6.521],[-73.521,6.572],[-73.579,6.572],[-73.639,6.546],[-73.724,6.606],[-73.764,6.682],[-73.808,6.716],[-73.845,6.777],[-73.923,6.842],[-73.945,6.886],[-73.909,6.944],[-73.908,6.981],[-73.885,7.015],[-73.85,7.034],[-73.829,7.024],[-73.784,6.956],[-73.744,6.939]]]}},{"type":"Feature","properties":{"mpio":"68669","nombre":"San Andres","depto":"Santander"},"geometry":{"type":"Polygon","coordinates":[[[-72.632,6.948],[-72.63,6.839],[-72.642,6.782],[-72.67,6.757],[-72.673,6.73],[-72.806,6.701],[-72.79,6.729],[-72.786,6.843],[-72.73,6.854],[-72.632,6.948]]]}},{"type":"Feature","properties":{"mpio":"05284","nombre":"Frontino","depto":"Antioquia"},"geometry":{"type":"Polygon","coordinates":[[[-76.414,7.117],[-76.336,7.093],[-76.295,7.058],[-76.252,7.009],[-76.245,6.958],[-76.225,6.934],[-76.263,6.92],[-76.274,6.881],[-76.332,6.872],[-76.339,6.86],[-76.309,6.787],[-76.489,6.755],[-76.576,6.79],[-76.615,6.786],[-76.682,6.71],[-76.733,6.79],[-76.752,6.783],[-76.767,6.813],[-76.75,6.895],[-76.638,6.924],[-76.619,6.96],[-76.622,7.035],[-76.6,7.046],[-76.5,7.013],[-76.452,7.026],[-76.414,7.117]]]}},{"type":"Feature","properties":{"mpio":"05658","nombre":"San Jose De La Monta¥A","depto":"Antioquia"},"geometry":{"type":"Polygon","coordinates":[[[-75.754,7.054],[-75.768,7.034],[-75.739,6.98],[-75.753,6.96],[-75.776,6.959],[-75.807,6.924],[-75.839,6.913],[-75.857,6.935],[-75.86,6.979],[-75.889,6.985],[-75.89,7.046],[-75.869,7.048],[-75.819,7.081],[-75.771,7.073],[-75.754,7.054]]]}},{"type":"Feature","properties":{"mpio":"05310","nombre":"Gomez Plata","depto":"Antioquia"},"geometry":{"type":"Polygon","coordinates":[[[-75.353,6.842],[-75.334,6.964],[-75.304,6.976],[-75.285,7.004],[-75.264,7.059],[-75.265,6.982],[-75.192,6.927],[-75.2,6.886],[-75.182,6.854],[-75.198,6.838],[-75.197,6.807],[-75.234,6.748],[-75.283,6.704],[-75.31,6.749],[-75.37,6.789],[-75.384,6.819],[-75.382,6.833],[-75.353,6.842]]]}},{"type":"Feature","properties":{"mpio":"68207","nombre":"Concepcion","depto":"Santander"},"geometry":{"type":"Polygon","coordinates":[[[-72.381,6.896],[-72.367,6.78],[-72.376,6.714],[-72.466,6.739],[-72.47,6.725],[-72.523,6.695],[-72.573,6.708],[-72.655,6.776],[-72.642,6.782],[-72.63,6.839],[-72.58,6.807],[-72.552,6.824],[-72.507,6.802],[-72.433,6.804],[-72.419,6.863],[-72.436,6.891],[-72.381,6.896]]]}},{"type":"Feature","properties":{"mpio":"68418","nombre":"Los Santos","depto":"Santander"},"geometry":{"type":"Polygon","coordinates":[[[-73.103,6.922],[-73.033,6.939],[-72.993,6.928],[-72.921,6.86],[-72.939,6.805],[-72.997,6.761],[-73.052,6.754],[-73.097,6.774],[-73.12,6.8],[-73.09,6.894],[-73.103,6.922]]]}},{"type":"Feature","properties":{"mpio":"27099","nombre":"Bojaya","depto":"Choco"},"geometry":{"type":"Polygon","coordinates":[[[-77.136,7.081],[-77.165,7.025],[-77.207,7.025],[-77.206,7.009],[-77.191,7.007],[-77.196,6.951],[-77.16,6.924],[-77.192,6.893],[-77.172,6.885],[-77.161,6.895],[-77.162,6.868],[-77.145,6.856],[-77.127,6.882],[-77.114,6.873],[-77.132,6.847],[-77.124,6.834],[-77.087,6.838],[-77.073,6.827],[-77.078,6.814],[-77.108,6.812],[-77.111,6.779],[-77.097,6.766],[-77.077,6.777],[-77.05,6.727],[-77.025,6.726],[-77.025,6.692],[-77.008,6.712],[-76.968,6.682],[-76.974,6.668],[-76.983,6.677],[-76.997,6.645],[-76.961,6.636],[-76.97,6.62],[-76.993,6.623],[-76.96,6.586],[-76.983,6.575],[-76.967,6.559],[-76.986,6.542],[-77.016,6.544],[-77.033,6.488],[-77.091,6.436],[-77.153,6.434],[-77.23,6.493],[-77.253,6.494],[-77.289,6.416],[-77.261,6.409],[-77.265,6.356],[-77.284,6.328],[-77.306,6.327],[-77.341,6.26],[-77.366,6.245],[-77.406,6.248],[-77.459,6.22],[-77.487,6.222],[-77.493,6.249],[-77.51,6.249],[-77.497,6.289],[-77.469,6.304],[-77.513,6.476],[-77.504,6.546],[-77.541,6.653],[-77.52,6.697],[-77.549,6.735],[-77.564,6.802],[-77.643,6.849],[-77.629,6.915],[-77.66,6.936],[-77.636,6.947],[-77.605,6.997],[-77.557,6.988],[-77.54,7.001],[-77.396,7.025],[-77.355,6.991],[-77.338,7.034],[-77.323,7.033],[-77.232,7.092],[-77.219,7.095],[-77.213,7.069],[-77.136,7.081]]]}},{"type":"Feature","properties":{"mpio":"68235","nombre":"El Carmen De Chucuri","depto":"Santander"},"geometry":{"type":"Polygon","coordinates":[[[-73.647,6.964],[-73.558,6.914],[-73.518,6.82],[-73.52,6.778],[-73.502,6.763],[-73.424,6.779],[-73.368,6.744],[-73.326,6.683],[-73.377,6.59],[-73.484,6.586],[-73.614,6.612],[-73.666,6.638],[-73.703,6.676],[-73.7,6.805],[-73.74,6.924],[-73.647,6.964]]]}},{"type":"Feature","properties":{"mpio":"05686","nombre":"Santa Rosa De Osos","depto":"Antioquia"},"geometry":{"type":"Polygon","coordinates":[[[-75.722,7.054],[-75.645,7.011],[-75.605,6.939],[-75.543,6.931],[-75.491,6.943],[-75.496,6.909],[-75.388,6.838],[-75.37,6.789],[-75.31,6.749],[-75.283,6.704],[-75.334,6.717],[-75.464,6.703],[-75.511,6.658],[-75.56,6.678],[-75.609,6.727],[-75.62,6.786],[-75.723,6.868],[-75.74,6.905],[-75.753,6.96],[-75.741,6.99],[-75.768,7.034],[-75.754,7.054],[-75.722,7.054]]]}},{"type":"Feature","properties":{"mpio":"68573","nombre":"Puerto Parra","depto":"Santander"},"geometry":{"type":"Polygon","coordinates":[[[-73.909,6.966],[-73.909,6.944],[-73.945,6.886],[-73.923,6.842],[-73.845,6.777],[-73.808,6.716],[-73.764,6.682],[-73.731,6.617],[-73.783,6.618],[-73.82,6.589],[-73.92,6.615],[-73.981,6.711],[-74.003,6.681],[-74.06,6.682],[-74.066,6.729],[-74.097,6.724],[-74.101,6.737],[-74.076,6.756],[-74.081,6.794],[-74.096,6.837],[-74.13,6.868],[-74.095,6.933],[-74.055,6.963],[-74.03,6.937],[-73.997,6.958],[-73.909,6.966]]]}},{"type":"Feature","properties":{"mpio":"81300","nombre":"Fortul","depto":"Arauca"},"geometry":{"type":"Polygon","coordinates":[[[-71.895,6.681],[-71.621,6.723],[-71.492,6.788],[-71.431,6.751],[-71.233,6.586],[-71.363,6.579],[-71.494,6.515],[-71.545,6.539],[-71.592,6.542],[-71.677,6.523],[-71.719,6.532],[-71.785,6.492],[-71.862,6.422],[-71.899,6.406],[-71.974,6.338],[-72.003,6.336],[-72.047,6.303],[-72.152,6.333],[-72.158,6.325],[-72.15,6.395],[-72.066,6.379],[-71.995,6.435],[-71.951,6.595],[-71.895,6.681]]]}},{"type":"Feature","properties":{"mpio":"05873","nombre":"Vigia Del Fuerte","depto":"Antioquia"},"geometry":{"type":"Polygon","coordinates":[[[-77.128,7.047],[-77.146,6.996],[-77.13,6.993],[-77.081,6.931],[-77.087,6.886],[-77.073,6.871],[-76.939,6.851],[-76.907,6.868],[-76.884,6.854],[-76.827,6.85],[-76.817,6.86],[-76.765,6.844],[-76.75,6.714],[-76.697,6.621],[-76.723,6.589],[-76.686,6.57],[-76.664,6.519],[-76.722,6.431],[-76.702,6.421],[-76.669,6.431],[-76.618,6.422],[-76.569,6.358],[-76.772,6.344],[-76.892,6.36],[-76.907,6.43],[-76.941,6.445],[-76.936,6.472],[-76.967,6.48],[-76.982,6.514],[-76.971,6.53],[-76.986,6.542],[-76.966,6.567],[-76.983,6.575],[-76.96,6.586],[-76.993,6.623],[-76.97,6.62],[-76.961,6.636],[-76.997,6.645],[-76.983,6.677],[-76.974,6.668],[-76.968,6.682],[-77.008,6.712],[-77.025,6.692],[-77.025,6.726],[-77.05,6.727],[-77.077,6.777],[-77.097,6.766],[-77.111,6.779],[-77.108,6.812],[-77.078,6.814],[-77.073,6.827],[-77.087,6.838],[-77.124,6.834],[-77.132,6.847],[-77.114,6.873],[-77.127,6.882],[-77.145,6.856],[-77.162,6.868],[-77.161,6.895],[-77.172,6.885],[-77.192,6.893],[-77.16,6.924],[-77.196,6.951],[-77.191,7.007],[-77.206,7.009],[-77.207,7.025],[-77.165,7.025],[-77.145,7.061],[-77.128,7.047]]]}},{"type":"Feature","properties":{"mpio":"15180","nombre":"Chiscas","depto":"Boyaca"},"geometry":{"type":"Polygon","coordinates":[[[-72.374,6.821],[-72.194,6.798],[-72.182,6.779],[-72.147,6.651],[-72.193,6.617],[-72.203,6.578],[-72.241,6.56],[-72.234,6.532],[-72.21,6.507],[-72.213,6.489],[-72.28,6.47],[-72.327,6.494],[-72.422,6.477],[-72.428,6.549],[-72.412,6.583],[-72.381,6.606],[-72.377,6.639],[-72.374,6.821]]]}},{"type":"Feature","properties":{"mpio":"05150","nombre":"Carolina","depto":"Antioquia"},"geometry":{"type":"Polygon","coordinates":[[[-75.331,6.953],[-75.353,6.842],[-75.384,6.831],[-75.498,6.916],[-75.483,6.952],[-75.38,6.983],[-75.331,6.953]]]}},{"type":"Feature","properties":{"mpio":"05890","nombre":"Yolombo","depto":"Antioquia"},"geometry":{"type":"Polygon","coordinates":[[[-75.192,6.927],[-75.114,6.92],[-75.118,6.954],[-75.104,6.969],[-75.052,6.947],[-75.026,6.921],[-75.051,6.878],[-75.037,6.832],[-74.992,6.81],[-74.988,6.78],[-74.967,6.771],[-74.851,6.772],[-74.834,6.789],[-74.795,6.784],[-74.751,6.8],[-74.668,6.805],[-74.642,6.825],[-74.536,6.813],[-74.594,6.761],[-74.664,6.77],[-74.683,6.746],[-74.762,6.707],[-74.812,6.719],[-74.895,6.718],[-74.92,6.678],[-74.898,6.647],[-75.103,6.68],[-75.144,6.724],[-75.177,6.726],[-75.199,6.7],[-75.283,6.704],[-75.234,6.748],[-75.197,6.807],[-75.198,6.838],[-75.182,6.854],[-75.2,6.886],[-75.192,6.927]]]}},{"type":"Feature","properties":{"mpio":"68051","nombre":"Aratoca","depto":"Santander"},"geometry":{"type":"Polygon","coordinates":[[[-72.882,6.827],[-72.885,6.762],[-72.852,6.697],[-72.901,6.667],[-72.931,6.665],[-72.993,6.707],[-72.995,6.725],[-72.956,6.736],[-72.974,6.77],[-72.939,6.805],[-72.918,6.85],[-72.898,6.823],[-72.882,6.827]]]}},{"type":"Feature","properties":{"mpio":"27075","nombre":"Bahia Solano","depto":"Choco"},"geometry":{"type":"Polygon","coordinates":[[[-77.641,7.028],[-77.605,6.997],[-77.636,6.947],[-77.66,6.936],[-77.629,6.915],[-77.643,6.849],[-77.564,6.802],[-77.549,6.735],[-77.52,6.697],[-77.541,6.653],[-77.504,6.546],[-77.513,6.476],[-77.469,6.304],[-77.497,6.289],[-77.521,6.232],[-77.5,6.221],[-77.509,6.198],[-77.564,6.167],[-77.603,6.257],[-77.617,6.272],[-77.629,6.265],[-77.619,6.235],[-77.63,6.242],[-77.686,6.314],[-77.698,6.355],[-77.742,6.426],[-77.736,6.503],[-77.707,6.478],[-77.669,6.469],[-77.649,6.497],[-77.642,6.57],[-77.665,6.594],[-77.608,6.609],[-77.606,6.618],[-77.607,6.707],[-77.59,6.74],[-77.597,6.78],[-77.667,6.865],[-77.678,6.908],[-77.723,6.923],[-77.756,6.917],[-77.706,6.966],[-77.705,6.987],[-77.641,7.028]]]}},{"type":"Feature","properties":{"mpio":"68160","nombre":"Cepita","depto":"Santander"},"geometry":{"type":"Polygon","coordinates":[[[-72.846,6.839],[-72.788,6.825],[-72.79,6.729],[-72.815,6.664],[-72.852,6.697],[-72.885,6.762],[-72.882,6.827],[-72.846,6.839]]]}},{"type":"Feature","properties":{"mpio":"05411","nombre":"Liborina","depto":"Antioquia"},"geometry":{"type":"Polygon","coordinates":[[[-75.889,6.985],[-75.86,6.979],[-75.857,6.935],[-75.834,6.911],[-75.856,6.833],[-75.918,6.837],[-75.945,6.82],[-75.977,6.822],[-76.004,6.891],[-75.999,6.924],[-76.012,6.954],[-76.003,6.972],[-75.949,6.97],[-75.889,6.985]]]}},{"type":"Feature","properties":{"mpio":"05086","nombre":"Belmira","depto":"Antioquia"},"geometry":{"type":"Polygon","coordinates":[[[-75.836,6.913],[-75.807,6.924],[-75.776,6.959],[-75.753,6.96],[-75.723,6.868],[-75.698,6.85],[-75.715,6.83],[-75.773,6.827],[-75.777,6.805],[-75.735,6.752],[-75.664,6.708],[-75.641,6.671],[-75.775,6.654],[-75.832,6.813],[-75.856,6.833],[-75.836,6.913]]]}},{"type":"Feature","properties":{"mpio":"05885","nombre":"Yali","depto":"Antioquia"},"geometry":{"type":"Polygon","coordinates":[[[-74.624,6.896],[-74.614,6.825],[-74.642,6.825],[-74.668,6.805],[-74.751,6.8],[-74.795,6.784],[-74.834,6.789],[-74.851,6.772],[-74.902,6.767],[-74.988,6.78],[-74.992,6.81],[-75.037,6.832],[-75.051,6.878],[-75.025,6.914],[-74.928,6.864],[-74.89,6.868],[-74.82,6.915],[-74.774,6.906],[-74.68,6.915],[-74.624,6.896]]]}},{"type":"Feature","properties":{"mpio":"68296","nombre":"Galan","depto":"Santander"},"geometry":{"type":"Polygon","coordinates":[[[-73.181,6.74],[-73.224,6.64],[-73.215,6.594],[-73.228,6.588],[-73.241,6.598],[-73.24,6.637],[-73.326,6.683],[-73.321,6.759],[-73.299,6.781],[-73.31,6.8],[-73.298,6.833],[-73.293,6.839],[-73.257,6.801],[-73.22,6.746],[-73.181,6.74]]]}},{"type":"Feature","properties":{"mpio":"68432","nombre":"Malaga","depto":"Santander"},"geometry":{"type":"Polygon","coordinates":[[[-72.604,6.727],[-72.614,6.676],[-72.672,6.694],[-72.684,6.712],[-72.655,6.776],[-72.604,6.727]]]}},{"type":"Feature","properties":{"mpio":"68190","nombre":"Cimitarra","depto":"Santander"},"geometry":{"type":"Polygon","coordinates":[[[-74.13,6.868],[-74.096,6.837],[-74.084,6.809],[-74.076,6.756],[-74.101,6.737],[-74.097,6.724],[-74.066,6.729],[-74.06,6.682],[-74.003,6.681],[-73.981,6.711],[-73.92,6.615],[-73.841,6.599],[-73.812,6.579],[-73.793,6.506],[-73.805,6.434],[-73.829,6.388],[-73.973,6.324],[-74.107,6.296],[-74.179,6.307],[-74.297,6.35],[-74.416,6.33],[-74.491,6.337],[-74.519,6.352],[-74.54,6.384],[-74.452,6.483],[-74.4,6.49],[-74.395,6.5],[-74.42,6.539],[-74.45,6.651],[-74.423,6.696],[-74.395,6.723],[-74.356,6.725],[-74.284,6.762],[-74.248,6.803],[-74.189,6.824],[-74.13,6.868]]]}},{"type":"Feature","properties":{"mpio":"68872","nombre":"Villanueva","depto":"Santander"},"geometry":{"type":"Polygon","coordinates":[[[-73.12,6.8],[-73.097,6.774],[-73.052,6.754],[-73.061,6.734],[-73.032,6.715],[-73.035,6.653],[-73.095,6.644],[-73.118,6.684],[-73.114,6.746],[-73.138,6.766],[-73.12,6.8]]]}},{"type":"Feature","properties":{"mpio":"05004","nombre":"Abriaqui","depto":"Antioquia"},"geometry":{"type":"Polygon","coordinates":[[[-76.163,6.842],[-76.17,6.847],[-76.147,6.796],[-76.169,6.768],[-76.162,6.692],[-76.17,6.689],[-76.209,6.695],[-76.235,6.732],[-76.32,6.796],[-76.339,6.86],[-76.332,6.872],[-76.274,6.881],[-76.263,6.92],[-76.226,6.928],[-76.226,6.94],[-76.207,6.923],[-76.194,6.867],[-76.163,6.842]]]}},{"type":"Feature","properties":{"mpio":"68152","nombre":"Carcasi","depto":"Santander"},"geometry":{"type":"Polygon","coordinates":[[[-72.376,6.714],[-72.381,6.606],[-72.419,6.567],[-72.463,6.57],[-72.479,6.56],[-72.528,6.593],[-72.54,6.642],[-72.515,6.694],[-72.466,6.739],[-72.376,6.714]]]}},{"type":"Feature","properties":{"mpio":"05579","nombre":"Puerto Berrio","depto":"Antioquia"},"geometry":{"type":"Polygon","coordinates":[[[-74.656,6.698],[-74.48,6.856],[-74.455,6.846],[-74.401,6.786],[-74.38,6.728],[-74.423,6.696],[-74.45,6.651],[-74.42,6.539],[-74.395,6.5],[-74.4,6.49],[-74.452,6.483],[-74.553,6.368],[-74.645,6.358],[-74.659,6.427],[-74.762,6.534],[-74.691,6.571],[-74.656,6.698]]]}},{"type":"Feature","properties":{"mpio":"68370","nombre":"Jordan","depto":"Santander"},"geometry":{"type":"Polygon","coordinates":[[[-72.974,6.77],[-72.956,6.736],[-72.996,6.717],[-73.032,6.715],[-73.061,6.734],[-73.052,6.754],[-72.974,6.77]]]}},{"type":"Feature","properties":{"mpio":"15332","nombre":"Guican","depto":"Boyaca"},"geometry":{"type":"Polygon","coordinates":[[[-72.147,6.651],[-72.092,6.644],[-72.036,6.678],[-71.967,6.669],[-71.895,6.681],[-71.951,6.595],[-71.995,6.435],[-72.066,6.379],[-72.15,6.395],[-72.158,6.325],[-72.204,6.303],[-72.206,6.334],[-72.256,6.375],[-72.296,6.384],[-72.304,6.447],[-72.289,6.465],[-72.207,6.497],[-72.241,6.56],[-72.203,6.578],[-72.193,6.617],[-72.147,6.651]]]}},{"type":"Feature","properties":{"mpio":"05306","nombre":"Giraldo","depto":"Antioquia"},"geometry":{"type":"Polygon","coordinates":[[[-76.015,6.839],[-76.025,6.819],[-76.06,6.829],[-76.068,6.803],[-76.084,6.802],[-76.155,6.813],[-76.17,6.847],[-76.163,6.842],[-76.095,6.903],[-76.043,6.878],[-76.015,6.839]]]}},{"type":"Feature","properties":{"mpio":"68079","nombre":"Barichara","depto":"Santander"},"geometry":{"type":"Polygon","coordinates":[[[-73.181,6.74],[-73.147,6.765],[-73.114,6.746],[-73.118,6.684],[-73.093,6.642],[-73.112,6.637],[-73.135,6.607],[-73.176,6.687],[-73.197,6.699],[-73.181,6.74]]]}},{"type":"Feature","properties":{"mpio":"68266","nombre":"Enciso","depto":"Santander"},"geometry":{"type":"Polygon","coordinates":[[[-72.604,6.727],[-72.512,6.688],[-72.54,6.642],[-72.54,6.617],[-72.61,6.588],[-72.619,6.59],[-72.618,6.636],[-72.604,6.727]]]}},{"type":"Feature","properties":{"mpio":"68468","nombre":"Molagavita","depto":"Santander"},"geometry":{"type":"Polygon","coordinates":[[[-72.673,6.73],[-72.684,6.716],[-72.672,6.694],[-72.677,6.582],[-72.717,6.555],[-72.742,6.561],[-72.815,6.664],[-72.806,6.701],[-72.673,6.73]]]}},{"type":"Feature","properties":{"mpio":"81220","nombre":"Cravo Norte","depto":"Arauca"},"geometry":{"type":"Polygon","coordinates":[[[-70.379,6.311],[-70.181,6.371],[-70.035,6.468],[-70.008,6.47],[-69.88,6.416],[-69.77,6.342],[-69.628,6.272],[-69.527,6.235],[-69.485,6.228],[-69.456,6.238],[-69.099,5.731],[-69.111,5.707],[-69.142,5.692],[-69.207,5.694],[-69.295,5.675],[-69.593,5.734],[-69.605,5.779],[-69.646,5.827],[-69.689,5.845],[-69.749,5.849],[-69.751,5.876],[-69.853,5.974],[-69.868,6.006],[-70.161,6.03],[-70.23,6.001],[-70.249,6.011],[-70.26,5.999],[-70.44,6.006],[-70.449,6.094],[-70.42,6.278],[-70.379,6.311]]]}},{"type":"Feature","properties":{"mpio":"81794","nombre":"Tame","depto":"Arauca"},"geometry":{"type":"Polygon","coordinates":[[[-71.233,6.586],[-70.968,6.364],[-71.017,6.254],[-71.022,6.155],[-71.005,6.118],[-71.019,6.102],[-71.092,6.107],[-71.152,6.082],[-71.239,6.096],[-71.251,6.078],[-71.309,6.065],[-71.341,6.078],[-71.357,6.066],[-71.38,6.078],[-71.39,6.068],[-71.464,6.111],[-71.535,6.109],[-71.607,6.095],[-71.66,6.063],[-71.773,6.07],[-71.906,6.037],[-71.981,5.99],[-72.123,6.058],[-72.155,6.102],[-72.157,6.141],[-72.247,6.16],[-72.271,6.205],[-72.275,6.222],[-72.219,6.295],[-72.152,6.333],[-72.047,6.303],[-72.003,6.336],[-71.974,6.338],[-71.727,6.53],[-71.677,6.523],[-71.592,6.542],[-71.545,6.539],[-71.494,6.515],[-71.363,6.579],[-71.233,6.586]]]}},{"type":"Feature","properties":{"mpio":"68684","nombre":"San Jose De Miranda","depto":"Santander"},"geometry":{"type":"Polygon","coordinates":[[[-72.672,6.694],[-72.614,6.676],[-72.616,6.599],[-72.637,6.542],[-72.677,6.582],[-72.672,6.694]]]}},{"type":"Feature","properties":{"mpio":"05264","nombre":"Entrerrios","depto":"Antioquia"},"geometry":{"type":"Polygon","coordinates":[[[-75.698,6.85],[-75.62,6.786],[-75.609,6.727],[-75.56,6.678],[-75.571,6.668],[-75.641,6.671],[-75.664,6.708],[-75.735,6.752],[-75.771,6.794],[-75.773,6.827],[-75.715,6.83],[-75.698,6.85]]]}},{"type":"Feature","properties":{"mpio":"68229","nombre":"Curiti","depto":"Santander"},"geometry":{"type":"Polygon","coordinates":[[[-73.032,6.715],[-72.996,6.717],[-72.931,6.665],[-72.901,6.667],[-72.852,6.697],[-72.815,6.664],[-72.834,6.628],[-72.881,6.626],[-72.903,6.574],[-72.948,6.564],[-73.026,6.605],[-73.032,6.715]]]}},{"type":"Feature","properties":{"mpio":"81591","nombre":"Puerto Rondon","depto":"Arauca"},"geometry":{"type":"Polygon","coordinates":[[[-70.622,6.51],[-70.577,6.503],[-70.449,6.416],[-70.368,6.406],[-70.277,6.338],[-70.379,6.311],[-70.42,6.278],[-70.449,6.094],[-70.44,6.006],[-70.554,6.032],[-70.65,6.02],[-70.747,6.047],[-70.784,6.07],[-70.911,6.087],[-71.005,6.118],[-71.022,6.155],[-71.017,6.254],[-70.966,6.355],[-71.009,6.398],[-70.551,6.33],[-70.622,6.51]]]}},{"type":"Feature","properties":{"mpio":"05501","nombre":"Olaya","depto":"Antioquia"},"geometry":{"type":"Polygon","coordinates":[[[-75.977,6.822],[-75.945,6.82],[-75.918,6.837],[-75.856,6.833],[-75.832,6.813],[-75.832,6.792],[-75.874,6.774],[-75.881,6.716],[-75.944,6.716],[-75.936,6.744],[-75.977,6.822]]]}},{"type":"Feature","properties":{"mpio":"05042","nombre":"Santafe De Antioquia","depto":"Antioquia"},"geometry":{"type":"Polygon","coordinates":[[[-76.015,6.839],[-75.977,6.822],[-75.936,6.744],[-75.957,6.675],[-75.946,6.582],[-75.968,6.567],[-76.162,6.692],[-76.17,6.724],[-76.169,6.768],[-76.147,6.796],[-76.155,6.813],[-76.068,6.803],[-76.06,6.829],[-76.025,6.819],[-76.015,6.839]]]}},{"type":"Feature","properties":{"mpio":"68121","nombre":"Cabrera","depto":"Santander"},"geometry":{"type":"Polygon","coordinates":[[[-73.197,6.699],[-73.176,6.687],[-73.119,6.581],[-73.124,6.569],[-73.206,6.547],[-73.224,6.64],[-73.197,6.699]]]}},{"type":"Feature","properties":{"mpio":"68679","nombre":"San Gil","depto":"Santander"},"geometry":{"type":"Polygon","coordinates":[[[-73.095,6.644],[-73.035,6.653],[-73.036,6.68],[-73.021,6.66],[-73.026,6.605],[-72.948,6.564],[-73.001,6.517],[-72.993,6.504],[-73.033,6.507],[-73.038,6.534],[-73.068,6.532],[-73.061,6.584],[-73.12,6.577],[-73.135,6.607],[-73.095,6.644]]]}},{"type":"Feature","properties":{"mpio":"05425","nombre":"Maceo","depto":"Antioquia"},"geometry":{"type":"Polygon","coordinates":[[[-74.8,6.549],[-74.92,6.678],[-74.895,6.718],[-74.812,6.719],[-74.762,6.707],[-74.683,6.746],[-74.664,6.77],[-74.594,6.761],[-74.656,6.698],[-74.691,6.571],[-74.759,6.532],[-74.8,6.549]]]}},{"type":"Feature","properties":{"mpio":"68464","nombre":"Mogotes","depto":"Santander"},"geometry":{"type":"Polygon","coordinates":[[[-72.815,6.664],[-72.742,6.561],[-72.79,6.531],[-72.777,6.503],[-72.801,6.444],[-72.815,6.388],[-72.807,6.378],[-72.825,6.389],[-72.904,6.382],[-72.918,6.391],[-73.001,6.382],[-72.984,6.473],[-73.001,6.517],[-72.977,6.528],[-72.957,6.563],[-72.903,6.574],[-72.881,6.626],[-72.834,6.628],[-72.815,6.664]]]}},{"type":"Feature","properties":{"mpio":"68344","nombre":"Hato","depto":"Santander"},"geometry":{"type":"Polygon","coordinates":[[[-73.228,6.588],[-73.246,6.533],[-73.275,6.533],[-73.348,6.582],[-73.374,6.563],[-73.392,6.576],[-73.326,6.683],[-73.24,6.637],[-73.241,6.598],[-73.228,6.588]]]}},{"type":"Feature","properties":{"mpio":"05761","nombre":"Sopetran","depto":"Antioquia"},"geometry":{"type":"Polygon","coordinates":[[[-75.832,6.792],[-75.777,6.675],[-75.839,6.675],[-75.856,6.654],[-75.893,6.646],[-75.913,6.59],[-75.946,6.582],[-75.958,6.658],[-75.947,6.714],[-75.881,6.716],[-75.874,6.774],[-75.832,6.792]]]}},{"type":"Feature","properties":{"mpio":"68686","nombre":"San Miguel","depto":"Santander"},"geometry":{"type":"Polygon","coordinates":[[[-72.587,6.599],[-72.54,6.617],[-72.528,6.593],[-72.474,6.554],[-72.482,6.557],[-72.52,6.501],[-72.587,6.599]]]}},{"type":"Feature","properties":{"mpio":"05847","nombre":"Urrao","depto":"Antioquia"},"geometry":{"type":"Polygon","coordinates":[[[-76.752,6.783],[-76.733,6.79],[-76.682,6.71],[-76.615,6.786],[-76.576,6.79],[-76.489,6.755],[-76.309,6.787],[-76.235,6.732],[-76.209,6.695],[-76.212,6.662],[-76.185,6.583],[-76.139,6.541],[-76.131,6.521],[-76.115,6.524],[-76.107,6.509],[-76.122,6.464],[-76.17,6.451],[-76.175,6.439],[-76.161,6.365],[-76.166,6.282],[-76.287,6.212],[-76.299,6.178],[-76.318,6.164],[-76.349,6.167],[-76.377,6.197],[-76.395,6.257],[-76.404,6.368],[-76.421,6.378],[-76.569,6.358],[-76.618,6.422],[-76.718,6.424],[-76.664,6.519],[-76.686,6.57],[-76.723,6.589],[-76.697,6.621],[-76.75,6.714],[-76.752,6.783]]]}},{"type":"Feature","properties":{"mpio":"68147","nombre":"Capitanejo","depto":"Santander"},"geometry":{"type":"Polygon","coordinates":[[[-72.619,6.59],[-72.587,6.599],[-72.52,6.501],[-72.526,6.418],[-72.561,6.42],[-72.621,6.534],[-72.637,6.542],[-72.619,6.59]]]}},{"type":"Feature","properties":{"mpio":"05190","nombre":"Cisneros","depto":"Antioquia"},"geometry":{"type":"Polygon","coordinates":[[[-75.103,6.68],[-75.171,6.667],[-75.171,6.688],[-75.2,6.702],[-75.177,6.726],[-75.136,6.723],[-75.125,6.695],[-75.103,6.68]]]}},{"type":"Feature","properties":{"mpio":"68425","nombre":"Macaravita","depto":"Santander"},"geometry":{"type":"Polygon","coordinates":[[[-72.52,6.501],[-72.463,6.57],[-72.419,6.567],[-72.431,6.536],[-72.422,6.477],[-72.509,6.419],[-72.54,6.416],[-72.526,6.418],[-72.52,6.501]]]}},{"type":"Feature","properties":{"mpio":"15218","nombre":"Covarachia","depto":"Boyaca"},"geometry":{"type":"Polygon","coordinates":[[[-72.677,6.582],[-72.621,6.534],[-72.588,6.459],[-72.632,6.431],[-72.717,6.555],[-72.677,6.582]]]}},{"type":"Feature","properties":{"mpio":"05237","nombre":"Don Matias","depto":"Antioquia"},"geometry":{"type":"Polygon","coordinates":[[[-75.283,6.704],[-75.351,6.65],[-75.414,6.654],[-75.497,6.599],[-75.583,6.584],[-75.549,6.617],[-75.571,6.652],[-75.56,6.678],[-75.511,6.658],[-75.464,6.703],[-75.334,6.717],[-75.283,6.704]]]}},{"type":"Feature","properties":{"mpio":"05690","nombre":"Santo Domingo","depto":"Antioquia"},"geometry":{"type":"Polygon","coordinates":[[[-75.283,6.704],[-75.174,6.692],[-75.171,6.667],[-75.155,6.664],[-75.088,6.681],[-75.09,6.664],[-75.117,6.647],[-75.198,6.619],[-75.191,6.6],[-75.146,6.593],[-75.094,6.545],[-75.197,6.542],[-75.267,6.582],[-75.315,6.593],[-75.307,6.622],[-75.333,6.672],[-75.283,6.704]]]}},{"type":"Feature","properties":{"mpio":"68549","nombre":"Pinchote","depto":"Santander"},"geometry":{"type":"Polygon","coordinates":[[[-73.143,6.568],[-73.061,6.584],[-73.068,6.532],[-73.097,6.501],[-73.143,6.568]]]}},{"type":"Feature","properties":{"mpio":"68522","nombre":"Palmar","depto":"Santander"},"geometry":{"type":"Polygon","coordinates":[[[-73.228,6.588],[-73.215,6.594],[-73.209,6.539],[-73.223,6.507],[-73.244,6.544],[-73.231,6.555],[-73.228,6.588]]]}},{"type":"Feature","properties":{"mpio":"68682","nombre":"San Joaquin","depto":"Santander"},"geometry":{"type":"Polygon","coordinates":[[[-72.78,6.374],[-72.815,6.388],[-72.801,6.444],[-72.777,6.503],[-72.79,6.531],[-72.742,6.561],[-72.717,6.528],[-72.712,6.413],[-72.78,6.374]]]}},{"type":"Feature","properties":{"mpio":"68502","nombre":"Onzaga","depto":"Santander"},"geometry":{"type":"Polygon","coordinates":[[[-72.742,6.561],[-72.717,6.555],[-72.64,6.45],[-72.631,6.418],[-72.666,6.3],[-72.674,6.225],[-72.768,6.15],[-72.763,6.241],[-72.782,6.268],[-72.777,6.3],[-72.819,6.343],[-72.807,6.378],[-72.78,6.374],[-72.712,6.413],[-72.717,6.528],[-72.742,6.561]]]}},{"type":"Feature","properties":{"mpio":"05670","nombre":"San Roque","depto":"Antioquia"},"geometry":{"type":"Polygon","coordinates":[[[-74.898,6.647],[-74.848,6.588],[-74.88,6.546],[-74.848,6.454],[-74.882,6.459],[-74.968,6.527],[-75.045,6.519],[-75.146,6.593],[-75.191,6.6],[-75.198,6.619],[-75.117,6.647],[-75.09,6.664],[-75.088,6.681],[-75.05,6.68],[-74.99,6.655],[-74.898,6.647]]]}},{"type":"Feature","properties":{"mpio":"68861","nombre":"Velez","depto":"Santander"},"geometry":{"type":"Polygon","coordinates":[[[-73.804,6.609],[-73.731,6.617],[-73.639,6.546],[-73.645,6.482],[-73.628,6.439],[-73.666,6.386],[-73.678,6.343],[-73.645,6.253],[-73.637,6.171],[-73.654,6.114],[-73.629,6.089],[-73.571,6.083],[-73.565,6.06],[-73.609,5.99],[-73.645,6.038],[-73.71,6.069],[-73.672,6.159],[-73.67,6.192],[-73.715,6.266],[-73.733,6.277],[-73.721,6.302],[-73.726,6.348],[-73.67,6.419],[-73.676,6.52],[-73.804,6.609]]]}},{"type":"Feature","properties":{"mpio":"68385","nombre":"Landazuri","depto":"Santander"},"geometry":{"type":"Polygon","coordinates":[[[-73.82,6.589],[-73.804,6.609],[-73.676,6.52],[-73.67,6.419],[-73.726,6.348],[-73.721,6.302],[-73.733,6.277],[-73.828,6.252],[-73.998,6.293],[-74.092,6.265],[-74.107,6.296],[-74.097,6.303],[-73.973,6.324],[-73.829,6.388],[-73.805,6.434],[-73.793,6.506],[-73.82,6.589]]]}},{"type":"Feature","properties":{"mpio":"68755","nombre":"Socorro","depto":"Santander"},"geometry":{"type":"Polygon","coordinates":[[[-73.143,6.568],[-73.097,6.501],[-73.123,6.481],[-73.128,6.444],[-73.235,6.462],[-73.21,6.548],[-73.143,6.568]]]}},{"type":"Feature","properties":{"mpio":"05125","nombre":"Caicedo","depto":"Antioquia"},"geometry":{"type":"Polygon","coordinates":[[[-76.209,6.695],[-76.137,6.68],[-76.034,6.617],[-76.007,6.588],[-76.058,6.537],[-76.131,6.521],[-76.193,6.601],[-76.212,6.662],[-76.209,6.695]]]}},{"type":"Feature","properties":{"mpio":"05079","nombre":"Barbosa","depto":"Antioquia"},"geometry":{"type":"Polygon","coordinates":[[[-75.334,6.665],[-75.31,6.632],[-75.309,6.605],[-75.378,6.554],[-75.394,6.528],[-75.449,6.525],[-75.47,6.509],[-75.497,6.522],[-75.544,6.577],[-75.43,6.649],[-75.351,6.65],[-75.334,6.665]]]}},{"type":"Feature","properties":{"mpio":"15248","nombre":"El Espino","depto":"Boyaca"},"geometry":{"type":"Polygon","coordinates":[[[-72.422,6.477],[-72.327,6.494],[-72.28,6.47],[-72.356,6.4],[-72.394,6.451],[-72.428,6.467],[-72.422,6.477]]]}},{"type":"Feature","properties":{"mpio":"05664","nombre":"San Pedro","depto":"Antioquia"},"geometry":{"type":"Polygon","coordinates":[[[-75.571,6.668],[-75.552,6.607],[-75.643,6.562],[-75.709,6.584],[-75.734,6.562],[-75.788,6.587],[-75.775,6.654],[-75.688,6.67],[-75.571,6.668]]]}},{"type":"Feature","properties":{"mpio":"05656","nombre":"San Jeronimo","depto":"Antioquia"},"geometry":{"type":"Polygon","coordinates":[[[-75.777,6.675],[-75.788,6.587],[-75.777,6.55],[-75.869,6.546],[-75.913,6.59],[-75.893,6.646],[-75.856,6.654],[-75.839,6.675],[-75.777,6.675]]]}},{"type":"Feature","properties":{"mpio":"68720","nombre":"Santa Helena Del Opon","depto":"Santander"},"geometry":{"type":"Polygon","coordinates":[[[-73.639,6.546],[-73.579,6.572],[-73.521,6.572],[-73.435,6.516],[-73.416,6.426],[-73.459,6.407],[-73.484,6.372],[-73.541,6.375],[-73.545,6.348],[-73.595,6.341],[-73.613,6.349],[-73.615,6.432],[-73.645,6.482],[-73.639,6.546]]]}},{"type":"Feature","properties":{"mpio":"68533","nombre":"Paramo","depto":"Santander"},"geometry":{"type":"Polygon","coordinates":[[[-73.068,6.532],[-73.038,6.534],[-73.029,6.513],[-73.08,6.468],[-73.081,6.425],[-73.136,6.418],[-73.123,6.481],[-73.068,6.532]]]}},{"type":"Feature","properties":{"mpio":"15317","nombre":"Guacamayas","depto":"Boyaca"},"geometry":{"type":"Polygon","coordinates":[[[-72.456,6.461],[-72.436,6.468],[-72.394,6.451],[-72.356,6.4],[-72.368,6.334],[-72.432,6.405],[-72.456,6.461]]]}},{"type":"Feature","properties":{"mpio":"68855","nombre":"Valle De San Jose","depto":"Santander"},"geometry":{"type":"Polygon","coordinates":[[[-73.033,6.507],[-72.993,6.504],[-72.984,6.485],[-73.001,6.403],[-73.081,6.425],[-73.08,6.468],[-73.033,6.507]]]}},{"type":"Feature","properties":{"mpio":"15673","nombre":"San Mateo","depto":"Boyaca"},"geometry":{"type":"Polygon","coordinates":[[[-72.456,6.461],[-72.432,6.405],[-72.385,6.36],[-72.36,6.305],[-72.42,6.319],[-72.446,6.306],[-72.465,6.313],[-72.472,6.356],[-72.509,6.419],[-72.456,6.461]]]}},{"type":"Feature","properties":{"mpio":"68176","nombre":"Chima","depto":"Santander"},"geometry":{"type":"Polygon","coordinates":[[[-73.435,6.516],[-73.414,6.523],[-73.375,6.473],[-73.328,6.449],[-73.268,6.445],[-73.249,6.433],[-73.292,6.353],[-73.342,6.331],[-73.364,6.36],[-73.405,6.364],[-73.435,6.516]]]}},{"type":"Feature","properties":{"mpio":"15522","nombre":"Panqueba","depto":"Boyaca"},"geometry":{"type":"Polygon","coordinates":[[[-72.304,6.447],[-72.296,6.384],[-72.368,6.334],[-72.356,6.4],[-72.304,6.447]]]}},{"type":"Feature","properties":{"mpio":"15810","nombre":"Tipacoque","depto":"Boyaca"},"geometry":{"type":"Polygon","coordinates":[[[-72.632,6.431],[-72.582,6.455],[-72.555,6.411],[-72.553,6.359],[-72.639,6.371],[-72.632,6.431]]]}},{"type":"Feature","properties":{"mpio":"05142","nombre":"Caracoli","depto":"Antioquia"},"geometry":{"type":"Polygon","coordinates":[[[-74.848,6.588],[-74.762,6.534],[-74.659,6.427],[-74.645,6.358],[-74.657,6.346],[-74.671,6.339],[-74.71,6.383],[-74.742,6.381],[-74.744,6.354],[-74.772,6.356],[-74.799,6.382],[-74.848,6.454],[-74.879,6.529],[-74.88,6.546],[-74.848,6.588]]]}},{"type":"Feature","properties":{"mpio":"05206","nombre":"Concepcion","depto":"Antioquia"},"geometry":{"type":"Polygon","coordinates":[[[-75.317,6.597],[-75.267,6.582],[-75.217,6.547],[-75.262,6.456],[-75.3,6.494],[-75.366,6.499],[-75.394,6.519],[-75.393,6.54],[-75.317,6.597]]]}},{"type":"Feature","properties":{"mpio":"05308","nombre":"Girardota","depto":"Antioquia"},"geometry":{"type":"Polygon","coordinates":[[[-75.599,6.583],[-75.543,6.585],[-75.506,6.543],[-75.497,6.522],[-75.504,6.48],[-75.564,6.478],[-75.599,6.583]]]}},{"type":"Feature","properties":{"mpio":"15097","nombre":"Boavita","depto":"Boyaca"},"geometry":{"type":"Polygon","coordinates":[[[-72.509,6.419],[-72.458,6.309],[-72.464,6.253],[-72.485,6.213],[-72.535,6.168],[-72.547,6.225],[-72.535,6.26],[-72.561,6.42],[-72.509,6.419]]]}},{"type":"Feature","properties":{"mpio":"05212","nombre":"Copacabana","depto":"Antioquia"},"geometry":{"type":"Polygon","coordinates":[[[-75.643,6.562],[-75.599,6.583],[-75.564,6.478],[-75.603,6.454],[-75.633,6.464],[-75.623,6.526],[-75.643,6.562]]]}},{"type":"Feature","properties":{"mpio":"05088","nombre":"Bello","depto":"Antioquia"},"geometry":{"type":"Polygon","coordinates":[[[-75.779,6.576],[-75.734,6.562],[-75.709,6.584],[-75.643,6.562],[-75.623,6.526],[-75.635,6.468],[-75.683,6.455],[-75.724,6.476],[-75.777,6.544],[-75.779,6.576]]]}},{"type":"Feature","properties":{"mpio":"05240","nombre":"Ebejico","depto":"Antioquia"},"geometry":{"type":"Polygon","coordinates":[[[-75.913,6.59],[-75.838,6.508],[-75.826,6.435],[-75.872,6.446],[-75.924,6.426],[-75.954,6.399],[-75.99,6.412],[-75.969,6.436],[-75.98,6.549],[-75.974,6.567],[-75.913,6.59]]]}},{"type":"Feature","properties":{"mpio":"68524","nombre":"Palmas Del Socorro","depto":"Santander"},"geometry":{"type":"Polygon","coordinates":[[[-73.235,6.462],[-73.128,6.444],[-73.135,6.416],[-73.186,6.367],[-73.226,6.382],[-73.259,6.403],[-73.235,6.462]]]}},{"type":"Feature","properties":{"mpio":"05044","nombre":"Anza","depto":"Antioquia"},"geometry":{"type":"Polygon","coordinates":[[[-75.968,6.567],[-75.982,6.532],[-75.974,6.424],[-76.051,6.391],[-76.086,6.395],[-76.124,6.442],[-76.106,6.497],[-76.115,6.524],[-76.058,6.537],[-76.007,6.588],[-75.968,6.567]]]}},{"type":"Feature","properties":{"mpio":"05021","nombre":"Alejandria","depto":"Antioquia"},"geometry":{"type":"Polygon","coordinates":[[[-75.217,6.547],[-75.142,6.538],[-75.091,6.547],[-75.038,6.519],[-75.188,6.464],[-75.203,6.44],[-75.257,6.437],[-75.262,6.456],[-75.217,6.547]]]}},{"type":"Feature","properties":{"mpio":"15244","nombre":"El Cocuy","depto":"Boyaca"},"geometry":{"type":"Polygon","coordinates":[[[-72.368,6.334],[-72.289,6.385],[-72.256,6.375],[-72.206,6.334],[-72.204,6.303],[-72.242,6.272],[-72.275,6.222],[-72.333,6.253],[-72.368,6.334]]]}},{"type":"Feature","properties":{"mpio":"05667","nombre":"San Rafael","depto":"Antioquia"},"geometry":{"type":"Polygon","coordinates":[[[-75.038,6.519],[-74.968,6.527],[-74.882,6.459],[-74.96,6.445],[-74.966,6.418],[-74.99,6.395],[-75.061,6.397],[-75.063,6.368],[-75.109,6.384],[-75.112,6.351],[-75.18,6.361],[-75.212,6.405],[-75.196,6.458],[-75.038,6.519]]]}},{"type":"Feature","properties":{"mpio":"68209","nombre":"Confines","depto":"Santander"},"geometry":{"type":"Polygon","coordinates":[[[-73.136,6.418],[-73.081,6.425],[-73.074,6.372],[-73.13,6.355],[-73.182,6.369],[-73.136,6.418]]]}},{"type":"Feature","properties":{"mpio":"68498","nombre":"Ocamonte","depto":"Santander"},"geometry":{"type":"Polygon","coordinates":[[[-73.081,6.425],[-73.001,6.403],[-73.01,6.36],[-73.04,6.332],[-73.061,6.342],[-73.081,6.425]]]}},{"type":"Feature","properties":{"mpio":"05001","nombre":"Medellin","depto":"Antioquia"},"geometry":{"type":"Polygon","coordinates":[[[-75.777,6.55],[-75.749,6.498],[-75.702,6.462],[-75.658,6.457],[-75.635,6.468],[-75.608,6.456],[-75.611,6.423],[-75.593,6.392],[-75.555,6.367],[-75.6,6.37],[-75.65,6.338],[-75.733,6.366],[-75.747,6.365],[-75.757,6.339],[-75.791,6.336],[-75.806,6.346],[-75.836,6.502],[-75.869,6.546],[-75.777,6.55]]]}},{"type":"Feature","properties":{"mpio":"05674","nombre":"San Vicente","depto":"Antioquia"},"geometry":{"type":"Polygon","coordinates":[[[-75.497,6.522],[-75.47,6.509],[-75.449,6.525],[-75.394,6.528],[-75.374,6.503],[-75.33,6.49],[-75.311,6.439],[-75.389,6.398],[-75.408,6.374],[-75.439,6.382],[-75.478,6.466],[-75.502,6.474],[-75.497,6.522]]]}},{"type":"Feature","properties":{"mpio":"68217","nombre":"Coromoro","depto":"Santander"},"geometry":{"type":"Polygon","coordinates":[[[-72.807,6.378],[-72.819,6.343],[-72.786,6.318],[-72.782,6.268],[-72.763,6.241],[-72.768,6.15],[-72.8,6.116],[-72.81,6.111],[-72.859,6.143],[-72.9,6.142],[-72.961,6.164],[-73.029,6.209],[-73.019,6.222],[-73.02,6.266],[-73.003,6.269],[-72.966,6.309],[-72.952,6.364],[-72.915,6.368],[-72.904,6.382],[-72.825,6.389],[-72.807,6.378]]]}},{"type":"Feature","properties":{"mpio":"68211","nombre":"Contratacion","depto":"Santander"},"geometry":{"type":"Polygon","coordinates":[[[-73.416,6.426],[-73.405,6.364],[-73.364,6.36],[-73.342,6.331],[-73.366,6.32],[-73.387,6.276],[-73.439,6.317],[-73.446,6.357],[-73.48,6.374],[-73.459,6.407],[-73.416,6.426]]]}},{"type":"Feature","properties":{"mpio":"68397","nombre":"La Paz","depto":"Santander"},"geometry":{"type":"Polygon","coordinates":[[[-73.628,6.439],[-73.615,6.432],[-73.613,6.349],[-73.595,6.341],[-73.545,6.348],[-73.456,6.263],[-73.489,6.239],[-73.5,6.158],[-73.518,6.128],[-73.562,6.147],[-73.598,6.181],[-73.641,6.176],[-73.645,6.253],[-73.679,6.357],[-73.628,6.439]]]}},{"type":"Feature","properties":{"mpio":"68167","nombre":"Charala","depto":"Santander"},"geometry":{"type":"Polygon","coordinates":[[[-72.904,6.382],[-72.915,6.368],[-72.952,6.364],[-72.966,6.309],[-73.003,6.269],[-73.02,6.266],[-73.019,6.222],[-73.045,6.18],[-73.082,6.024],[-73.113,5.995],[-73.149,6.01],[-73.165,6.034],[-73.175,6.206],[-73.124,6.306],[-73.13,6.355],[-73.074,6.372],[-73.056,6.333],[-73.04,6.332],[-73.001,6.382],[-72.918,6.391],[-72.904,6.382]]]}},{"type":"Feature","properties":{"mpio":"15753","nombre":"Soata","depto":"Boyaca"},"geometry":{"type":"Polygon","coordinates":[[[-72.553,6.359],[-72.54,6.239],[-72.58,6.235],[-72.617,6.261],[-72.662,6.272],[-72.666,6.3],[-72.639,6.371],[-72.553,6.359]]]}},{"type":"Feature","properties":{"mpio":"68322","nombre":"Guapota","depto":"Santander"},"geometry":{"type":"Polygon","coordinates":[[[-73.182,6.369],[-73.234,6.318],[-73.309,6.333],[-73.259,6.403],[-73.182,6.369]]]}},{"type":"Feature","properties":{"mpio":"05541","nombre":"Pe¥Ol","depto":"Antioquia"},"geometry":{"type":"Polygon","coordinates":[[[-75.33,6.49],[-75.32,6.502],[-75.269,6.471],[-75.254,6.443],[-75.269,6.382],[-75.254,6.327],[-75.262,6.319],[-75.241,6.317],[-75.288,6.312],[-75.31,6.295],[-75.376,6.401],[-75.311,6.439],[-75.33,6.49]]]}},{"type":"Feature","properties":{"mpio":"27001","nombre":"Quibdo","depto":"Choco"},"geometry":{"type":"Polygon","coordinates":[[[-77.016,6.544],[-76.971,6.53],[-76.982,6.523],[-76.974,6.489],[-76.943,6.48],[-76.941,6.445],[-76.907,6.43],[-76.892,6.36],[-76.954,6.317],[-77.073,6.308],[-77.133,6.343],[-77.181,6.212],[-77.158,6.238],[-77.124,6.23],[-77.092,6.179],[-77.11,6.154],[-77.102,6.076],[-77.01,5.997],[-76.913,6.018],[-76.87,6.054],[-76.777,6.086],[-76.641,6.175],[-76.603,6.25],[-76.508,6.329],[-76.483,6.371],[-76.421,6.378],[-76.396,6.355],[-76.403,6.293],[-76.377,6.197],[-76.349,6.167],[-76.315,6.164],[-76.342,6.139],[-76.337,6.089],[-76.347,6.073],[-76.457,5.982],[-76.495,5.903],[-76.717,5.848],[-76.751,5.819],[-76.797,5.804],[-76.818,5.826],[-76.794,5.856],[-77.12,5.848],[-77.129,5.89],[-77.177,5.92],[-77.227,6.13],[-77.282,6.146],[-77.341,6.26],[-77.306,6.327],[-77.284,6.328],[-77.265,6.356],[-77.261,6.409],[-77.289,6.416],[-77.253,6.494],[-77.23,6.493],[-77.153,6.434],[-77.091,6.436],[-77.033,6.488],[-77.016,6.544]]]}},{"type":"Feature","properties":{"mpio":"15403","nombre":"La Uvita","depto":"Boyaca"},"geometry":{"type":"Polygon","coordinates":[[[-72.36,6.305],[-72.336,6.265],[-72.338,6.247],[-72.39,6.207],[-72.438,6.134],[-72.535,6.168],[-72.485,6.213],[-72.464,6.253],[-72.458,6.309],[-72.42,6.319],[-72.36,6.305]]]}},{"type":"Feature","properties":{"mpio":"68500","nombre":"Oiba","depto":"Santander"},"geometry":{"type":"Polygon","coordinates":[[[-73.13,6.355],[-73.124,6.306],[-73.145,6.25],[-73.173,6.218],[-73.17,6.164],[-73.277,6.195],[-73.262,6.255],[-73.312,6.321],[-73.309,6.333],[-73.234,6.318],[-73.182,6.369],[-73.13,6.355]]]}},{"type":"Feature","properties":{"mpio":"05649","nombre":"San Carlos","depto":"Antioquia"},"geometry":{"type":"Polygon","coordinates":[[[-74.882,6.459],[-74.848,6.454],[-74.78,6.362],[-74.741,6.354],[-74.749,6.331],[-74.812,6.293],[-74.85,6.25],[-74.846,6.198],[-74.917,6.161],[-74.963,6.172],[-75.018,6.234],[-75.073,6.24],[-75.125,6.266],[-75.18,6.361],[-75.112,6.351],[-75.109,6.384],[-75.063,6.368],[-75.061,6.397],[-74.99,6.395],[-74.966,6.418],[-74.96,6.445],[-74.882,6.459]]]}},{"type":"Feature","properties":{"mpio":"05318","nombre":"Guarne","depto":"Antioquia"},"geometry":{"type":"Polygon","coordinates":[[[-75.504,6.48],[-75.478,6.466],[-75.443,6.383],[-75.473,6.37],[-75.571,6.37],[-75.611,6.423],[-75.608,6.456],[-75.579,6.477],[-75.504,6.48]]]}},{"type":"Feature","properties":{"mpio":"68245","nombre":"El Guacamayo","depto":"Santander"},"geometry":{"type":"Polygon","coordinates":[[[-73.48,6.374],[-73.446,6.357],[-73.439,6.317],[-73.387,6.276],[-73.401,6.225],[-73.446,6.244],[-73.545,6.348],[-73.541,6.375],[-73.48,6.374]]]}},{"type":"Feature","properties":{"mpio":"99001","nombre":"Puerto Carre¥O","depto":"Vichada"},"geometry":{"type":"Polygon","coordinates":[[[-68.155,5.657],[-68.062,5.687],[-67.899,5.666],[-67.81,5.689],[-67.691,5.7],[-67.564,5.646],[-67.517,5.663],[-67.488,5.699],[-67.363,5.743],[-67.306,5.712],[-67.119,5.669],[-67.032,5.594],[-67.06,5.525],[-67.05,5.454],[-67.018,5.42],[-67.002,5.371],[-67.191,5.213],[-67.236,5.038],[-67.227,4.925],[-67.278,4.845],[-67.445,4.768],[-67.533,4.807],[-67.603,4.902],[-67.725,4.926],[-67.81,4.926],[-67.967,4.855],[-68.029,4.88],[-68.101,4.97],[-68.186,4.969],[-68.155,5.657]]]}},{"type":"Feature","properties":{"mpio":"68320","nombre":"Guadalupe","depto":"Santander"},"geometry":{"type":"Polygon","coordinates":[[[-73.309,6.344],[-73.312,6.321],[-73.262,6.255],[-73.277,6.195],[-73.321,6.188],[-73.394,6.203],[-73.413,6.231],[-73.401,6.225],[-73.366,6.32],[-73.309,6.344]]]}},{"type":"Feature","properties":{"mpio":"05321","nombre":"Guatape","depto":"Antioquia"},"geometry":{"type":"Polygon","coordinates":[[[-75.257,6.437],[-75.203,6.44],[-75.212,6.405],[-75.18,6.361],[-75.2,6.333],[-75.237,6.315],[-75.262,6.319],[-75.254,6.327],[-75.269,6.382],[-75.257,6.437]]]}},{"type":"Feature","properties":{"mpio":"05093","nombre":"Betulia","depto":"Antioquia"},"geometry":{"type":"Polygon","coordinates":[[[-76.125,6.461],[-76.124,6.442],[-76.086,6.395],[-76.051,6.391],[-75.99,6.412],[-75.977,6.38],[-75.978,6.33],[-76.01,6.336],[-76.031,6.325],[-76.042,6.301],[-76.072,6.292],[-76.116,6.255],[-76.166,6.282],[-76.161,6.365],[-76.175,6.439],[-76.17,6.451],[-76.125,6.461]]]}},{"type":"Feature","properties":{"mpio":"05347","nombre":"Heliconia","depto":"Antioquia"},"geometry":{"type":"Polygon","coordinates":[[[-75.83,6.435],[-75.806,6.356],[-75.829,6.326],[-75.954,6.399],[-75.924,6.426],[-75.872,6.446],[-75.83,6.435]]]}},{"type":"Feature","properties":{"mpio":"15183","nombre":"Chita","depto":"Boyaca"},"geometry":{"type":"Polygon","coordinates":[[[-72.335,6.257],[-72.277,6.228],[-72.274,6.18],[-72.287,6.146],[-72.255,6.066],[-72.235,6.04],[-72.209,6.032],[-72.245,5.951],[-72.266,5.859],[-72.281,5.841],[-72.348,5.922],[-72.414,5.975],[-72.418,6.027],[-72.393,6.054],[-72.394,6.086],[-72.403,6.109],[-72.438,6.134],[-72.401,6.195],[-72.335,6.257]]]}},{"type":"Feature","properties":{"mpio":"15774","nombre":"Susacon","depto":"Boyaca"},"geometry":{"type":"Polygon","coordinates":[[[-72.54,6.239],[-72.534,6.143],[-72.593,6.149],[-72.596,6.137],[-72.647,6.134],[-72.672,6.146],[-72.738,6.131],[-72.768,6.15],[-72.674,6.225],[-72.662,6.272],[-72.617,6.261],[-72.58,6.235],[-72.54,6.239]]]}},{"type":"Feature","properties":{"mpio":"68101","nombre":"Bolivar","depto":"Santander"},"geometry":{"type":"Polygon","coordinates":[[[-74.541,6.382],[-74.491,6.337],[-74.416,6.33],[-74.297,6.35],[-74.179,6.307],[-74.107,6.296],[-74.092,6.265],[-73.998,6.293],[-73.828,6.252],[-73.733,6.277],[-73.715,6.266],[-73.67,6.192],[-73.672,6.159],[-73.71,6.069],[-73.691,6.06],[-73.697,6.031],[-73.706,6.013],[-73.744,6.019],[-73.801,6.048],[-73.803,6.065],[-73.766,6.092],[-73.778,6.107],[-73.892,6.144],[-73.953,6.242],[-73.989,6.261],[-74.073,6.235],[-74.097,6.243],[-74.095,6.197],[-74.111,6.166],[-74.106,6.104],[-74.149,6.04],[-74.16,5.99],[-74.205,5.939],[-74.233,5.928],[-74.245,6.015],[-74.278,6.038],[-74.281,6.15],[-74.311,6.159],[-74.343,6.132],[-74.383,6.126],[-74.464,6.165],[-74.51,6.274],[-74.512,6.307],[-74.562,6.365],[-74.541,6.382]]]}},{"type":"Feature","properties":{"mpio":"05585","nombre":"Puerto Nare","depto":"Antioquia"},"geometry":{"type":"Polygon","coordinates":[[[-74.645,6.358],[-74.579,6.37],[-74.616,6.318],[-74.643,6.23],[-74.637,6.197],[-74.6,6.175],[-74.611,6.145],[-74.624,6.154],[-74.649,6.139],[-74.692,6.156],[-74.722,6.142],[-74.761,6.102],[-74.805,6.095],[-74.865,6.159],[-74.917,6.161],[-74.846,6.198],[-74.85,6.25],[-74.812,6.293],[-74.749,6.331],[-74.742,6.381],[-74.71,6.383],[-74.671,6.339],[-74.645,6.358]]]}},{"type":"Feature","properties":{"mpio":"15572","nombre":"Puerto Boyaca","depto":"Boyaca"},"geometry":{"type":"Polygon","coordinates":[[[-74.562,6.365],[-74.512,6.307],[-74.478,6.18],[-74.456,6.158],[-74.383,6.126],[-74.343,6.132],[-74.311,6.159],[-74.281,6.15],[-74.278,6.038],[-74.243,6.01],[-74.239,5.937],[-74.28,5.917],[-74.314,5.873],[-74.344,5.917],[-74.408,5.865],[-74.464,5.846],[-74.494,5.868],[-74.542,5.867],[-74.544,5.878],[-74.599,5.85],[-74.638,5.846],[-74.685,5.87],[-74.672,5.97],[-74.617,6.001],[-74.637,6.072],[-74.595,6.094],[-74.616,6.129],[-74.6,6.175],[-74.637,6.197],[-74.643,6.23],[-74.616,6.318],[-74.579,6.37],[-74.562,6.365]]]}},{"type":"Feature","properties":{"mpio":"85125","nombre":"Hato Corozal","depto":"Casanare"},"geometry":{"type":"Polygon","coordinates":[[[-71.005,6.118],[-70.911,6.087],[-70.784,6.07],[-70.747,6.047],[-70.65,6.02],[-70.554,6.032],[-70.42,5.999],[-70.313,6.008],[-70.26,5.999],[-70.249,6.011],[-70.23,6.001],[-70.161,6.03],[-69.868,6.006],[-69.853,5.974],[-69.751,5.876],[-69.749,5.849],[-69.689,5.845],[-69.646,5.827],[-69.612,5.783],[-69.759,5.826],[-69.957,5.862],[-70.071,5.865],[-70.157,5.821],[-70.177,5.822],[-70.315,5.859],[-70.354,5.884],[-70.45,5.884],[-70.509,5.911],[-70.628,5.854],[-70.802,5.869],[-70.887,5.892],[-71.002,5.903],[-71.08,5.888],[-71.154,5.83],[-71.289,5.761],[-71.343,5.755],[-71.404,5.729],[-71.546,5.713],[-71.631,5.763],[-71.653,5.791],[-71.765,5.826],[-71.861,5.941],[-71.919,5.978],[-71.934,6.022],[-71.773,6.07],[-71.66,6.063],[-71.607,6.095],[-71.535,6.109],[-71.464,6.111],[-71.39,6.068],[-71.38,6.078],[-71.357,6.066],[-71.341,6.078],[-71.309,6.065],[-71.251,6.078],[-71.239,6.096],[-71.152,6.082],[-71.092,6.107],[-71.019,6.102],[-71.005,6.118]]]}},{"type":"Feature","properties":{"mpio":"05440","nombre":"Marinilla","depto":"Antioquia"},"geometry":{"type":"Polygon","coordinates":[[[-75.408,6.374],[-75.376,6.401],[-75.328,6.323],[-75.327,6.308],[-75.378,6.305],[-75.368,6.244],[-75.398,6.228],[-75.441,6.282],[-75.436,6.324],[-75.417,6.335],[-75.408,6.374]]]}},{"type":"Feature","properties":{"mpio":"05059","nombre":"Armenia","depto":"Antioquia"},"geometry":{"type":"Polygon","coordinates":[[[-75.99,6.412],[-75.853,6.338],[-75.898,6.268],[-75.98,6.267],[-75.971,6.329],[-75.99,6.412]]]}},{"type":"Feature","properties":{"mpio":"05615","nombre":"Rionegro","depto":"Antioquia"},"geometry":{"type":"Polygon","coordinates":[[[-75.443,6.383],[-75.408,6.374],[-75.408,6.362],[-75.417,6.335],[-75.436,6.324],[-75.444,6.276],[-75.48,6.247],[-75.486,6.229],[-75.472,6.218],[-75.537,6.207],[-75.56,6.298],[-75.6,6.37],[-75.522,6.365],[-75.443,6.383]]]}},{"type":"Feature","properties":{"mpio":"85136","nombre":"La Salina","depto":"Casanare"},"geometry":{"type":"Polygon","coordinates":[[[-72.271,6.205],[-72.247,6.16],[-72.157,6.141],[-72.155,6.102],[-72.132,6.071],[-72.209,6.032],[-72.235,6.04],[-72.287,6.146],[-72.271,6.205]]]}},{"type":"Feature","properties":{"mpio":"05313","nombre":"Granada","depto":"Antioquia"},"geometry":{"type":"Polygon","coordinates":[[[-75.18,6.361],[-75.115,6.259],[-75.135,6.133],[-75.31,6.295],[-75.288,6.312],[-75.226,6.318],[-75.18,6.361]]]}},{"type":"Feature","properties":{"mpio":"05607","nombre":"Retiro","depto":"Antioquia"},"geometry":{"type":"Polygon","coordinates":[[[-75.645,6.34],[-75.602,6.362],[-75.582,6.34],[-75.534,6.203],[-75.592,6.111],[-75.67,6.124],[-75.664,6.207],[-75.682,6.261],[-75.662,6.27],[-75.642,6.304],[-75.645,6.34]]]}},{"type":"Feature","properties":{"mpio":"68013","nombre":"Aguada","depto":"Santander"},"geometry":{"type":"Polygon","coordinates":[[[-73.456,6.263],[-73.438,6.237],[-73.413,6.231],[-73.423,6.193],[-73.498,6.181],[-73.489,6.239],[-73.456,6.263]]]}},{"type":"Feature","properties":{"mpio":"05360","nombre":"Itagui","depto":"Antioquia"},"geometry":{"type":"Polygon","coordinates":[[[-75.68,6.348],[-75.733,6.314],[-75.754,6.342],[-75.747,6.365],[-75.68,6.348]]]}},{"type":"Feature","properties":{"mpio":"05266","nombre":"Envigado","depto":"Antioquia"},"geometry":{"type":"Polygon","coordinates":[[[-75.68,6.348],[-75.64,6.337],[-75.642,6.304],[-75.662,6.27],[-75.699,6.256],[-75.711,6.325],[-75.68,6.348]]]}},{"type":"Feature","properties":{"mpio":"99524","nombre":"La Primavera","depto":"Vichada"},"geometry":{"type":"Polygon","coordinates":[[[-68.155,5.657],[-68.186,4.969],[-68.372,4.91],[-68.479,4.94],[-68.517,4.93],[-68.5,4.906],[-68.529,4.891],[-68.595,4.894],[-68.606,4.942],[-68.629,4.973],[-68.754,4.966],[-68.773,4.955],[-68.76,4.917],[-68.781,4.906],[-68.891,4.905],[-68.95,4.89],[-68.993,4.838],[-68.982,4.794],[-68.996,4.772],[-69.142,4.716],[-69.316,4.624],[-69.449,4.578],[-69.481,4.59],[-69.534,4.582],[-69.641,4.511],[-69.683,4.497],[-69.825,4.515],[-69.864,4.497],[-69.902,4.441],[-69.925,4.432],[-69.976,4.444],[-70.051,4.442],[-70.163,4.418],[-70.128,5.294],[-69.971,5.292],[-69.865,5.327],[-69.836,5.369],[-69.766,5.383],[-69.76,5.424],[-69.712,5.467],[-69.628,5.609],[-69.584,5.644],[-69.531,5.722],[-69.465,5.715],[-69.391,5.688],[-69.277,5.676],[-69.117,5.699],[-69.104,5.734],[-69.015,5.761],[-68.979,5.702],[-68.891,5.703],[-68.811,5.758],[-68.767,5.814],[-68.614,5.783],[-68.592,5.756],[-68.492,5.75],[-68.429,5.712],[-68.312,5.674],[-68.238,5.671],[-68.208,5.684],[-68.174,5.677],[-68.155,5.657]]]}},{"type":"Feature","properties":{"mpio":"05036","nombre":"Angelopolis","depto":"Antioquia"},"geometry":{"type":"Polygon","coordinates":[[[-75.791,6.336],[-75.777,6.252],[-75.85,6.232],[-75.873,6.269],[-75.865,6.285],[-75.877,6.307],[-75.853,6.336],[-75.829,6.326],[-75.806,6.346],[-75.791,6.336]]]}},{"type":"Feature","properties":{"mpio":"68264","nombre":"Encino","depto":"Santander"},"geometry":{"type":"Polygon","coordinates":[[[-73.029,6.209],[-72.961,6.164],[-72.9,6.142],[-72.859,6.143],[-72.81,6.111],[-72.828,6.081],[-72.874,6.048],[-72.91,5.992],[-72.947,5.972],[-73.063,5.983],[-73.098,6.0],[-73.063,6.067],[-73.057,6.141],[-73.029,6.209]]]}},{"type":"Feature","properties":{"mpio":"05380","nombre":"La Estrella","depto":"Antioquia"},"geometry":{"type":"Polygon","coordinates":[[[-75.791,6.336],[-75.747,6.342],[-75.727,6.261],[-75.779,6.28],[-75.791,6.336]]]}},{"type":"Feature","properties":{"mpio":"68770","nombre":"Suaita","depto":"Santander"},"geometry":{"type":"Polygon","coordinates":[[[-73.448,6.146],[-73.413,6.231],[-73.394,6.203],[-73.321,6.188],[-73.277,6.195],[-73.17,6.164],[-73.165,6.034],[-73.198,6.032],[-73.243,6.064],[-73.263,6.055],[-73.358,6.069],[-73.368,6.095],[-73.432,6.126],[-73.448,6.146]]]}},{"type":"Feature","properties":{"mpio":"15368","nombre":"Jerico","depto":"Boyaca"},"geometry":{"type":"Polygon","coordinates":[[[-72.546,6.114],[-72.535,6.168],[-72.524,6.169],[-72.433,6.132],[-72.397,6.099],[-72.398,6.046],[-72.418,6.027],[-72.481,6.06],[-72.546,6.114]]]}},{"type":"Feature","properties":{"mpio":"68250","nombre":"El Pe¥On","depto":"Santander"},"geometry":{"type":"Polygon","coordinates":[[[-73.801,6.048],[-73.872,6.063],[-73.906,6.089],[-74.055,6.1],[-74.065,6.116],[-74.052,6.158],[-74.068,6.185],[-74.095,6.197],[-74.102,6.237],[-74.073,6.235],[-73.989,6.261],[-73.953,6.242],[-73.892,6.144],[-73.778,6.107],[-73.766,6.092],[-73.803,6.065],[-73.801,6.048]]]}},{"type":"Feature","properties":{"mpio":"05209","nombre":"Concordia","depto":"Antioquia"},"geometry":{"type":"Polygon","coordinates":[[[-75.978,6.33],[-75.97,6.307],[-75.991,6.216],[-75.965,6.154],[-75.97,6.11],[-76.013,6.126],[-76.116,6.255],[-76.072,6.292],[-76.042,6.301],[-76.031,6.325],[-76.01,6.336],[-75.978,6.33]]]}},{"type":"Feature","properties":{"mpio":"05631","nombre":"Sabaneta","depto":"Antioquia"},"geometry":{"type":"Polygon","coordinates":[[[-75.74,6.304],[-75.711,6.325],[-75.699,6.256],[-75.727,6.261],[-75.74,6.304]]]}},{"type":"Feature","properties":{"mpio":"05697","nombre":"El Santuario","depto":"Antioquia"},"geometry":{"type":"Polygon","coordinates":[[[-75.327,6.308],[-75.299,6.29],[-75.247,6.238],[-75.301,6.25],[-75.352,6.237],[-75.368,6.244],[-75.378,6.305],[-75.327,6.308]]]}},{"type":"Feature","properties":{"mpio":"15720","nombre":"Sativanorte","depto":"Boyaca"},"geometry":{"type":"Polygon","coordinates":[[[-72.534,6.143],[-72.558,6.059],[-72.572,6.051],[-72.593,6.074],[-72.711,6.075],[-72.738,6.131],[-72.672,6.146],[-72.647,6.134],[-72.596,6.137],[-72.593,6.149],[-72.534,6.143]]]}},{"type":"Feature","properties":{"mpio":"68673","nombre":"San Benito","depto":"Santander"},"geometry":{"type":"Polygon","coordinates":[[[-73.498,6.181],[-73.439,6.198],[-73.422,6.188],[-73.436,6.154],[-73.466,6.151],[-73.495,6.103],[-73.518,6.128],[-73.498,6.181]]]}},{"type":"Feature","properties":{"mpio":"15839","nombre":"Tutaza","depto":"Boyaca"},"geometry":{"type":"Polygon","coordinates":[[[-72.738,6.131],[-72.711,6.075],[-72.717,5.982],[-72.77,5.985],[-72.839,6.073],[-72.768,6.15],[-72.738,6.131]]]}},{"type":"Feature","properties":{"mpio":"05809","nombre":"Titiribi","depto":"Antioquia"},"geometry":{"type":"Polygon","coordinates":[[[-75.98,6.267],[-75.898,6.268],[-75.877,6.3],[-75.869,6.292],[-75.873,6.269],[-75.85,6.232],[-75.876,6.163],[-75.975,6.175],[-75.991,6.216],[-75.98,6.267]]]}},{"type":"Feature","properties":{"mpio":"05148","nombre":"El Carmen De Viboral","depto":"Antioquia"},"geometry":{"type":"Polygon","coordinates":[[[-75.368,6.244],[-75.356,6.21],[-75.295,6.179],[-75.26,6.121],[-75.164,6.023],[-75.279,5.984],[-75.339,5.946],[-75.371,6.078],[-75.403,6.115],[-75.417,6.189],[-75.434,6.207],[-75.468,6.209],[-75.486,6.229],[-75.441,6.282],[-75.398,6.228],[-75.368,6.244]]]}},{"type":"Feature","properties":{"mpio":"05660","nombre":"San Luis","depto":"Antioquia"},"geometry":{"type":"Polygon","coordinates":[[[-74.963,6.172],[-74.865,6.159],[-74.805,6.095],[-74.891,6.036],[-74.908,6.054],[-74.973,6.073],[-74.992,6.07],[-75.014,6.046],[-75.052,6.053],[-75.135,6.133],[-75.115,6.259],[-75.018,6.234],[-74.963,6.172]]]}},{"type":"Feature","properties":{"mpio":"15755","nombre":"Socota","depto":"Boyaca"},"geometry":{"type":"Polygon","coordinates":[[[-72.558,6.059],[-72.539,6.112],[-72.481,6.06],[-72.418,6.027],[-72.406,5.962],[-72.308,5.878],[-72.287,5.841],[-72.365,5.786],[-72.377,5.753],[-72.421,5.746],[-72.47,5.717],[-72.529,5.715],[-72.517,5.729],[-72.53,5.778],[-72.519,5.9],[-72.551,5.958],[-72.546,6.037],[-72.558,6.059]]]}},{"type":"Feature","properties":{"mpio":"05129","nombre":"Caldas","depto":"Antioquia"},"geometry":{"type":"Polygon","coordinates":[[[-75.779,6.28],[-75.748,6.263],[-75.682,6.261],[-75.664,6.207],[-75.675,6.154],[-75.738,6.118],[-75.773,6.119],[-75.768,6.172],[-75.786,6.205],[-75.779,6.28]]]}},{"type":"Feature","properties":{"mpio":"68179","nombre":"Chipata","depto":"Santander"},"geometry":{"type":"Polygon","coordinates":[[[-73.637,6.171],[-73.598,6.181],[-73.562,6.147],[-73.518,6.128],[-73.571,6.083],[-73.629,6.089],[-73.654,6.114],[-73.637,6.171]]]}},{"type":"Feature","properties":{"mpio":"05642","nombre":"Salgar","depto":"Antioquia"},"geometry":{"type":"Polygon","coordinates":[[[-76.166,6.282],[-76.119,6.26],[-76.013,6.126],[-75.97,6.11],[-76.017,6.059],[-76.027,6.029],[-76.074,6.074],[-76.263,6.115],[-76.254,6.146],[-76.318,6.164],[-76.299,6.178],[-76.287,6.212],[-76.166,6.282]]]}},{"type":"Feature","properties":{"mpio":"85315","nombre":"Sacama","depto":"Casanare"},"geometry":{"type":"Polygon","coordinates":[[[-72.132,6.071],[-71.995,5.993],[-71.974,5.992],[-71.934,6.022],[-71.919,5.978],[-71.969,5.966],[-71.98,5.934],[-72.004,5.946],[-72.032,5.908],[-72.08,5.915],[-72.155,5.968],[-72.218,5.947],[-72.229,5.992],[-72.209,6.032],[-72.132,6.071]]]}},{"type":"Feature","properties":{"mpio":"68773","nombre":"Sucre","depto":"Santander"},"geometry":{"type":"Polygon","coordinates":[[[-74.095,6.197],[-74.068,6.185],[-74.052,6.158],[-74.065,6.116],[-74.055,6.1],[-73.89,6.085],[-73.872,6.063],[-73.706,6.013],[-73.685,5.997],[-73.686,5.984],[-73.704,5.954],[-73.86,5.981],[-73.877,6.007],[-74.032,6.018],[-74.095,6.044],[-74.11,6.056],[-74.116,6.092],[-74.103,6.12],[-74.111,6.166],[-74.095,6.197]]]}},{"type":"Feature","properties":{"mpio":"05197","nombre":"Cocorna","depto":"Antioquia"},"geometry":{"type":"Polygon","coordinates":[[[-75.368,6.244],[-75.352,6.237],[-75.301,6.25],[-75.247,6.238],[-75.084,6.08],[-75.098,6.074],[-75.141,6.09],[-75.154,6.076],[-75.126,6.057],[-75.123,6.036],[-75.164,6.023],[-75.26,6.121],[-75.295,6.179],[-75.356,6.21],[-75.368,6.244]]]}},{"type":"Feature","properties":{"mpio":"85250","nombre":"Paz De Ariporo","depto":"Casanare"},"geometry":{"type":"Polygon","coordinates":[[[-69.612,5.783],[-69.6,5.737],[-69.535,5.714],[-69.584,5.644],[-69.628,5.609],[-69.712,5.467],[-69.76,5.424],[-69.766,5.383],[-69.836,5.369],[-69.865,5.327],[-69.971,5.292],[-70.101,5.296],[-70.176,5.28],[-70.395,5.151],[-70.418,5.223],[-70.558,5.232],[-70.599,5.22],[-70.722,5.249],[-70.794,5.25],[-70.82,5.239],[-70.898,5.279],[-71.062,5.284],[-71.141,5.304],[-71.214,5.352],[-71.32,5.365],[-71.433,5.42],[-71.581,5.445],[-71.579,5.509],[-71.674,5.572],[-71.689,5.598],[-71.767,5.63],[-71.811,5.666],[-71.849,5.721],[-71.928,5.757],[-71.908,5.76],[-71.897,5.826],[-71.88,5.854],[-71.919,5.978],[-71.861,5.941],[-71.765,5.826],[-71.653,5.791],[-71.631,5.763],[-71.546,5.713],[-71.404,5.729],[-71.343,5.755],[-71.289,5.761],[-71.154,5.83],[-71.08,5.888],[-71.002,5.903],[-70.887,5.892],[-70.802,5.869],[-70.628,5.854],[-70.509,5.911],[-70.45,5.884],[-70.354,5.884],[-70.315,5.859],[-70.177,5.822],[-70.157,5.821],[-70.071,5.865],[-69.957,5.862],[-69.759,5.826],[-69.612,5.783]]]}},{"type":"Feature","properties":{"mpio":"15686","nombre":"Santana","depto":"Boyaca"},"geometry":{"type":"Polygon","coordinates":[[[-73.466,6.151],[-73.386,6.094],[-73.415,6.052],[-73.459,6.068],[-73.472,6.06],[-73.495,6.103],[-73.466,6.151]]]}},{"type":"Feature","properties":{"mpio":"05030","nombre":"Amaga","depto":"Antioquia"},"geometry":{"type":"Polygon","coordinates":[[[-75.85,6.232],[-75.776,6.24],[-75.786,6.205],[-75.768,6.172],[-75.773,6.119],[-75.876,6.163],[-75.85,6.232]]]}},{"type":"Feature","properties":{"mpio":"15723","nombre":"Sativasur","depto":"Boyaca"},"geometry":{"type":"Polygon","coordinates":[[[-72.708,6.075],[-72.593,6.074],[-72.583,6.054],[-72.558,6.059],[-72.584,6.007],[-72.608,5.995],[-72.624,6.007],[-72.633,6.047],[-72.708,6.075]]]}},{"type":"Feature","properties":{"mpio":"68327","nombre":"Guepsa","depto":"Santander"},"geometry":{"type":"Polygon","coordinates":[[[-73.518,6.128],[-73.495,6.103],[-73.515,6.065],[-73.543,6.048],[-73.567,6.062],[-73.571,6.083],[-73.518,6.128]]]}},{"type":"Feature","properties":{"mpio":"15537","nombre":"Paz De Rio","depto":"Boyaca"},"geometry":{"type":"Polygon","coordinates":[[[-72.711,6.075],[-72.633,6.047],[-72.624,6.007],[-72.608,5.995],[-72.631,5.941],[-72.702,5.952],[-72.696,5.959],[-72.716,5.978],[-72.719,5.999],[-72.711,6.075]]]}},{"type":"Feature","properties":{"mpio":"05376","nombre":"La Ceja","depto":"Antioquia"},"geometry":{"type":"Polygon","coordinates":[[[-75.472,6.218],[-75.44,6.201],[-75.464,6.146],[-75.484,6.145],[-75.512,6.12],[-75.508,6.053],[-75.537,6.078],[-75.575,6.081],[-75.589,6.123],[-75.559,6.153],[-75.537,6.207],[-75.472,6.218]]]}},{"type":"Feature","properties":{"mpio":"27025","nombre":"Alto Baudo","depto":"Choco"},"geometry":{"type":"Polygon","coordinates":[[[-77.51,6.249],[-77.493,6.249],[-77.487,6.222],[-77.459,6.22],[-77.406,6.248],[-77.366,6.245],[-77.341,6.26],[-77.282,6.146],[-77.227,6.13],[-77.177,5.92],[-77.129,5.89],[-77.12,5.848],[-77.141,5.766],[-77.122,5.66],[-77.103,5.636],[-77.076,5.686],[-77.074,5.74],[-77.064,5.74],[-77.039,5.717],[-77.028,5.665],[-77.027,5.646],[-77.054,5.602],[-77.051,5.576],[-76.994,5.525],[-77.011,5.48],[-77.085,5.414],[-77.169,5.417],[-77.193,5.431],[-77.309,5.587],[-77.351,5.69],[-77.479,5.642],[-77.453,5.703],[-77.386,5.704],[-77.371,5.812],[-77.383,5.884],[-77.366,5.949],[-77.376,6.021],[-77.49,6.157],[-77.509,6.198],[-77.5,6.221],[-77.521,6.232],[-77.51,6.249]]]}},{"type":"Feature","properties":{"mpio":"15757","nombre":"Socha","depto":"Boyaca"},"geometry":{"type":"Polygon","coordinates":[[[-72.625,5.97],[-72.584,6.007],[-72.558,6.059],[-72.546,6.037],[-72.551,5.958],[-72.527,5.93],[-72.518,5.863],[-72.567,5.82],[-72.617,5.858],[-72.631,5.912],[-72.625,5.97]]]}},{"type":"Feature","properties":{"mpio":"05400","nombre":"La Union","depto":"Antioquia"},"geometry":{"type":"Polygon","coordinates":[[[-75.441,6.209],[-75.411,6.176],[-75.403,6.115],[-75.371,6.078],[-75.347,5.984],[-75.417,6.022],[-75.505,6.045],[-75.512,6.12],[-75.484,6.145],[-75.464,6.146],[-75.441,6.209]]]}},{"type":"Feature","properties":{"mpio":"15087","nombre":"Belen","depto":"Boyaca"},"geometry":{"type":"Polygon","coordinates":[[[-72.839,6.073],[-72.77,5.985],[-72.717,5.982],[-72.696,5.959],[-72.759,5.936],[-72.844,5.936],[-72.898,6.004],[-72.874,6.048],[-72.839,6.073]]]}},{"type":"Feature","properties":{"mpio":"15185","nombre":"Chitaraque","depto":"Boyaca"},"geometry":{"type":"Polygon","coordinates":[[[-73.368,6.095],[-73.326,6.013],[-73.378,5.921],[-73.396,5.913],[-73.404,5.949],[-73.451,5.998],[-73.449,6.013],[-73.386,6.094],[-73.392,6.107],[-73.368,6.095]]]}},{"type":"Feature","properties":{"mpio":"15664","nombre":"San Jose De Pare","depto":"Boyaca"},"geometry":{"type":"Polygon","coordinates":[[[-73.495,6.103],[-73.472,6.06],[-73.459,6.068],[-73.415,6.052],[-73.451,5.998],[-73.494,5.98],[-73.57,6.004],[-73.495,6.103]]]}},{"type":"Feature","properties":{"mpio":"05591","nombre":"Puerto Triunfo","depto":"Antioquia"},"geometry":{"type":"Polygon","coordinates":[[[-74.611,6.145],[-74.616,6.129],[-74.595,6.094],[-74.637,6.072],[-74.617,6.001],[-74.662,5.983],[-74.673,5.957],[-74.891,6.036],[-74.805,6.095],[-74.761,6.102],[-74.722,6.142],[-74.692,6.156],[-74.649,6.139],[-74.624,6.154],[-74.611,6.145]]]}},{"type":"Feature","properties":{"mpio":"85400","nombre":"Tamara","depto":"Casanare"},"geometry":{"type":"Polygon","coordinates":[[[-72.229,5.992],[-72.218,5.947],[-72.155,5.968],[-72.08,5.915],[-72.046,5.907],[-72.021,5.915],[-72.004,5.946],[-71.98,5.934],[-71.969,5.966],[-71.919,5.978],[-71.88,5.854],[-71.897,5.826],[-71.908,5.76],[-71.96,5.738],[-71.979,5.711],[-71.986,5.642],[-72.039,5.621],[-72.075,5.631],[-72.103,5.61],[-72.19,5.724],[-72.337,5.801],[-72.305,5.838],[-72.281,5.841],[-72.266,5.859],[-72.229,5.992]]]}},{"type":"Feature","properties":{"mpio":"68298","nombre":"Gambita","depto":"Santander"},"geometry":{"type":"Polygon","coordinates":[[[-73.165,6.034],[-73.149,6.01],[-73.18,5.935],[-73.202,5.92],[-73.219,5.885],[-73.31,5.864],[-73.319,5.823],[-73.349,5.785],[-73.364,5.786],[-73.428,5.893],[-73.411,5.889],[-73.378,5.921],[-73.328,6.005],[-73.358,6.069],[-73.263,6.055],[-73.243,6.064],[-73.198,6.032],[-73.165,6.034]]]}},{"type":"Feature","properties":{"mpio":"05861","nombre":"Venecia","depto":"Antioquia"},"geometry":{"type":"Polygon","coordinates":[[[-75.975,6.175],[-75.86,6.16],[-75.794,6.12],[-75.806,6.102],[-75.855,6.097],[-75.871,6.083],[-75.872,6.035],[-75.97,6.11],[-75.963,6.139],[-75.975,6.175]]]}},{"type":"Feature","properties":{"mpio":"27495","nombre":"Nuqui","depto":"Choco"},"geometry":{"type":"Polygon","coordinates":[[[-77.509,6.198],[-77.49,6.157],[-77.376,6.021],[-77.366,5.949],[-77.383,5.884],[-77.371,5.812],[-77.386,5.704],[-77.453,5.703],[-77.475,5.667],[-77.511,5.69],[-77.517,5.74],[-77.562,5.697],[-77.616,5.684],[-77.679,5.69],[-77.739,5.678],[-77.776,5.695],[-77.752,5.787],[-77.71,5.788],[-77.661,5.814],[-77.602,5.8],[-77.564,5.86],[-77.497,5.912],[-77.473,5.983],[-77.51,6.023],[-77.57,6.142],[-77.569,6.167],[-77.509,6.198]]]}},{"type":"Feature","properties":{"mpio":"68077","nombre":"Barbosa","depto":"Santander"},"geometry":{"type":"Polygon","coordinates":[[[-73.565,6.06],[-73.543,6.048],[-73.57,6.004],[-73.578,5.954],[-73.609,5.99],[-73.565,6.06]]]}},{"type":"Feature","properties":{"mpio":"68377","nombre":"La Belleza","depto":"Santander"},"geometry":{"type":"Polygon","coordinates":[[[-74.116,6.088],[-74.11,6.056],[-74.032,6.018],[-73.872,6.005],[-73.838,5.896],[-73.872,5.878],[-73.901,5.884],[-73.939,5.926],[-73.999,5.924],[-74.019,5.939],[-74.101,5.932],[-74.153,5.95],[-74.182,5.971],[-74.16,5.99],[-74.149,6.04],[-74.116,6.088]]]}},{"type":"Feature","properties":{"mpio":"05679","nombre":"Santa Barbara","depto":"Antioquia"},"geometry":{"type":"Polygon","coordinates":[[[-75.738,6.118],[-75.675,6.154],[-75.67,6.124],[-75.642,6.087],[-75.64,6.052],[-75.616,6.002],[-75.647,5.866],[-75.682,5.875],[-75.675,5.949],[-75.693,5.974],[-75.714,5.973],[-75.738,6.118]]]}},{"type":"Feature","properties":{"mpio":"68324","nombre":"Guavata","depto":"Santander"},"geometry":{"type":"Polygon","coordinates":[[[-73.706,6.013],[-73.691,6.06],[-73.645,6.038],[-73.609,5.99],[-73.675,5.942],[-73.704,5.954],[-73.685,5.997],[-73.706,6.013]]]}},{"type":"Feature","properties":{"mpio":"27245","nombre":"El Carmen De Atrato","depto":"Choco"},"geometry":{"type":"Polygon","coordinates":[[[-76.315,6.164],[-76.254,6.146],[-76.271,6.107],[-76.277,5.993],[-76.241,5.911],[-76.251,5.895],[-76.233,5.877],[-76.237,5.817],[-76.334,5.807],[-76.422,5.844],[-76.485,5.838],[-76.507,5.901],[-76.485,5.911],[-76.457,5.982],[-76.347,6.073],[-76.337,6.089],[-76.342,6.139],[-76.315,6.164]]]}},{"type":"Feature","properties":{"mpio":"15162","nombre":"Cerinza","depto":"Boyaca"},"geometry":{"type":"Polygon","coordinates":[[[-72.898,6.004],[-72.871,5.96],[-72.82,5.93],[-72.828,5.918],[-72.864,5.91],[-72.926,5.95],[-72.94,5.98],[-72.898,6.004]]]}},{"type":"Feature","properties":{"mpio":"15516","nombre":"Paipa","depto":"Boyaca"},"geometry":{"type":"Polygon","coordinates":[[[-73.121,5.998],[-73.047,5.901],[-73.001,5.767],[-72.974,5.761],[-72.991,5.718],[-72.981,5.676],[-73.033,5.656],[-73.062,5.669],[-73.111,5.763],[-73.086,5.843],[-73.187,5.825],[-73.236,5.88],[-73.219,5.885],[-73.202,5.92],[-73.184,5.929],[-73.149,6.01],[-73.121,5.998]]]}},{"type":"Feature","properties":{"mpio":"15238","nombre":"Duitama","depto":"Boyaca"},"geometry":{"type":"Polygon","coordinates":[[[-73.121,5.998],[-73.063,5.983],[-72.968,5.973],[-72.923,5.841],[-72.88,5.813],[-72.879,5.792],[-72.931,5.795],[-72.974,5.761],[-73.001,5.767],[-73.047,5.901],[-73.121,5.998]]]}},{"type":"Feature","properties":{"mpio":"05467","nombre":"Montebello","depto":"Antioquia"},"geometry":{"type":"Polygon","coordinates":[[[-75.592,6.111],[-75.555,6.071],[-75.558,6.057],[-75.582,6.008],[-75.616,6.002],[-75.656,6.115],[-75.629,6.122],[-75.592,6.111]]]}},{"type":"Feature","properties":{"mpio":"05282","nombre":"Fredonia","depto":"Antioquia"},"geometry":{"type":"Polygon","coordinates":[[[-75.794,6.12],[-75.738,6.118],[-75.713,5.977],[-75.723,5.909],[-75.757,5.955],[-75.809,5.977],[-75.876,6.04],[-75.871,6.083],[-75.855,6.097],[-75.806,6.102],[-75.794,6.12]]]}},{"type":"Feature","properties":{"mpio":"15693","nombre":"Santa Rosa De Viterbo","depto":"Boyaca"},"geometry":{"type":"Polygon","coordinates":[[[-72.941,5.976],[-72.913,5.936],[-72.862,5.904],[-72.894,5.829],[-72.923,5.841],[-72.968,5.973],[-72.941,5.976]]]}},{"type":"Feature","properties":{"mpio":"05652","nombre":"San Francisco","depto":"Antioquia"},"geometry":{"type":"Polygon","coordinates":[[[-75.084,6.08],[-75.029,6.043],[-74.973,6.073],[-74.893,6.044],[-74.884,6.033],[-74.891,5.99],[-74.919,5.942],[-74.973,5.925],[-75.011,5.894],[-75.097,5.872],[-75.106,5.885],[-75.098,5.926],[-75.075,5.956],[-75.089,6.003],[-75.103,6.027],[-75.164,6.023],[-75.123,6.036],[-75.126,6.057],[-75.154,6.076],[-75.141,6.09],[-75.098,6.074],[-75.084,6.08]]]}},{"type":"Feature","properties":{"mpio":"15092","nombre":"Beteitiva","depto":"Boyaca"},"geometry":{"type":"Polygon","coordinates":[[[-72.679,5.944],[-72.696,5.895],[-72.736,5.85],[-72.8,5.831],[-72.803,5.86],[-72.848,5.911],[-72.81,5.932],[-72.702,5.952],[-72.679,5.944]]]}},{"type":"Feature","properties":{"mpio":"15816","nombre":"Togui","depto":"Boyaca"},"geometry":{"type":"Polygon","coordinates":[[[-73.494,5.98],[-73.461,5.999],[-73.435,5.989],[-73.398,5.936],[-73.399,5.899],[-73.411,5.889],[-73.433,5.893],[-73.486,5.928],[-73.494,5.98]]]}},{"type":"Feature","properties":{"mpio":"15469","nombre":"Moniquira","depto":"Boyaca"},"geometry":{"type":"Polygon","coordinates":[[[-73.57,6.004],[-73.494,5.98],[-73.486,5.928],[-73.428,5.893],[-73.405,5.843],[-73.425,5.836],[-73.459,5.87],[-73.454,5.813],[-73.471,5.806],[-73.528,5.839],[-73.539,5.819],[-73.578,5.817],[-73.564,5.895],[-73.578,5.954],[-73.57,6.004]]]}},{"type":"Feature","properties":{"mpio":"05792","nombre":"Tarso","depto":"Antioquia"},"geometry":{"type":"Polygon","coordinates":[[[-75.97,6.11],[-75.872,6.035],[-75.875,5.975],[-75.907,5.96],[-75.959,5.985],[-75.97,6.01],[-76.027,6.029],[-76.017,6.059],[-75.97,6.11]]]}},{"type":"Feature","properties":{"mpio":"15790","nombre":"Tasco","depto":"Boyaca"},"geometry":{"type":"Polygon","coordinates":[[[-72.631,5.941],[-72.617,5.858],[-72.59,5.83],[-72.567,5.82],[-72.518,5.863],[-72.529,5.769],[-72.642,5.783],[-72.721,5.819],[-72.736,5.85],[-72.696,5.895],[-72.679,5.944],[-72.631,5.941]]]}},{"type":"Feature","properties":{"mpio":"05101","nombre":"Ciudad Bolivar","depto":"Antioquia"},"geometry":{"type":"Polygon","coordinates":[[[-76.263,6.115],[-76.074,6.074],[-76.027,6.029],[-76.027,5.974],[-76.061,5.97],[-76.086,5.949],[-76.181,5.914],[-76.242,5.907],[-76.276,5.974],[-76.263,6.115]]]}},{"type":"Feature","properties":{"mpio":"68572","nombre":"Puente Nacional","depto":"Santander"},"geometry":{"type":"Polygon","coordinates":[[[-73.609,5.99],[-73.581,5.965],[-73.564,5.895],[-73.579,5.857],[-73.576,5.798],[-73.618,5.761],[-73.669,5.816],[-73.73,5.821],[-73.714,5.836],[-73.704,5.954],[-73.675,5.942],[-73.652,5.949],[-73.609,5.99]]]}},{"type":"Feature","properties":{"mpio":"05002","nombre":"Abejorral","depto":"Antioquia"},"geometry":{"type":"Polygon","coordinates":[[[-75.563,6.08],[-75.537,6.078],[-75.487,6.035],[-75.417,6.022],[-75.347,5.984],[-75.344,5.959],[-75.379,5.938],[-75.391,5.914],[-75.496,5.873],[-75.518,5.825],[-75.573,5.805],[-75.605,5.818],[-75.647,5.866],[-75.616,6.002],[-75.575,6.016],[-75.555,6.071],[-75.563,6.08]]]}},{"type":"Feature","properties":{"mpio":"05756","nombre":"Sonson","depto":"Antioquia"},"geometry":{"type":"Polygon","coordinates":[[[-74.884,6.033],[-74.673,5.957],[-74.685,5.87],[-74.736,5.874],[-74.773,5.805],[-74.815,5.793],[-74.875,5.814],[-74.901,5.855],[-74.944,5.846],[-74.953,5.865],[-75.109,5.852],[-75.165,5.881],[-75.206,5.888],[-75.293,5.87],[-75.304,5.842],[-75.277,5.815],[-75.327,5.798],[-75.333,5.785],[-75.345,5.74],[-75.326,5.706],[-75.327,5.679],[-75.346,5.607],[-75.359,5.591],[-75.387,5.591],[-75.427,5.733],[-75.465,5.744],[-75.45,5.793],[-75.486,5.825],[-75.516,5.829],[-75.496,5.873],[-75.391,5.914],[-75.379,5.938],[-75.344,5.959],[-75.33,5.946],[-75.221,6.009],[-75.113,6.028],[-75.099,6.025],[-75.075,5.956],[-75.098,5.926],[-75.106,5.885],[-75.097,5.872],[-75.069,5.877],[-74.919,5.942],[-74.891,5.99],[-74.884,6.033]]]}},{"type":"Feature","properties":{"mpio":"68368","nombre":"Jesus Maria","depto":"Santander"},"geometry":{"type":"Polygon","coordinates":[[[-73.86,5.981],[-73.707,5.959],[-73.708,5.915],[-73.827,5.869],[-73.872,5.878],[-73.838,5.896],[-73.86,5.981]]]}},{"type":"Feature","properties":{"mpio":"15276","nombre":"Floresta","depto":"Boyaca"},"geometry":{"type":"Polygon","coordinates":[[[-72.864,5.91],[-72.833,5.9],[-72.803,5.86],[-72.802,5.8],[-72.824,5.768],[-72.879,5.792],[-72.88,5.813],[-72.897,5.829],[-72.865,5.881],[-72.864,5.91]]]}},{"type":"Feature","properties":{"mpio":"15507","nombre":"Otanche","depto":"Boyaca"},"geometry":{"type":"Polygon","coordinates":[[[-74.182,5.971],[-74.084,5.917],[-74.079,5.883],[-74.087,5.827],[-74.158,5.828],[-74.162,5.797],[-74.144,5.754],[-74.174,5.712],[-74.163,5.674],[-74.206,5.662],[-74.216,5.638],[-74.219,5.658],[-74.243,5.662],[-74.271,5.701],[-74.324,5.717],[-74.288,5.761],[-74.31,5.787],[-74.305,5.821],[-74.322,5.872],[-74.28,5.917],[-74.239,5.937],[-74.233,5.928],[-74.21,5.935],[-74.182,5.971]]]}},{"type":"Feature","properties":{"mpio":"05576","nombre":"Pueblorrico","depto":"Antioquia"},"geometry":{"type":"Polygon","coordinates":[[[-76.027,6.029],[-75.97,6.01],[-75.959,5.985],[-75.91,5.965],[-75.911,5.921],[-75.926,5.895],[-75.936,5.889],[-76.009,5.915],[-76.027,5.974],[-76.027,6.029]]]}},{"type":"Feature","properties":{"mpio":"05368","nombre":"Jerico","depto":"Antioquia"},"geometry":{"type":"Polygon","coordinates":[[[-75.869,6.023],[-75.753,5.946],[-75.796,5.936],[-75.865,5.858],[-75.878,5.827],[-75.919,5.807],[-75.936,5.889],[-75.911,5.921],[-75.907,5.96],[-75.875,5.975],[-75.869,6.023]]]}},{"type":"Feature","properties":{"mpio":"68271","nombre":"Florian","depto":"Santander"},"geometry":{"type":"Polygon","coordinates":[[[-73.872,5.878],[-73.969,5.801],[-73.993,5.856],[-74.079,5.883],[-74.084,5.917],[-74.101,5.932],[-74.019,5.939],[-73.999,5.924],[-73.939,5.926],[-73.901,5.884],[-73.872,5.878]]]}},{"type":"Feature","properties":{"mpio":"68020","nombre":"Albania","depto":"Santander"},"geometry":{"type":"Polygon","coordinates":[[[-73.708,5.915],[-73.714,5.836],[-73.774,5.801],[-73.837,5.798],[-73.86,5.775],[-73.871,5.79],[-73.969,5.801],[-73.872,5.878],[-73.827,5.869],[-73.708,5.915]]]}},{"type":"Feature","properties":{"mpio":"15215","nombre":"Corrales","depto":"Boyaca"},"geometry":{"type":"Polygon","coordinates":[[[-72.764,5.824],[-72.764,5.849],[-72.736,5.85],[-72.718,5.819],[-72.746,5.758],[-72.792,5.741],[-72.817,5.771],[-72.805,5.792],[-72.774,5.8],[-72.764,5.824]]]}},{"type":"Feature","properties":{"mpio":"15763","nombre":"Sotaquira","depto":"Boyaca"},"geometry":{"type":"Polygon","coordinates":[[[-73.236,5.88],[-73.187,5.825],[-73.086,5.843],[-73.111,5.763],[-73.084,5.712],[-73.136,5.73],[-73.18,5.714],[-73.248,5.727],[-73.319,5.823],[-73.318,5.848],[-73.297,5.872],[-73.236,5.88]]]}},{"type":"Feature","properties":{"mpio":"15114","nombre":"Busbanza","depto":"Boyaca"},"geometry":{"type":"Polygon","coordinates":[[[-72.8,5.831],[-72.772,5.837],[-72.764,5.824],[-72.774,5.8],[-72.805,5.792],[-72.8,5.831]]]}},{"type":"Feature","properties":{"mpio":"15550","nombre":"Pisba","depto":"Boyaca"},"geometry":{"type":"Polygon","coordinates":[[[-72.337,5.801],[-72.264,5.765],[-72.263,5.739],[-72.302,5.725],[-72.291,5.627],[-72.351,5.614],[-72.405,5.544],[-72.44,5.58],[-72.443,5.626],[-72.465,5.653],[-72.47,5.717],[-72.421,5.746],[-72.377,5.753],[-72.365,5.786],[-72.337,5.801]]]}},{"type":"Feature","properties":{"mpio":"05390","nombre":"La Pintada","depto":"Antioquia"},"geometry":{"type":"Polygon","coordinates":[[[-75.714,5.973],[-75.693,5.974],[-75.675,5.949],[-75.675,5.893],[-75.682,5.875],[-75.702,5.876],[-75.691,5.828],[-75.714,5.812],[-75.73,5.826],[-75.744,5.889],[-75.723,5.909],[-75.714,5.973]]]}},{"type":"Feature","properties":{"mpio":"15051","nombre":"Arcabuco","depto":"Boyaca"},"geometry":{"type":"Polygon","coordinates":[[[-73.471,5.806],[-73.454,5.813],[-73.459,5.87],[-73.425,5.836],[-73.39,5.834],[-73.307,5.705],[-73.315,5.666],[-73.371,5.71],[-73.456,5.74],[-73.455,5.773],[-73.472,5.779],[-73.471,5.806]]]}},{"type":"Feature","properties":{"mpio":"25885","nombre":"Yacopi","depto":"Cundinamarca"},"geometry":{"type":"Polygon","coordinates":[[[-74.512,5.865],[-74.494,5.868],[-74.464,5.846],[-74.408,5.865],[-74.344,5.917],[-74.305,5.821],[-74.31,5.787],[-74.288,5.761],[-74.332,5.703],[-74.276,5.612],[-74.272,5.583],[-74.226,5.546],[-74.169,5.532],[-74.189,5.49],[-74.24,5.458],[-74.321,5.463],[-74.373,5.489],[-74.398,5.485],[-74.449,5.575],[-74.461,5.631],[-74.476,5.64],[-74.524,5.624],[-74.551,5.636],[-74.553,5.697],[-74.494,5.745],[-74.481,5.794],[-74.485,5.838],[-74.512,5.865]]]}},{"type":"Feature","properties":{"mpio":"15296","nombre":"Gameza","depto":"Boyaca"},"geometry":{"type":"Polygon","coordinates":[[[-72.718,5.819],[-72.642,5.783],[-72.529,5.769],[-72.517,5.729],[-72.531,5.719],[-72.701,5.733],[-72.709,5.754],[-72.745,5.761],[-72.718,5.819]]]}},{"type":"Feature","properties":{"mpio":"85263","nombre":"Pore","depto":"Casanare"},"geometry":{"type":"Polygon","coordinates":[[[-71.928,5.757],[-71.849,5.721],[-71.811,5.666],[-71.767,5.63],[-71.689,5.598],[-71.674,5.572],[-71.579,5.509],[-71.582,5.432],[-71.619,5.414],[-71.745,5.451],[-71.788,5.442],[-71.933,5.568],[-71.986,5.598],[-71.979,5.711],[-71.928,5.757]]]}},{"type":"Feature","properties":{"mpio":"05353","nombre":"Hispania","depto":"Antioquia"},"geometry":{"type":"Polygon","coordinates":[[[-76.027,5.974],[-76.009,5.915],[-76.048,5.87],[-76.086,5.949],[-76.061,5.97],[-76.027,5.974]]]}},{"type":"Feature","properties":{"mpio":"15533","nombre":"Paya","depto":"Boyaca"},"geometry":{"type":"Polygon","coordinates":[[[-72.264,5.765],[-72.19,5.724],[-72.103,5.61],[-72.159,5.578],[-72.18,5.484],[-72.177,5.438],[-72.201,5.418],[-72.252,5.457],[-72.268,5.498],[-72.295,5.498],[-72.324,5.456],[-72.384,5.533],[-72.405,5.544],[-72.351,5.614],[-72.291,5.627],[-72.302,5.725],[-72.263,5.739],[-72.264,5.765]]]}},{"type":"Feature","properties":{"mpio":"15531","nombre":"Pauna","depto":"Boyaca"},"geometry":{"type":"Polygon","coordinates":[[[-74.079,5.883],[-73.993,5.856],[-73.947,5.758],[-73.864,5.671],[-73.923,5.625],[-74.056,5.71],[-74.044,5.779],[-74.087,5.827],[-74.079,5.883]]]}},{"type":"Feature","properties":{"mpio":"05789","nombre":"Tamesis","depto":"Antioquia"},"geometry":{"type":"Polygon","coordinates":[[[-75.753,5.946],[-75.723,5.909],[-75.749,5.883],[-75.754,5.813],[-75.772,5.758],[-75.766,5.722],[-75.791,5.694],[-75.842,5.673],[-75.826,5.69],[-75.878,5.827],[-75.865,5.858],[-75.796,5.936],[-75.753,5.946]]]}},{"type":"Feature","properties":{"mpio":"05091","nombre":"Betania","depto":"Antioquia"},"geometry":{"type":"Polygon","coordinates":[[[-76.086,5.949],[-76.048,5.87],[-76.009,5.915],[-75.995,5.854],[-76.139,5.842],[-76.147,5.82],[-76.17,5.811],[-76.241,5.813],[-76.233,5.877],[-76.251,5.895],[-76.242,5.907],[-76.198,5.909],[-76.086,5.949]]]}},{"type":"Feature","properties":{"mpio":"15293","nombre":"Gachantiva","depto":"Boyaca"},"geometry":{"type":"Polygon","coordinates":[[[-73.471,5.806],[-73.472,5.779],[-73.455,5.773],[-73.456,5.74],[-73.473,5.739],[-73.486,5.711],[-73.535,5.71],[-73.535,5.831],[-73.528,5.839],[-73.49,5.826],[-73.471,5.806]]]}},{"type":"Feature","properties":{"mpio":"15204","nombre":"Combita","depto":"Boyaca"},"geometry":{"type":"Polygon","coordinates":[[[-73.319,5.823],[-73.248,5.727],[-73.189,5.706],[-73.273,5.578],[-73.306,5.62],[-73.304,5.653],[-73.315,5.666],[-73.307,5.705],[-73.355,5.781],[-73.319,5.823]]]}},{"type":"Feature","properties":{"mpio":"15491","nombre":"Nobsa","depto":"Boyaca"},"geometry":{"type":"Polygon","coordinates":[[[-72.903,5.789],[-72.871,5.792],[-72.817,5.771],[-72.792,5.741],[-72.858,5.716],[-72.903,5.789]]]}},{"type":"Feature","properties":{"mpio":"15806","nombre":"Tibasosa","depto":"Boyaca"},"geometry":{"type":"Polygon","coordinates":[[[-72.903,5.789],[-72.858,5.716],[-72.878,5.68],[-72.93,5.697],[-72.981,5.676],[-72.991,5.718],[-72.974,5.761],[-72.931,5.795],[-72.903,5.789]]]}},{"type":"Feature","properties":{"mpio":"25572","nombre":"Puerto Salgar","depto":"Cundinamarca"},"geometry":{"type":"Polygon","coordinates":[[[-74.686,5.87],[-74.638,5.846],[-74.599,5.85],[-74.544,5.878],[-74.542,5.867],[-74.518,5.87],[-74.497,5.854],[-74.48,5.819],[-74.488,5.755],[-74.553,5.697],[-74.551,5.636],[-74.594,5.587],[-74.636,5.469],[-74.666,5.477],[-74.651,5.507],[-74.689,5.526],[-74.695,5.55],[-74.698,5.586],[-74.677,5.642],[-74.692,5.664],[-74.656,5.777],[-74.686,5.799],[-74.696,5.829],[-74.682,5.851],[-74.686,5.87]]]}},{"type":"Feature","properties":{"mpio":"15696","nombre":"Santa Sofia","depto":"Boyaca"},"geometry":{"type":"Polygon","coordinates":[[[-73.578,5.817],[-73.539,5.819],[-73.542,5.691],[-73.622,5.734],[-73.576,5.798],[-73.578,5.817]]]}},{"type":"Feature","properties":{"mpio":"15820","nombre":"Topaga","depto":"Boyaca"},"geometry":{"type":"Polygon","coordinates":[[[-72.792,5.741],[-72.736,5.762],[-72.709,5.754],[-72.701,5.733],[-72.739,5.704],[-72.792,5.741]]]}},{"type":"Feature","properties":{"mpio":"15632","nombre":"Saboya","depto":"Boyaca"},"geometry":{"type":"Polygon","coordinates":[[[-73.73,5.821],[-73.669,5.816],[-73.639,5.775],[-73.606,5.762],[-73.667,5.67],[-73.713,5.686],[-73.814,5.693],[-73.834,5.717],[-73.827,5.743],[-73.859,5.769],[-73.837,5.798],[-73.774,5.801],[-73.73,5.821]]]}},{"type":"Feature","properties":{"mpio":"05034","nombre":"Andes","depto":"Antioquia"},"geometry":{"type":"Polygon","coordinates":[[[-76.009,5.915],[-75.936,5.889],[-75.919,5.807],[-75.948,5.786],[-75.984,5.786],[-75.986,5.661],[-75.997,5.624],[-76.109,5.627],[-76.162,5.671],[-76.17,5.732],[-76.241,5.813],[-76.17,5.811],[-76.147,5.82],[-76.139,5.842],[-75.995,5.854],[-76.009,5.915]]]}},{"type":"Feature","properties":{"mpio":"05055","nombre":"Argelia","depto":"Antioquia"},"geometry":{"type":"Polygon","coordinates":[[[-74.944,5.846],[-75.05,5.832],[-75.068,5.801],[-75.13,5.781],[-75.176,5.794],[-75.261,5.785],[-75.283,5.805],[-75.285,5.834],[-75.304,5.842],[-75.293,5.87],[-75.206,5.888],[-75.165,5.881],[-75.109,5.852],[-74.953,5.865],[-74.944,5.846]]]}},{"type":"Feature","properties":{"mpio":"15681","nombre":"San Pablo De Borbur","depto":"Boyaca"},"geometry":{"type":"Polygon","coordinates":[[[-74.087,5.827],[-74.044,5.779],[-74.061,5.7],[-74.089,5.663],[-74.163,5.674],[-74.174,5.712],[-74.144,5.754],[-74.162,5.797],[-74.158,5.828],[-74.087,5.827]]]}},{"type":"Feature","properties":{"mpio":"15464","nombre":"Mongua","depto":"Boyaca"},"geometry":{"type":"Polygon","coordinates":[[[-72.701,5.733],[-72.47,5.717],[-72.455,5.637],[-72.49,5.581],[-72.538,5.613],[-72.575,5.62],[-72.642,5.562],[-72.705,5.627],[-72.705,5.656],[-72.739,5.704],[-72.701,5.733]]]}},{"type":"Feature","properties":{"mpio":"15759","nombre":"Sogamoso","depto":"Boyaca"},"geometry":{"type":"Polygon","coordinates":[[[-72.792,5.741],[-72.774,5.721],[-72.782,5.684],[-72.764,5.628],[-72.742,5.614],[-72.705,5.627],[-72.693,5.617],[-72.731,5.551],[-72.838,5.589],[-72.864,5.62],[-72.887,5.628],[-72.889,5.664],[-72.858,5.716],[-72.792,5.741]]]}},{"type":"Feature","properties":{"mpio":"05856","nombre":"Valparaiso","depto":"Antioquia"},"geometry":{"type":"Polygon","coordinates":[[[-75.699,5.815],[-75.7,5.738],[-75.738,5.716],[-75.774,5.714],[-75.744,5.889],[-75.724,5.815],[-75.699,5.815]]]}},{"type":"Feature","properties":{"mpio":"27413","nombre":"Lloro","depto":"Choco"},"geometry":{"type":"Polygon","coordinates":[[[-76.653,5.857],[-76.507,5.901],[-76.485,5.838],[-76.422,5.844],[-76.334,5.807],[-76.394,5.779],[-76.484,5.675],[-76.623,5.644],[-76.702,5.612],[-76.728,5.689],[-76.722,5.728],[-76.659,5.728],[-76.63,5.747],[-76.637,5.824],[-76.653,5.857]]]}},{"type":"Feature","properties":{"mpio":"17013","nombre":"Aguadas","depto":"Caldas"},"geometry":{"type":"Polygon","coordinates":[[[-75.647,5.866],[-75.605,5.818],[-75.573,5.805],[-75.504,5.83],[-75.454,5.799],[-75.465,5.744],[-75.427,5.733],[-75.387,5.591],[-75.4,5.571],[-75.438,5.552],[-75.46,5.558],[-75.462,5.619],[-75.512,5.653],[-75.54,5.72],[-75.592,5.711],[-75.682,5.658],[-75.698,5.747],[-75.701,5.814],[-75.691,5.828],[-75.702,5.876],[-75.647,5.866]]]}},{"type":"Feature","properties":{"mpio":"15832","nombre":"Tunungua","depto":"Boyaca"},"geometry":{"type":"Polygon","coordinates":[[[-73.866,5.777],[-73.947,5.758],[-73.969,5.801],[-73.871,5.79],[-73.866,5.777]]]}},{"type":"Feature","properties":{"mpio":"15466","nombre":"Mongui","depto":"Boyaca"},"geometry":{"type":"Polygon","coordinates":[[[-72.739,5.704],[-72.705,5.656],[-72.704,5.635],[-72.742,5.614],[-72.764,5.628],[-72.781,5.694],[-72.774,5.721],[-72.739,5.704]]]}},{"type":"Feature","properties":{"mpio":"15176","nombre":"Chiquinquira","depto":"Boyaca"},"geometry":{"type":"Polygon","coordinates":[[[-73.851,5.778],[-73.859,5.769],[-73.827,5.743],[-73.834,5.717],[-73.814,5.693],[-73.713,5.686],[-73.667,5.67],[-73.683,5.663],[-73.696,5.624],[-73.774,5.661],[-73.776,5.634],[-73.822,5.603],[-73.84,5.63],[-73.834,5.661],[-73.864,5.671],[-73.855,5.693],[-73.873,5.738],[-73.866,5.777],[-73.851,5.778]]]}},{"type":"Feature","properties":{"mpio":"15106","nombre":"Brice¥O","depto":"Boyaca"},"geometry":{"type":"Polygon","coordinates":[[[-73.866,5.777],[-73.873,5.738],[-73.855,5.693],[-73.864,5.671],[-73.947,5.758],[-73.866,5.777]]]}},{"type":"Feature","properties":{"mpio":"15837","nombre":"Tuta","depto":"Boyaca"},"geometry":{"type":"Polygon","coordinates":[[[-73.193,5.715],[-73.163,5.715],[-73.155,5.731],[-73.084,5.712],[-73.062,5.669],[-73.014,5.624],[-73.048,5.618],[-73.123,5.637],[-73.161,5.627],[-73.201,5.638],[-73.223,5.654],[-73.193,5.715]]]}},{"type":"Feature","properties":{"mpio":"85225","nombre":"Nunchia","depto":"Casanare"},"geometry":{"type":"Polygon","coordinates":[[[-71.986,5.642],[-71.986,5.598],[-71.933,5.568],[-71.838,5.48],[-71.841,5.426],[-71.739,5.374],[-71.692,5.281],[-71.875,5.282],[-71.943,5.293],[-71.976,5.279],[-72.01,5.321],[-72.047,5.327],[-72.073,5.352],[-72.095,5.449],[-72.116,5.473],[-72.137,5.479],[-72.177,5.438],[-72.18,5.484],[-72.159,5.578],[-72.075,5.631],[-72.039,5.621],[-71.986,5.642]]]}},{"type":"Feature","properties":{"mpio":"15407","nombre":"Villa De Leyva","depto":"Boyaca"},"geometry":{"type":"Polygon","coordinates":[[[-73.393,5.717],[-73.448,5.688],[-73.444,5.656],[-73.463,5.62],[-73.517,5.617],[-73.539,5.647],[-73.535,5.71],[-73.486,5.711],[-73.473,5.739],[-73.456,5.74],[-73.393,5.717]]]}},{"type":"Feature","properties":{"mpio":"15272","nombre":"Firavitoba","depto":"Boyaca"},"geometry":{"type":"Polygon","coordinates":[[[-73.037,5.656],[-72.93,5.697],[-72.878,5.68],[-72.893,5.649],[-72.885,5.624],[-73.014,5.624],[-73.037,5.656]]]}},{"type":"Feature","properties":{"mpio":"15776","nombre":"Sutamarchan","depto":"Boyaca"},"geometry":{"type":"Polygon","coordinates":[[[-73.622,5.734],[-73.542,5.691],[-73.536,5.612],[-73.56,5.618],[-73.593,5.601],[-73.611,5.644],[-73.667,5.67],[-73.622,5.734]]]}},{"type":"Feature","properties":{"mpio":"15476","nombre":"Motavita","depto":"Boyaca"},"geometry":{"type":"Polygon","coordinates":[[[-73.393,5.717],[-73.309,5.664],[-73.304,5.639],[-73.317,5.62],[-73.373,5.632],[-73.418,5.704],[-73.393,5.717]]]}},{"type":"Feature","properties":{"mpio":"05364","nombre":"Jardin","depto":"Antioquia"},"geometry":{"type":"Polygon","coordinates":[[[-75.948,5.786],[-75.878,5.827],[-75.826,5.69],[-75.842,5.673],[-75.924,5.665],[-75.966,5.641],[-75.971,5.627],[-75.997,5.624],[-75.986,5.661],[-75.984,5.786],[-75.948,5.786]]]}},{"type":"Feature","properties":{"mpio":"05483","nombre":"Nari¥O","depto":"Antioquia"},"geometry":{"type":"Polygon","coordinates":[[[-75.283,5.805],[-75.261,5.785],[-75.176,5.794],[-75.13,5.781],[-75.158,5.77],[-75.161,5.709],[-75.191,5.691],[-75.205,5.658],[-75.276,5.642],[-75.297,5.602],[-75.359,5.591],[-75.327,5.679],[-75.326,5.706],[-75.345,5.74],[-75.333,5.785],[-75.313,5.805],[-75.283,5.805]]]}},{"type":"Feature","properties":{"mpio":"15377","nombre":"Labranzagrande","depto":"Boyaca"},"geometry":{"type":"Polygon","coordinates":[[[-72.455,5.637],[-72.441,5.618],[-72.434,5.571],[-72.384,5.533],[-72.324,5.456],[-72.472,5.334],[-72.495,5.354],[-72.553,5.37],[-72.596,5.415],[-72.629,5.476],[-72.643,5.552],[-72.575,5.62],[-72.538,5.613],[-72.49,5.581],[-72.455,5.637]]]}},{"type":"Feature","properties":{"mpio":"15232","nombre":"Chiquiza","depto":"Boyaca"},"geometry":{"type":"Polygon","coordinates":[[[-73.387,5.652],[-73.444,5.622],[-73.463,5.62],[-73.444,5.656],[-73.448,5.688],[-73.431,5.699],[-73.402,5.691],[-73.387,5.652]]]}},{"type":"Feature","properties":{"mpio":"27073","nombre":"Bagado","depto":"Choco"},"geometry":{"type":"Polygon","coordinates":[[[-76.334,5.807],[-76.241,5.813],[-76.17,5.732],[-76.162,5.671],[-76.109,5.627],[-76.213,5.599],[-76.263,5.552],[-76.369,5.513],[-76.408,5.478],[-76.56,5.517],[-76.702,5.612],[-76.623,5.644],[-76.484,5.675],[-76.394,5.779],[-76.334,5.807]]]}},{"type":"Feature","properties":{"mpio":"15442","nombre":"Maripi","depto":"Boyaca"},"geometry":{"type":"Polygon","coordinates":[[[-74.105,5.655],[-74.056,5.71],[-73.923,5.625],[-73.914,5.591],[-74.028,5.586],[-74.029,5.573],[-74.057,5.567],[-74.103,5.638],[-74.105,5.655]]]}},{"type":"Feature","properties":{"mpio":"15580","nombre":"Quipama","depto":"Boyaca"},"geometry":{"type":"Polygon","coordinates":[[[-74.216,5.638],[-74.178,5.612],[-74.184,5.569],[-74.228,5.607],[-74.276,5.612],[-74.33,5.712],[-74.271,5.701],[-74.243,5.662],[-74.219,5.658],[-74.216,5.638]]]}},{"type":"Feature","properties":{"mpio":"15500","nombre":"Oicata","depto":"Boyaca"},"geometry":{"type":"Polygon","coordinates":[[[-73.223,5.654],[-73.176,5.632],[-73.248,5.547],[-73.273,5.578],[-73.223,5.654]]]}},{"type":"Feature","properties":{"mpio":"15047","nombre":"Aquitania","depto":"Boyaca"},"geometry":{"type":"Polygon","coordinates":[[[-72.642,5.562],[-72.629,5.476],[-72.586,5.406],[-72.599,5.386],[-72.654,5.413],[-72.707,5.374],[-72.719,5.329],[-72.869,5.204],[-72.854,5.175],[-72.934,5.183],[-72.927,5.224],[-72.956,5.268],[-72.96,5.301],[-72.949,5.319],[-72.965,5.339],[-72.94,5.354],[-72.901,5.445],[-72.802,5.576],[-72.731,5.551],[-72.693,5.617],[-72.642,5.562]]]}},{"type":"Feature","properties":{"mpio":"15362","nombre":"Iza","depto":"Boyaca"},"geometry":{"type":"Polygon","coordinates":[[[-72.918,5.619],[-72.864,5.62],[-72.838,5.575],[-72.925,5.562],[-72.918,5.619]]]}},{"type":"Feature","properties":{"mpio":"15814","nombre":"Toca","depto":"Boyaca"},"geometry":{"type":"Polygon","coordinates":[[[-73.158,5.627],[-73.141,5.638],[-73.048,5.618],[-73.014,5.624],[-73.015,5.597],[-73.049,5.54],[-73.058,5.501],[-73.079,5.503],[-73.144,5.549],[-73.192,5.56],[-73.155,5.595],[-73.158,5.627]]]}},{"type":"Feature","properties":{"mpio":"15762","nombre":"Sora","depto":"Boyaca"},"geometry":{"type":"Polygon","coordinates":[[[-73.387,5.652],[-73.401,5.607],[-73.452,5.579],[-73.463,5.62],[-73.387,5.652]]]}},{"type":"Feature","properties":{"mpio":"15001","nombre":"Tunja","depto":"Boyaca"},"geometry":{"type":"Polygon","coordinates":[[[-73.387,5.652],[-73.373,5.632],[-73.317,5.62],[-73.307,5.628],[-73.291,5.588],[-73.248,5.547],[-73.308,5.472],[-73.339,5.457],[-73.392,5.463],[-73.399,5.57],[-73.42,5.594],[-73.401,5.607],[-73.387,5.652]]]}},{"type":"Feature","properties":{"mpio":"15808","nombre":"Tinjaca","depto":"Boyaca"},"geometry":{"type":"Polygon","coordinates":[[[-73.667,5.67],[-73.611,5.644],[-73.605,5.618],[-73.606,5.604],[-73.665,5.56],[-73.697,5.61],[-73.683,5.663],[-73.667,5.67]]]}},{"type":"Feature","properties":{"mpio":"15542","nombre":"Pesca","depto":"Boyaca"},"geometry":{"type":"Polygon","coordinates":[[[-73.014,5.624],[-72.918,5.619],[-72.925,5.562],[-72.99,5.435],[-72.983,5.378],[-73.042,5.325],[-73.1,5.316],[-73.113,5.322],[-73.066,5.344],[-73.059,5.36],[-73.07,5.421],[-73.048,5.436],[-73.067,5.458],[-73.066,5.475],[-73.049,5.54],[-73.015,5.597],[-73.014,5.624]]]}},{"type":"Feature","properties":{"mpio":"15187","nombre":"Chivata","depto":"Boyaca"},"geometry":{"type":"Polygon","coordinates":[[[-73.176,5.632],[-73.158,5.627],[-73.155,5.595],[-73.192,5.56],[-73.168,5.55],[-73.208,5.526],[-73.206,5.515],[-73.236,5.513],[-73.255,5.531],[-73.251,5.545],[-73.176,5.632]]]}},{"type":"Feature","properties":{"mpio":"15131","nombre":"Caldas","depto":"Boyaca"},"geometry":{"type":"Polygon","coordinates":[[[-73.864,5.671],[-73.834,5.661],[-73.84,5.63],[-73.822,5.603],[-73.871,5.577],[-73.893,5.535],[-73.917,5.57],[-73.923,5.625],[-73.864,5.671]]]}},{"type":"Feature","properties":{"mpio":"15638","nombre":"Sachica","depto":"Boyaca"},"geometry":{"type":"Polygon","coordinates":[[[-73.539,5.647],[-73.517,5.617],[-73.463,5.62],[-73.447,5.577],[-73.464,5.555],[-73.514,5.546],[-73.537,5.562],[-73.539,5.647]]]}},{"type":"Feature","properties":{"mpio":"15676","nombre":"San Miguel De Sema","depto":"Boyaca"},"geometry":{"type":"Polygon","coordinates":[[[-73.776,5.634],[-73.774,5.661],[-73.696,5.624],[-73.688,5.584],[-73.665,5.56],[-73.694,5.514],[-73.777,5.548],[-73.759,5.606],[-73.766,5.641],[-73.776,5.634]]]}},{"type":"Feature","properties":{"mpio":"05145","nombre":"Caramanta","depto":"Antioquia"},"geometry":{"type":"Polygon","coordinates":[[[-75.774,5.714],[-75.725,5.721],[-75.698,5.744],[-75.682,5.658],[-75.722,5.665],[-75.804,5.655],[-75.821,5.675],[-75.774,5.714]]]}},{"type":"Feature","properties":{"mpio":"15480","nombre":"Muzo","depto":"Boyaca"},"geometry":{"type":"Polygon","coordinates":[[[-74.163,5.674],[-74.089,5.663],[-74.105,5.655],[-74.103,5.638],[-74.057,5.567],[-74.076,5.57],[-74.099,5.544],[-74.104,5.515],[-74.139,5.516],[-74.19,5.542],[-74.178,5.612],[-74.216,5.638],[-74.206,5.662],[-74.163,5.674]]]}},{"type":"Feature","properties":{"mpio":"15226","nombre":"Cuitiva","depto":"Boyaca"},"geometry":{"type":"Polygon","coordinates":[[[-72.838,5.589],[-72.802,5.576],[-72.836,5.518],[-72.928,5.56],[-72.857,5.566],[-72.838,5.575],[-72.838,5.589]]]}},{"type":"Feature","properties":{"mpio":"17513","nombre":"Pacora","depto":"Caldas"},"geometry":{"type":"Polygon","coordinates":[[[-75.686,5.579],[-75.682,5.658],[-75.592,5.711],[-75.563,5.709],[-75.547,5.722],[-75.512,5.653],[-75.459,5.61],[-75.46,5.558],[-75.488,5.551],[-75.604,5.576],[-75.636,5.567],[-75.686,5.579]]]}},{"type":"Feature","properties":{"mpio":"17867","nombre":"Victoria","depto":"Caldas"},"geometry":{"type":"Polygon","coordinates":[[[-75.029,5.44],[-74.971,5.476],[-74.96,5.609],[-74.937,5.653],[-74.855,5.694],[-74.833,5.669],[-74.764,5.671],[-74.772,5.655],[-74.761,5.613],[-74.791,5.571],[-74.785,5.554],[-74.794,5.536],[-74.837,5.492],[-74.833,5.461],[-74.862,5.398],[-75.025,5.396],[-75.029,5.44]]]}},{"type":"Feature","properties":{"mpio":"25745","nombre":"Simijaca","depto":"Cundinamarca"},"geometry":{"type":"Polygon","coordinates":[[[-73.882,5.566],[-73.766,5.641],[-73.759,5.606],[-73.777,5.548],[-73.844,5.511],[-73.898,5.519],[-73.882,5.566]]]}},{"type":"Feature","properties":{"mpio":"15600","nombre":"Raquira","depto":"Boyaca"},"geometry":{"type":"Polygon","coordinates":[[[-73.605,5.608],[-73.536,5.612],[-73.537,5.562],[-73.514,5.55],[-73.573,5.425],[-73.633,5.491],[-73.694,5.514],[-73.667,5.566],[-73.605,5.608]]]}},{"type":"Feature","properties":{"mpio":"27077","nombre":"Bajo Baudo","depto":"Choco"},"geometry":{"type":"Polygon","coordinates":[[[-77.475,5.667],[-77.479,5.642],[-77.351,5.69],[-77.309,5.587],[-77.193,5.431],[-77.174,5.42],[-77.218,5.424],[-77.282,5.46],[-77.339,5.428],[-77.4,5.457],[-77.414,5.442],[-77.443,5.448],[-77.448,5.402],[-77.477,5.383],[-77.48,5.35],[-77.519,5.352],[-77.534,5.326],[-77.521,5.253],[-77.494,5.219],[-77.496,5.186],[-77.484,5.196],[-77.485,5.221],[-77.464,5.232],[-77.384,5.233],[-77.357,5.281],[-77.315,5.289],[-77.252,5.256],[-77.252,5.224],[-77.311,5.149],[-77.309,5.13],[-77.285,5.145],[-77.168,5.138],[-77.054,5.153],[-77.103,4.913],[-77.15,4.855],[-77.204,4.817],[-77.26,4.691],[-77.315,4.628],[-77.383,4.62],[-77.494,4.694],[-77.489,4.802],[-77.499,4.836],[-77.49,4.823],[-77.473,4.83],[-77.48,4.86],[-77.5,4.872],[-77.505,4.926],[-77.459,4.886],[-77.447,4.895],[-77.506,4.976],[-77.531,4.984],[-77.542,5.033],[-77.533,5.034],[-77.534,5.055],[-77.56,5.074],[-77.571,5.114],[-77.564,5.189],[-77.605,5.323],[-77.586,5.338],[-77.596,5.368],[-77.579,5.388],[-77.615,5.375],[-77.615,5.363],[-77.626,5.391],[-77.618,5.484],[-77.599,5.472],[-77.602,5.462],[-77.587,5.463],[-77.608,5.515],[-77.622,5.511],[-77.63,5.522],[-77.644,5.588],[-77.618,5.64],[-77.661,5.643],[-77.671,5.688],[-77.616,5.684],[-77.562,5.697],[-77.517,5.74],[-77.511,5.69],[-77.475,5.667]]]}},{"type":"Feature","properties":{"mpio":"15224","nombre":"Cucaita","depto":"Boyaca"},"geometry":{"type":"Polygon","coordinates":[[[-73.42,5.594],[-73.399,5.57],[-73.397,5.499],[-73.447,5.558],[-73.447,5.577],[-73.42,5.594]]]}},{"type":"Feature","properties":{"mpio":"85325","nombre":"San Luis De Palenque","depto":"Casanare"},"geometry":{"type":"Polygon","coordinates":[[[-71.838,5.48],[-71.807,5.451],[-71.738,5.43],[-71.653,5.349],[-71.518,5.291],[-71.511,5.273],[-71.438,5.25],[-71.382,5.196],[-71.287,5.165],[-71.206,5.112],[-71.054,5.089],[-71.03,5.058],[-70.915,5.011],[-70.8,5.0],[-70.736,4.97],[-70.698,4.899],[-70.752,4.89],[-70.792,4.82],[-70.821,4.826],[-70.874,4.804],[-70.989,4.827],[-71.052,4.824],[-71.198,4.98],[-71.271,5.016],[-71.287,5.046],[-71.33,5.053],[-71.388,5.034],[-71.492,5.037],[-71.481,4.967],[-71.539,4.967],[-71.548,4.936],[-71.662,4.981],[-71.784,5.006],[-71.824,5.008],[-71.824,4.973],[-71.838,4.967],[-71.871,5.013],[-71.894,5.075],[-71.914,5.083],[-71.902,5.101],[-71.907,5.126],[-71.943,5.154],[-71.982,5.267],[-71.943,5.293],[-71.875,5.282],[-71.692,5.281],[-71.739,5.374],[-71.841,5.426],[-71.838,5.48]]]}},{"type":"Feature","properties":{"mpio":"15822","nombre":"Tota","depto":"Boyaca"},"geometry":{"type":"Polygon","coordinates":[[[-72.928,5.56],[-72.839,5.518],[-72.901,5.445],[-72.94,5.354],[-72.98,5.336],[-73.012,5.342],[-72.983,5.378],[-72.99,5.435],[-72.928,5.56]]]}},{"type":"Feature","properties":{"mpio":"85001","nombre":"Yopal","depto":"Casanare"},"geometry":{"type":"Polygon","coordinates":[[[-72.184,5.422],[-72.137,5.479],[-72.116,5.473],[-72.095,5.449],[-72.073,5.352],[-72.047,5.327],[-72.01,5.321],[-71.983,5.29],[-71.951,5.171],[-71.907,5.126],[-71.902,5.101],[-71.914,5.083],[-71.894,5.075],[-71.823,4.933],[-71.9,4.876],[-71.996,4.838],[-72.026,4.815],[-72.025,4.804],[-72.142,4.879],[-72.198,4.972],[-72.247,4.988],[-72.258,5.053],[-72.302,5.152],[-72.396,5.21],[-72.453,5.316],[-72.477,5.322],[-72.467,5.348],[-72.42,5.37],[-72.369,5.429],[-72.321,5.456],[-72.295,5.498],[-72.268,5.498],[-72.252,5.457],[-72.213,5.419],[-72.184,5.422]]]}},{"type":"Feature","properties":{"mpio":"25148","nombre":"Caparrapi","depto":"Cundinamarca"},"geometry":{"type":"Polygon","coordinates":[[[-74.551,5.636],[-74.524,5.624],[-74.476,5.64],[-74.461,5.631],[-74.449,5.575],[-74.421,5.53],[-74.452,5.519],[-74.446,5.475],[-74.463,5.453],[-74.445,5.438],[-74.476,5.394],[-74.472,5.369],[-74.51,5.338],[-74.501,5.306],[-74.528,5.27],[-74.55,5.269],[-74.632,5.3],[-74.615,5.38],[-74.617,5.441],[-74.636,5.469],[-74.594,5.587],[-74.551,5.636]]]}},{"type":"Feature","properties":{"mpio":"85430","nombre":"Trinidad","depto":"Casanare"},"geometry":{"type":"Polygon","coordinates":[[[-71.581,5.445],[-71.433,5.42],[-71.32,5.365],[-71.214,5.352],[-71.141,5.304],[-71.062,5.284],[-70.898,5.279],[-70.82,5.239],[-70.794,5.25],[-70.722,5.249],[-70.599,5.22],[-70.558,5.232],[-70.418,5.223],[-70.395,5.151],[-70.458,5.115],[-70.466,5.061],[-70.512,5.004],[-70.616,4.954],[-70.65,4.911],[-70.698,4.899],[-70.736,4.97],[-70.8,5.0],[-70.915,5.011],[-71.03,5.058],[-71.054,5.089],[-71.206,5.112],[-71.287,5.165],[-71.382,5.196],[-71.462,5.264],[-71.511,5.273],[-71.518,5.291],[-71.653,5.349],[-71.76,5.44],[-71.745,5.451],[-71.619,5.414],[-71.582,5.432],[-71.581,5.445]]]}},{"type":"Feature","properties":{"mpio":"15646","nombre":"Samaca","depto":"Boyaca"},"geometry":{"type":"Polygon","coordinates":[[[-73.447,5.577],[-73.444,5.547],[-73.422,5.538],[-73.417,5.514],[-73.394,5.498],[-73.392,5.463],[-73.437,5.447],[-73.495,5.449],[-73.577,5.4],[-73.581,5.425],[-73.521,5.542],[-73.464,5.555],[-73.447,5.577]]]}},{"type":"Feature","properties":{"mpio":"99624","nombre":"Santa Rosalia","depto":"Vichada"},"geometry":{"type":"Polygon","coordinates":[[[-70.458,5.115],[-70.25,5.245],[-70.128,5.294],[-70.163,4.418],[-70.176,4.413],[-70.341,4.484],[-70.386,4.566],[-70.418,4.579],[-70.552,4.571],[-70.609,4.556],[-70.623,4.54],[-70.622,4.49],[-70.638,4.48],[-70.714,4.531],[-70.752,4.536],[-70.803,4.527],[-70.881,4.49],[-70.887,4.686],[-70.82,4.751],[-70.761,4.878],[-70.742,4.898],[-70.65,4.911],[-70.616,4.954],[-70.512,5.004],[-70.466,5.061],[-70.458,5.115]]]}},{"type":"Feature","properties":{"mpio":"17541","nombre":"Pensilvania","depto":"Caldas"},"geometry":{"type":"Polygon","coordinates":[[[-75.21,5.656],[-75.201,5.631],[-75.141,5.614],[-75.136,5.518],[-75.095,5.495],[-75.093,5.442],[-75.22,5.409],[-75.247,5.379],[-75.278,5.369],[-75.299,5.389],[-75.295,5.426],[-75.312,5.444],[-75.372,5.461],[-75.385,5.48],[-75.388,5.493],[-75.362,5.516],[-75.362,5.545],[-75.387,5.591],[-75.331,5.589],[-75.297,5.602],[-75.276,5.642],[-75.21,5.656]]]}},{"type":"Feature","properties":{"mpio":"17614","nombre":"Riosucio","depto":"Caldas"},"geometry":{"type":"Polygon","coordinates":[[[-75.821,5.675],[-75.786,5.65],[-75.784,5.552],[-75.761,5.542],[-75.744,5.514],[-75.708,5.503],[-75.726,5.471],[-75.743,5.462],[-75.781,5.473],[-75.805,5.526],[-75.886,5.525],[-75.975,5.5],[-75.985,5.519],[-75.966,5.641],[-75.924,5.665],[-75.821,5.675]]]}},{"type":"Feature","properties":{"mpio":"15740","nombre":"Siachoque","depto":"Boyaca"},"geometry":{"type":"Polygon","coordinates":[[[-73.238,5.515],[-73.206,5.515],[-73.208,5.526],[-73.158,5.55],[-73.058,5.501],[-73.067,5.458],[-73.151,5.432],[-73.191,5.446],[-73.238,5.515]]]}},{"type":"Feature","properties":{"mpio":"15401","nombre":"La Victoria","depto":"Boyaca"},"geometry":{"type":"Polygon","coordinates":[[[-74.276,5.612],[-74.228,5.607],[-74.192,5.58],[-74.19,5.542],[-74.226,5.546],[-74.26,5.571],[-74.276,5.612]]]}},{"type":"Feature","properties":{"mpio":"15109","nombre":"Buenavista","depto":"Boyaca"},"geometry":{"type":"Polygon","coordinates":[[[-73.914,5.591],[-73.917,5.57],[-73.893,5.529],[-73.93,5.483],[-74.011,5.536],[-73.994,5.583],[-73.914,5.591]]]}},{"type":"Feature","properties":{"mpio":"17442","nombre":"Marmato","depto":"Caldas"},"geometry":{"type":"Polygon","coordinates":[[[-75.682,5.658],[-75.681,5.598],[-75.692,5.575],[-75.737,5.622],[-75.741,5.66],[-75.682,5.658]]]}},{"type":"Feature","properties":{"mpio":"17777","nombre":"Supia","depto":"Caldas"},"geometry":{"type":"Polygon","coordinates":[[[-75.741,5.66],[-75.737,5.622],[-75.686,5.579],[-75.708,5.503],[-75.744,5.514],[-75.761,5.542],[-75.784,5.552],[-75.786,5.65],[-75.741,5.66]]]}},{"type":"Feature","properties":{"mpio":"15212","nombre":"Coper","depto":"Boyaca"},"geometry":{"type":"Polygon","coordinates":[[[-73.994,5.583],[-74.011,5.536],[-73.93,5.483],[-73.973,5.457],[-74.002,5.423],[-74.018,5.422],[-74.07,5.459],[-74.104,5.515],[-74.099,5.544],[-74.076,5.57],[-74.039,5.568],[-74.028,5.586],[-73.994,5.583]]]}},{"type":"Feature","properties":{"mpio":"15764","nombre":"Soraca","depto":"Boyaca"},"geometry":{"type":"Polygon","coordinates":[[[-73.255,5.531],[-73.223,5.483],[-73.251,5.468],[-73.274,5.424],[-73.29,5.464],[-73.308,5.472],[-73.289,5.506],[-73.255,5.531]]]}},{"type":"Feature","properties":{"mpio":"25779","nombre":"Susa","depto":"Cundinamarca"},"geometry":{"type":"Polygon","coordinates":[[[-73.777,5.548],[-73.732,5.527],[-73.722,5.509],[-73.76,5.493],[-73.765,5.447],[-73.792,5.433],[-73.792,5.41],[-73.817,5.407],[-73.835,5.452],[-73.869,5.49],[-73.852,5.514],[-73.8,5.527],[-73.799,5.543],[-73.777,5.548]]]}},{"type":"Feature","properties":{"mpio":"66456","nombre":"Mistrato","depto":"Risaralda"},"geometry":{"type":"Polygon","coordinates":[[[-76.109,5.627],[-75.971,5.627],[-75.985,5.519],[-75.973,5.496],[-75.991,5.432],[-75.975,5.41],[-76.067,5.375],[-76.118,5.438],[-76.154,5.453],[-76.219,5.453],[-76.211,5.503],[-76.252,5.51],[-76.277,5.549],[-76.22,5.595],[-76.182,5.609],[-76.109,5.627]]]}},{"type":"Feature","properties":{"mpio":"25317","nombre":"Guacheta","depto":"Cundinamarca"},"geometry":{"type":"Polygon","coordinates":[[[-73.72,5.518],[-73.633,5.491],[-73.573,5.425],[-73.579,5.387],[-73.654,5.367],[-73.701,5.379],[-73.739,5.365],[-73.745,5.38],[-73.707,5.477],[-73.706,5.502],[-73.72,5.518]]]}},{"type":"Feature","properties":{"mpio":"25288","nombre":"Fuquene","depto":"Cundinamarca"},"geometry":{"type":"Polygon","coordinates":[[[-73.72,5.518],[-73.706,5.502],[-73.709,5.46],[-73.736,5.389],[-73.759,5.382],[-73.768,5.404],[-73.792,5.41],[-73.792,5.433],[-73.765,5.447],[-73.76,5.493],[-73.72,5.518]]]}},{"type":"Feature","properties":{"mpio":"15879","nombre":"Viracacha","depto":"Boyaca"},"geometry":{"type":"Polygon","coordinates":[[[-73.223,5.483],[-73.191,5.446],[-73.135,5.415],[-73.169,5.404],[-73.189,5.418],[-73.264,5.413],[-73.274,5.424],[-73.256,5.462],[-73.223,5.483]]]}},{"type":"Feature","properties":{"mpio":"17653","nombre":"Salamina","depto":"Caldas"},"geometry":{"type":"Polygon","coordinates":[[[-75.387,5.591],[-75.362,5.545],[-75.362,5.516],[-75.388,5.493],[-75.372,5.461],[-75.423,5.441],[-75.443,5.348],[-75.46,5.35],[-75.487,5.399],[-75.518,5.405],[-75.575,5.47],[-75.599,5.469],[-75.617,5.572],[-75.438,5.552],[-75.4,5.571],[-75.387,5.591]]]}},{"type":"Feature","properties":{"mpio":"99773","nombre":"Cumaribo","depto":"Vichada"},"geometry":{"type":"Polygon","coordinates":[[[-68.186,4.969],[-68.101,4.97],[-68.029,4.88],[-67.967,4.855],[-67.81,4.926],[-67.725,4.926],[-67.603,4.902],[-67.533,4.807],[-67.445,4.768],[-67.464,4.757],[-67.518,4.681],[-67.492,4.603],[-67.494,4.571],[-67.515,4.548],[-67.477,4.433],[-67.515,4.343],[-67.537,4.257],[-67.538,4.143],[-67.596,3.973],[-67.566,3.886],[-67.53,3.854],[-67.505,3.786],[-67.518,3.581],[-67.426,3.376],[-67.448,3.345],[-67.491,3.341],[-67.633,3.263],[-67.656,3.308],[-67.747,3.351],[-67.748,3.376],[-67.761,3.382],[-67.793,3.329],[-67.807,3.326],[-67.809,3.356],[-67.821,3.358],[-67.84,3.332],[-67.859,3.336],[-67.857,3.379],[-67.953,3.4],[-67.931,3.38],[-67.932,3.366],[-67.948,3.362],[-68.072,3.41],[-68.091,3.38],[-68.089,3.334],[-68.168,3.344],[-68.168,3.325],[-68.13,3.295],[-68.132,3.277],[-68.184,3.305],[-68.184,3.282],[-68.231,3.277],[-68.259,3.258],[-68.264,3.225],[-68.316,3.259],[-68.302,3.219],[-68.333,3.238],[-68.39,3.233],[-68.411,3.263],[-68.432,3.254],[-68.412,3.23],[-68.492,3.237],[-68.516,3.252],[-68.536,3.24],[-68.546,3.201],[-68.622,3.213],[-68.599,3.155],[-68.687,3.196],[-68.7,3.238],[-68.714,3.237],[-68.709,3.176],[-68.75,3.19],[-68.791,3.18],[-68.829,3.151],[-68.847,3.171],[-68.875,3.167],[-68.887,3.201],[-68.957,3.166],[-68.973,3.177],[-68.941,3.2],[-68.946,3.215],[-68.969,3.214],[-68.989,3.238],[-68.998,3.216],[-69.02,3.213],[-69.02,3.245],[-69.05,3.265],[-69.045,3.198],[-69.084,3.186],[-69.068,3.254],[-69.111,3.251],[-69.181,3.222],[-69.25,3.285],[-69.284,3.231],[-69.289,3.252],[-69.305,3.259],[-69.368,3.267],[-69.389,3.262],[-69.378,3.237],[-69.39,3.158],[-69.402,3.153],[-69.413,3.179],[-69.435,3.155],[-69.46,3.171],[-69.495,3.128],[-69.508,3.179],[-69.54,3.183],[-69.525,3.148],[-69.578,3.166],[-69.606,3.11],[-69.632,3.162],[-69.656,3.157],[-69.613,3.062],[-69.632,3.066],[-69.676,3.139],[-69.716,3.167],[-69.721,3.155],[-69.691,3.124],[-69.668,3.058],[-69.685,3.021],[-69.765,3.083],[-69.773,3.062],[-69.752,3.019],[-69.77,3.008],[-69.814,2.998],[-69.846,3.052],[-69.913,3.021],[-69.928,3.031],[-69.989,2.995],[-69.927,2.935],[-69.926,2.926],[-69.97,2.917],[-69.942,2.865],[-69.942,2.842],[-69.958,2.837],[-69.989,2.868],[-69.988,2.824],[-70.0,2.812],[-70.036,2.844],[-70.04,2.828],[-70.141,2.736],[-70.145,2.726],[-70.105,2.719],[-70.085,2.691],[-70.13,2.679],[-70.111,2.638],[-70.114,2.601],[-70.136,2.567],[-70.184,2.551],[-70.188,2.503],[-70.328,2.479],[-70.345,2.457],[-70.444,2.522],[-70.46,2.48],[-70.484,2.535],[-70.504,2.547],[-70.501,2.484],[-70.56,2.44],[-70.57,2.478],[-70.653,2.469],[-70.629,2.491],[-70.7,2.504],[-70.715,2.49],[-70.728,2.495],[-70.707,2.537],[-70.722,2.545],[-70.738,2.516],[-70.749,2.521],[-70.769,2.569],[-70.785,2.578],[-70.788,2.516],[-70.8,2.508],[-70.803,2.55],[-70.816,2.557],[-70.878,2.569],[-70.91,2.548],[-70.909,2.598],[-70.947,2.62],[-70.939,3.13],[-70.881,4.49],[-70.803,4.527],[-70.752,4.536],[-70.714,4.531],[-70.638,4.48],[-70.622,4.49],[-70.623,4.54],[-70.609,4.556],[-70.432,4.58],[-70.386,4.566],[-70.341,4.484],[-70.176,4.413],[-70.051,4.442],[-69.976,4.444],[-69.925,4.432],[-69.902,4.441],[-69.864,4.497],[-69.825,4.515],[-69.683,4.497],[-69.641,4.511],[-69.534,4.582],[-69.481,4.59],[-69.449,4.578],[-69.243,4.656],[-69.142,4.716],[-68.996,4.772],[-68.982,4.794],[-68.993,4.838],[-68.95,4.89],[-68.891,4.905],[-68.781,4.906],[-68.76,4.917],[-68.773,4.955],[-68.754,4.966],[-68.629,4.973],[-68.606,4.942],[-68.595,4.894],[-68.529,4.891],[-68.5,4.906],[-68.517,4.93],[-68.479,4.94],[-68.372,4.91],[-68.186,4.969]]]}},{"type":"Feature","properties":{"mpio":"25154","nombre":"Carmen De Carupa","depto":"Cundinamarca"},"geometry":{"type":"Polygon","coordinates":[[[-73.898,5.519],[-73.852,5.514],[-73.869,5.49],[-73.835,5.452],[-73.817,5.407],[-73.862,5.358],[-73.861,5.316],[-73.94,5.265],[-73.968,5.298],[-73.965,5.352],[-74.002,5.423],[-73.973,5.457],[-73.933,5.473],[-73.898,5.519]]]}},{"type":"Feature","properties":{"mpio":"25518","nombre":"Paime","depto":"Cundinamarca"},"geometry":{"type":"Polygon","coordinates":[[[-74.169,5.532],[-74.139,5.516],[-74.108,5.52],[-74.09,5.488],[-74.092,5.412],[-74.114,5.406],[-74.166,5.349],[-74.229,5.461],[-74.177,5.503],[-74.169,5.532]]]}},{"type":"Feature","properties":{"mpio":"15621","nombre":"Rondon","depto":"Boyaca"},"geometry":{"type":"Polygon","coordinates":[[[-73.151,5.432],[-73.067,5.458],[-73.048,5.436],[-73.07,5.421],[-73.059,5.36],[-73.122,5.305],[-73.208,5.292],[-73.204,5.309],[-73.222,5.32],[-73.225,5.339],[-73.188,5.376],[-73.164,5.381],[-73.169,5.404],[-73.135,5.415],[-73.151,5.432]]]}},{"type":"Feature","properties":{"mpio":"15104","nombre":"Boyaca","depto":"Boyaca"},"geometry":{"type":"Polygon","coordinates":[[[-73.308,5.472],[-73.29,5.464],[-73.274,5.424],[-73.358,5.398],[-73.383,5.406],[-73.369,5.457],[-73.308,5.472]]]}},{"type":"Feature","properties":{"mpio":"17388","nombre":"La Merced","depto":"Caldas"},"geometry":{"type":"Polygon","coordinates":[[[-75.617,5.572],[-75.599,5.469],[-75.62,5.454],[-75.636,5.494],[-75.671,5.474],[-75.708,5.503],[-75.686,5.579],[-75.617,5.572]]]}},{"type":"Feature","properties":{"mpio":"25394","nombre":"La Palma","depto":"Cundinamarca"},"geometry":{"type":"Polygon","coordinates":[[[-74.422,5.526],[-74.409,5.492],[-74.383,5.488],[-74.359,5.453],[-74.358,5.374],[-74.336,5.368],[-74.335,5.339],[-74.353,5.319],[-74.375,5.327],[-74.398,5.36],[-74.453,5.323],[-74.477,5.317],[-74.51,5.331],[-74.503,5.352],[-74.472,5.369],[-74.476,5.394],[-74.445,5.438],[-74.463,5.453],[-74.446,5.475],[-74.452,5.519],[-74.422,5.526]]]}},{"type":"Feature","properties":{"mpio":"27135","nombre":"Canton Del San Pablo","depto":"Choco"},"geometry":{"type":"Polygon","coordinates":[[[-77.054,5.602],[-76.868,5.585],[-76.802,5.52],[-76.801,5.491],[-76.837,5.487],[-76.858,5.455],[-76.818,5.411],[-76.818,5.359],[-76.94,5.367],[-77.011,5.288],[-77.018,5.468],[-76.994,5.525],[-77.051,5.576],[-77.054,5.602]]]}},{"type":"Feature","properties":{"mpio":"15518","nombre":"Pajarito","depto":"Boyaca"},"geometry":{"type":"Polygon","coordinates":[[[-72.586,5.406],[-72.553,5.37],[-72.495,5.354],[-72.472,5.334],[-72.483,5.31],[-72.547,5.293],[-72.595,5.211],[-72.666,5.299],[-72.695,5.326],[-72.719,5.329],[-72.707,5.374],[-72.654,5.413],[-72.611,5.387],[-72.599,5.386],[-72.586,5.406]]]}},{"type":"Feature","properties":{"mpio":"15861","nombre":"Ventaquemada","depto":"Boyaca"},"geometry":{"type":"Polygon","coordinates":[[[-73.37,5.455],[-73.383,5.406],[-73.498,5.347],[-73.51,5.304],[-73.53,5.307],[-73.574,5.373],[-73.577,5.4],[-73.495,5.449],[-73.437,5.447],[-73.392,5.463],[-73.37,5.455]]]}},{"type":"Feature","properties":{"mpio":"25320","nombre":"Guaduas","depto":"Cundinamarca"},"geometry":{"type":"Polygon","coordinates":[[[-74.636,5.469],[-74.617,5.441],[-74.615,5.38],[-74.632,5.3],[-74.582,5.276],[-74.533,5.272],[-74.528,5.214],[-74.562,5.172],[-74.548,5.138],[-74.543,5.042],[-74.567,5.041],[-74.579,5.071],[-74.764,5.094],[-74.744,5.257],[-74.763,5.289],[-74.771,5.38],[-74.752,5.391],[-74.735,5.454],[-74.719,5.47],[-74.722,5.489],[-74.7,5.5],[-74.706,5.53],[-74.655,5.512],[-74.666,5.477],[-74.636,5.469]]]}},{"type":"Feature","properties":{"mpio":"25653","nombre":"San Cayetano","depto":"Cundinamarca"},"geometry":{"type":"Polygon","coordinates":[[[-74.09,5.488],[-74.028,5.427],[-74.002,5.423],[-73.965,5.352],[-73.968,5.298],[-74.042,5.295],[-74.036,5.263],[-74.148,5.316],[-74.166,5.349],[-74.114,5.406],[-74.092,5.412],[-74.09,5.488]]]}},{"type":"Feature","properties":{"mpio":"25823","nombre":"Topaipi","depto":"Cundinamarca"},"geometry":{"type":"Polygon","coordinates":[[[-74.383,5.488],[-74.321,5.463],[-74.229,5.461],[-74.207,5.41],[-74.221,5.371],[-74.358,5.374],[-74.353,5.429],[-74.383,5.488]]]}},{"type":"Feature","properties":{"mpio":"15599","nombre":"Ramiriqui","depto":"Boyaca"},"geometry":{"type":"Polygon","coordinates":[[[-73.274,5.424],[-73.252,5.408],[-73.241,5.347],[-73.204,5.309],[-73.219,5.281],[-73.201,5.211],[-73.224,5.187],[-73.271,5.253],[-73.287,5.293],[-73.289,5.356],[-73.306,5.37],[-73.296,5.417],[-73.274,5.424]]]}},{"type":"Feature","properties":{"mpio":"15189","nombre":"Cienega","depto":"Boyaca"},"geometry":{"type":"Polygon","coordinates":[[[-73.254,5.412],[-73.189,5.418],[-73.169,5.404],[-73.164,5.381],[-73.188,5.376],[-73.225,5.339],[-73.245,5.355],[-73.254,5.412]]]}},{"type":"Feature","properties":{"mpio":"66572","nombre":"Pueblo Rico","depto":"Risaralda"},"geometry":{"type":"Polygon","coordinates":[[[-76.419,5.447],[-76.382,5.506],[-76.277,5.549],[-76.252,5.51],[-76.211,5.503],[-76.219,5.453],[-76.154,5.453],[-76.118,5.438],[-76.066,5.379],[-76.157,5.349],[-76.189,5.27],[-76.231,5.22],[-76.249,5.111],[-76.323,5.153],[-76.386,5.299],[-76.463,5.39],[-76.462,5.436],[-76.419,5.447]]]}},{"type":"Feature","properties":{"mpio":"15367","nombre":"Jenesano","depto":"Boyaca"},"geometry":{"type":"Polygon","coordinates":[[[-73.383,5.406],[-73.358,5.398],[-73.296,5.417],[-73.306,5.37],[-73.288,5.339],[-73.387,5.375],[-73.383,5.406]]]}},{"type":"Feature","properties":{"mpio":"66594","nombre":"Quinchia","depto":"Risaralda"},"geometry":{"type":"Polygon","coordinates":[[[-75.897,5.516],[-75.805,5.526],[-75.781,5.473],[-75.742,5.466],[-75.765,5.445],[-75.781,5.404],[-75.823,5.39],[-75.872,5.418],[-75.867,5.441],[-75.89,5.467],[-75.897,5.516]]]}},{"type":"Feature","properties":{"mpio":"15494","nombre":"Nuevo Colon","depto":"Boyaca"},"geometry":{"type":"Polygon","coordinates":[[[-73.383,5.406],[-73.395,5.313],[-73.42,5.298],[-73.44,5.376],[-73.383,5.406]]]}},{"type":"Feature","properties":{"mpio":"66318","nombre":"Guatica","depto":"Risaralda"},"geometry":{"type":"Polygon","coordinates":[[[-75.975,5.5],[-75.894,5.515],[-75.89,5.467],[-75.867,5.441],[-75.872,5.418],[-75.982,5.415],[-75.991,5.432],[-75.975,5.5]]]}},{"type":"Feature","properties":{"mpio":"27787","nombre":"Tado","depto":"Choco"},"geometry":{"type":"Polygon","coordinates":[[[-76.408,5.478],[-76.419,5.447],[-76.462,5.436],[-76.463,5.39],[-76.55,5.373],[-76.671,5.376],[-76.706,5.387],[-76.759,5.445],[-76.683,5.44],[-76.583,5.5],[-76.575,5.526],[-76.408,5.478]]]}},{"type":"Feature","properties":{"mpio":"17272","nombre":"Filadelfia","depto":"Caldas"},"geometry":{"type":"Polygon","coordinates":[[[-75.708,5.503],[-75.671,5.474],[-75.636,5.494],[-75.618,5.45],[-75.585,5.422],[-75.595,5.402],[-75.647,5.376],[-75.643,5.341],[-75.731,5.361],[-75.771,5.411],[-75.765,5.445],[-75.726,5.471],[-75.708,5.503]]]}},{"type":"Feature","properties":{"mpio":"25843","nombre":"Ubate","depto":"Cundinamarca"},"geometry":{"type":"Polygon","coordinates":[[[-73.792,5.41],[-73.745,5.38],[-73.728,5.337],[-73.773,5.294],[-73.859,5.329],[-73.862,5.358],[-73.816,5.409],[-73.792,5.41]]]}},{"type":"Feature","properties":{"mpio":"85010","nombre":"Aguazul","depto":"Casanare"},"geometry":{"type":"Polygon","coordinates":[[[-72.474,5.322],[-72.44,5.297],[-72.396,5.21],[-72.302,5.152],[-72.258,5.053],[-72.233,4.928],[-72.331,4.906],[-72.38,4.932],[-72.345,4.854],[-72.285,4.778],[-72.289,4.763],[-72.381,4.784],[-72.36,4.795],[-72.491,4.931],[-72.516,4.947],[-72.583,4.949],[-72.613,4.962],[-72.636,4.994],[-72.657,5.123],[-72.64,5.161],[-72.578,5.228],[-72.547,5.293],[-72.474,5.322]]]}},{"type":"Feature","properties":{"mpio":"25407","nombre":"Lenguazaque","depto":"Cundinamarca"},"geometry":{"type":"Polygon","coordinates":[[[-73.579,5.387],[-73.567,5.364],[-73.571,5.341],[-73.628,5.272],[-73.659,5.267],[-73.697,5.291],[-73.741,5.358],[-73.701,5.379],[-73.654,5.367],[-73.579,5.387]]]}},{"type":"Feature","properties":{"mpio":"15804","nombre":"Tibana","depto":"Boyaca"},"geometry":{"type":"Polygon","coordinates":[[[-73.288,5.339],[-73.284,5.285],[-73.344,5.266],[-73.409,5.268],[-73.43,5.28],[-73.395,5.313],[-73.384,5.375],[-73.288,5.339]]]}},{"type":"Feature","properties":{"mpio":"85279","nombre":"Recetor","depto":"Casanare"},"geometry":{"type":"Polygon","coordinates":[[[-72.595,5.211],[-72.657,5.123],[-72.682,5.12],[-72.74,5.143],[-72.695,5.28],[-72.724,5.317],[-72.719,5.329],[-72.695,5.326],[-72.666,5.299],[-72.595,5.211]]]}},{"type":"Feature","properties":{"mpio":"85015","nombre":"Chameza","depto":"Casanare"},"geometry":{"type":"Polygon","coordinates":[[[-72.719,5.329],[-72.724,5.317],[-72.695,5.28],[-72.74,5.143],[-72.674,5.12],[-72.68,5.101],[-72.697,5.092],[-72.796,5.101],[-72.811,5.062],[-72.829,5.051],[-72.885,5.107],[-72.854,5.175],[-72.869,5.204],[-72.719,5.329]]]}},{"type":"Feature","properties":{"mpio":"15835","nombre":"Turmeque","depto":"Boyaca"},"geometry":{"type":"Polygon","coordinates":[[[-73.44,5.376],[-73.416,5.297],[-73.483,5.227],[-73.512,5.32],[-73.498,5.347],[-73.44,5.376]]]}},{"type":"Feature","properties":{"mpio":"15897","nombre":"Zetaquira","depto":"Boyaca"},"geometry":{"type":"Polygon","coordinates":[[[-72.965,5.339],[-72.949,5.319],[-72.957,5.28],[-72.974,5.269],[-73.004,5.266],[-73.083,5.213],[-73.133,5.216],[-73.165,5.192],[-73.224,5.187],[-73.201,5.211],[-73.218,5.289],[-73.161,5.291],[-73.145,5.305],[-73.042,5.325],[-73.016,5.344],[-72.965,5.339]]]}},{"type":"Feature","properties":{"mpio":"17050","nombre":"Aranzazu","depto":"Caldas"},"geometry":{"type":"Polygon","coordinates":[[[-75.62,5.454],[-75.575,5.47],[-75.528,5.414],[-75.487,5.399],[-75.46,5.35],[-75.443,5.348],[-75.643,5.341],[-75.647,5.376],[-75.584,5.414],[-75.62,5.454]]]}},{"type":"Feature","properties":{"mpio":"17446","nombre":"Marulanda","depto":"Caldas"},"geometry":{"type":"Polygon","coordinates":[[[-75.372,5.461],[-75.312,5.444],[-75.295,5.426],[-75.299,5.389],[-75.283,5.363],[-75.312,5.35],[-75.282,5.328],[-75.276,5.3],[-75.243,5.296],[-75.225,5.274],[-75.284,5.248],[-75.36,5.251],[-75.397,5.206],[-75.402,5.225],[-75.391,5.22],[-75.39,5.237],[-75.405,5.306],[-75.445,5.342],[-75.446,5.359],[-75.423,5.441],[-75.372,5.461]]]}},{"type":"Feature","properties":{"mpio":"25871","nombre":"Villagomez","depto":"Cundinamarca"},"geometry":{"type":"Polygon","coordinates":[[[-74.207,5.41],[-74.155,5.323],[-74.113,5.297],[-74.157,5.285],[-74.189,5.252],[-74.208,5.268],[-74.202,5.33],[-74.223,5.373],[-74.207,5.41]]]}},{"type":"Feature","properties":{"mpio":"17444","nombre":"Marquetalia","depto":"Caldas"},"geometry":{"type":"Polygon","coordinates":[[[-75.093,5.442],[-75.066,5.432],[-75.029,5.44],[-75.025,5.396],[-75.12,5.371],[-75.163,5.393],[-75.199,5.385],[-75.191,5.417],[-75.093,5.442]]]}},{"type":"Feature","properties":{"mpio":"25873","nombre":"Villapinzon","depto":"Cundinamarca"},"geometry":{"type":"Polygon","coordinates":[[[-73.567,5.364],[-73.53,5.307],[-73.504,5.303],[-73.49,5.234],[-73.447,5.143],[-73.472,5.139],[-73.503,5.157],[-73.514,5.181],[-73.569,5.199],[-73.628,5.272],[-73.571,5.341],[-73.567,5.364]]]}},{"type":"Feature","properties":{"mpio":"17433","nombre":"Manzanares","depto":"Caldas"},"geometry":{"type":"Polygon","coordinates":[[[-75.191,5.417],[-75.199,5.385],[-75.163,5.393],[-75.12,5.371],[-75.177,5.269],[-75.193,5.263],[-75.225,5.274],[-75.243,5.296],[-75.276,5.3],[-75.282,5.328],[-75.312,5.35],[-75.191,5.417]]]}},{"type":"Feature","properties":{"mpio":"25258","nombre":"El Pe¥On","depto":"Cundinamarca"},"geometry":{"type":"Polygon","coordinates":[[[-74.336,5.368],[-74.214,5.372],[-74.209,5.349],[-74.242,5.345],[-74.245,5.308],[-74.276,5.293],[-74.296,5.261],[-74.339,5.278],[-74.367,5.264],[-74.353,5.325],[-74.335,5.339],[-74.336,5.368]]]}},{"type":"Feature","properties":{"mpio":"73443","nombre":"Mariquita","depto":"Tolima"},"geometry":{"type":"Polygon","coordinates":[[[-74.885,5.4],[-74.836,5.34],[-74.85,5.287],[-74.908,5.247],[-74.893,5.213],[-74.946,5.226],[-74.966,5.271],[-74.983,5.254],[-74.985,5.268],[-75.03,5.265],[-75.03,5.309],[-75.042,5.353],[-75.059,5.367],[-75.059,5.394],[-74.885,5.4]]]}},{"type":"Feature","properties":{"mpio":"73349","nombre":"Honda","depto":"Tolima"},"geometry":{"type":"Polygon","coordinates":[[[-74.885,5.4],[-74.772,5.376],[-74.763,5.36],[-74.763,5.289],[-74.744,5.257],[-74.759,5.133],[-74.807,5.14],[-74.811,5.172],[-74.848,5.17],[-74.901,5.225],[-74.908,5.247],[-74.85,5.287],[-74.837,5.334],[-74.885,5.4]]]}},{"type":"Feature","properties":{"mpio":"25224","nombre":"Cucunuba","depto":"Cundinamarca"},"geometry":{"type":"Polygon","coordinates":[[[-73.814,5.259],[-73.728,5.337],[-73.697,5.291],[-73.666,5.268],[-73.711,5.267],[-73.756,5.222],[-73.806,5.21],[-73.817,5.228],[-73.814,5.259]]]}},{"type":"Feature","properties":{"mpio":"17042","nombre":"Anserma","depto":"Caldas"},"geometry":{"type":"Polygon","coordinates":[[[-75.872,5.418],[-75.823,5.39],[-75.792,5.396],[-75.792,5.321],[-75.764,5.309],[-75.748,5.281],[-75.789,5.26],[-75.842,5.318],[-75.904,5.295],[-75.915,5.277],[-75.951,5.277],[-75.919,5.338],[-75.943,5.419],[-75.872,5.418]]]}},{"type":"Feature","properties":{"mpio":"73283","nombre":"Fresno","depto":"Tolima"},"geometry":{"type":"Polygon","coordinates":[[[-75.059,5.394],[-75.059,5.367],[-75.042,5.353],[-75.03,5.309],[-75.03,5.265],[-75.004,5.261],[-75.047,5.235],[-75.14,5.226],[-75.169,5.197],[-75.198,5.189],[-75.212,5.214],[-75.179,5.237],[-75.193,5.263],[-75.177,5.269],[-75.132,5.359],[-75.059,5.394]]]}},{"type":"Feature","properties":{"mpio":"15660","nombre":"San Eduardo","depto":"Boyaca"},"geometry":{"type":"Polygon","coordinates":[[[-73.004,5.266],[-72.957,5.28],[-72.951,5.253],[-72.93,5.235],[-72.935,5.176],[-72.966,5.141],[-73.009,5.156],[-73.021,5.182],[-73.029,5.214],[-73.002,5.229],[-73.004,5.266]]]}},{"type":"Feature","properties":{"mpio":"17486","nombre":"Neira","depto":"Caldas"},"geometry":{"type":"Polygon","coordinates":[[[-75.772,5.416],[-75.74,5.366],[-75.665,5.338],[-75.443,5.348],[-75.405,5.306],[-75.391,5.22],[-75.572,5.242],[-75.648,5.289],[-75.686,5.277],[-75.75,5.289],[-75.795,5.332],[-75.798,5.384],[-75.772,5.416]]]}},{"type":"Feature","properties":{"mpio":"25398","nombre":"La Pe¥A","depto":"Cundinamarca"},"geometry":{"type":"Polygon","coordinates":[[[-74.353,5.319],[-74.394,5.217],[-74.391,5.194],[-74.454,5.194],[-74.462,5.239],[-74.445,5.294],[-74.47,5.32],[-74.398,5.36],[-74.375,5.327],[-74.353,5.319]]]}},{"type":"Feature","properties":{"mpio":"25513","nombre":"Pacho","depto":"Cundinamarca"},"geometry":{"type":"Polygon","coordinates":[[[-74.036,5.263],[-74.013,5.205],[-74.046,5.186],[-74.064,5.119],[-74.073,5.107],[-74.108,5.12],[-74.14,5.092],[-74.178,5.16],[-74.21,5.158],[-74.218,5.21],[-74.293,5.232],[-74.299,5.261],[-74.276,5.293],[-74.245,5.308],[-74.242,5.345],[-74.209,5.349],[-74.202,5.257],[-74.189,5.252],[-74.157,5.285],[-74.113,5.297],[-74.036,5.263]]]}},{"type":"Feature","properties":{"mpio":"25781","nombre":"Sutatausa","depto":"Cundinamarca"},"geometry":{"type":"Polygon","coordinates":[[[-73.859,5.329],[-73.773,5.294],[-73.83,5.231],[-73.862,5.268],[-73.875,5.307],[-73.859,5.329]]]}},{"type":"Feature","properties":{"mpio":"66088","nombre":"Belen De Umbria","depto":"Risaralda"},"geometry":{"type":"Polygon","coordinates":[[[-76.067,5.375],[-75.94,5.412],[-75.919,5.338],[-75.947,5.294],[-75.953,5.257],[-75.973,5.25],[-76.009,5.268],[-76.072,5.343],[-76.072,5.358],[-76.067,5.375]]]}},{"type":"Feature","properties":{"mpio":"15172","nombre":"Chinavita","depto":"Boyaca"},"geometry":{"type":"Polygon","coordinates":[[[-73.284,5.285],[-73.224,5.187],[-73.235,5.15],[-73.309,5.118],[-73.33,5.156],[-73.349,5.262],[-73.284,5.285]]]}},{"type":"Feature","properties":{"mpio":"15090","nombre":"Berbeo","depto":"Boyaca"},"geometry":{"type":"Polygon","coordinates":[[[-73.004,5.266],[-73.002,5.229],[-73.029,5.214],[-73.021,5.182],[-73.009,5.156],[-72.966,5.141],[-73.028,5.128],[-73.083,5.213],[-73.004,5.266]]]}},{"type":"Feature","properties":{"mpio":"15842","nombre":"Umbita","depto":"Boyaca"},"geometry":{"type":"Polygon","coordinates":[[[-73.344,5.266],[-73.339,5.194],[-73.389,5.156],[-73.428,5.142],[-73.45,5.148],[-73.479,5.204],[-73.472,5.247],[-73.436,5.268],[-73.433,5.282],[-73.409,5.268],[-73.344,5.266]]]}},{"type":"Feature","properties":{"mpio":"25793","nombre":"Tausa","depto":"Cundinamarca"},"geometry":{"type":"Polygon","coordinates":[[[-73.875,5.307],[-73.841,5.238],[-73.83,5.231],[-73.818,5.242],[-73.806,5.21],[-73.82,5.184],[-73.873,5.171],[-73.891,5.17],[-73.901,5.187],[-73.944,5.178],[-74.02,5.222],[-74.043,5.29],[-73.996,5.29],[-73.98,5.303],[-73.94,5.265],[-73.875,5.307]]]}},{"type":"Feature","properties":{"mpio":"25851","nombre":"Utica","depto":"Cundinamarca"},"geometry":{"type":"Polygon","coordinates":[[[-74.47,5.32],[-74.445,5.294],[-74.462,5.239],[-74.454,5.194],[-74.467,5.185],[-74.488,5.221],[-74.519,5.203],[-74.538,5.212],[-74.527,5.218],[-74.533,5.272],[-74.501,5.306],[-74.501,5.325],[-74.47,5.32]]]}},{"type":"Feature","properties":{"mpio":"27205","nombre":"Condoto","depto":"Choco"},"geometry":{"type":"Polygon","coordinates":[[[-76.463,5.39],[-76.386,5.299],[-76.347,5.211],[-76.442,5.19],[-76.62,5.177],[-76.672,5.143],[-76.803,5.141],[-76.768,5.199],[-76.81,5.294],[-76.772,5.308],[-76.767,5.28],[-76.744,5.264],[-76.718,5.263],[-76.654,5.304],[-76.551,5.291],[-76.495,5.233],[-76.466,5.219],[-76.411,5.238],[-76.442,5.324],[-76.504,5.38],[-76.463,5.39]]]}},{"type":"Feature","properties":{"mpio":"66045","nombre":"Apia","depto":"Risaralda"},"geometry":{"type":"Polygon","coordinates":[[[-76.067,5.375],[-76.072,5.343],[-76.009,5.279],[-76.027,5.257],[-76.024,5.174],[-76.053,5.188],[-76.087,5.234],[-76.152,5.257],[-76.197,5.227],[-76.224,5.114],[-76.249,5.111],[-76.231,5.22],[-76.189,5.27],[-76.157,5.349],[-76.067,5.375]]]}},{"type":"Feature","properties":{"mpio":"25183","nombre":"Choconta","depto":"Cundinamarca"},"geometry":{"type":"Polygon","coordinates":[[[-73.628,5.272],[-73.569,5.199],[-73.514,5.181],[-73.493,5.15],[-73.499,5.126],[-73.537,5.155],[-73.558,5.155],[-73.626,5.076],[-73.653,5.006],[-73.73,5.068],[-73.733,5.085],[-73.71,5.091],[-73.711,5.121],[-73.734,5.17],[-73.722,5.192],[-73.698,5.191],[-73.664,5.214],[-73.659,5.267],[-73.628,5.272]]]}},{"type":"Feature","properties":{"mpio":"27361","nombre":"Itsmina","depto":"Choco"},"geometry":{"type":"Polygon","coordinates":[[[-76.704,5.387],[-76.641,5.379],[-76.696,5.334],[-76.88,5.267],[-76.915,5.088],[-76.951,5.009],[-76.96,4.959],[-76.915,4.936],[-76.936,4.904],[-76.913,4.875],[-76.897,4.772],[-76.76,4.615],[-76.87,4.635],[-76.996,4.641],[-77.058,4.62],[-77.141,4.64],[-77.261,4.635],[-77.278,4.624],[-77.316,4.628],[-77.26,4.691],[-77.204,4.817],[-77.15,4.855],[-77.103,4.913],[-77.066,5.121],[-77.009,5.217],[-77.014,5.274],[-76.992,5.314],[-76.94,5.367],[-76.83,5.358],[-76.817,5.34],[-76.785,5.334],[-76.741,5.346],[-76.704,5.387]]]}},{"type":"Feature","properties":{"mpio":"25772","nombre":"Suesca","depto":"Cundinamarca"},"geometry":{"type":"Polygon","coordinates":[[[-73.659,5.267],[-73.664,5.214],[-73.698,5.191],[-73.722,5.192],[-73.734,5.17],[-73.71,5.091],[-73.733,5.085],[-73.742,5.102],[-73.786,5.096],[-73.83,5.072],[-73.828,5.103],[-73.804,5.137],[-73.819,5.151],[-73.806,5.167],[-73.82,5.184],[-73.811,5.207],[-73.756,5.222],[-73.711,5.267],[-73.659,5.267]]]}},{"type":"Feature","properties":{"mpio":"15455","nombre":"Miraflores","depto":"Boyaca"},"geometry":{"type":"Polygon","coordinates":[[[-73.083,5.213],[-73.028,5.128],[-73.05,5.109],[-73.049,5.073],[-73.095,5.064],[-73.115,5.047],[-73.185,5.057],[-73.194,5.097],[-73.184,5.12],[-73.224,5.187],[-73.165,5.192],[-73.133,5.216],[-73.083,5.213]]]}},{"type":"Feature","properties":{"mpio":"25489","nombre":"Nimaima","depto":"Cundinamarca"},"geometry":{"type":"Polygon","coordinates":[[[-74.394,5.217],[-74.349,5.277],[-74.324,5.271],[-74.341,5.272],[-74.355,5.238],[-74.347,5.2],[-74.376,5.162],[-74.418,5.156],[-74.426,5.136],[-74.454,5.153],[-74.461,5.186],[-74.391,5.194],[-74.394,5.217]]]}},{"type":"Feature","properties":{"mpio":"25862","nombre":"Vergara","depto":"Cundinamarca"},"geometry":{"type":"Polygon","coordinates":[[[-74.341,5.272],[-74.299,5.261],[-74.293,5.232],[-74.242,5.222],[-74.211,5.195],[-74.214,5.172],[-74.259,5.167],[-74.294,5.13],[-74.293,5.107],[-74.273,5.093],[-74.336,5.112],[-74.332,5.145],[-74.376,5.162],[-74.347,5.2],[-74.355,5.238],[-74.341,5.272]]]}},{"type":"Feature","properties":{"mpio":"15514","nombre":"Paez","depto":"Boyaca"},"geometry":{"type":"Polygon","coordinates":[[[-72.934,5.183],[-72.854,5.175],[-72.885,5.107],[-72.829,5.051],[-72.825,5.009],[-72.887,4.963],[-72.949,4.946],[-72.95,4.986],[-72.964,4.997],[-72.983,4.992],[-72.989,5.007],[-73.019,5.019],[-73.004,5.031],[-73.015,5.057],[-73.034,5.06],[-73.051,5.105],[-73.028,5.128],[-72.966,5.141],[-72.934,5.183]]]}},{"type":"Feature","properties":{"mpio":"85230","nombre":"Orocue","depto":"Casanare"},"geometry":{"type":"Polygon","coordinates":[[[-71.838,4.967],[-71.824,4.973],[-71.824,5.008],[-71.784,5.006],[-71.662,4.981],[-71.548,4.936],[-71.539,4.967],[-71.481,4.967],[-71.492,5.037],[-71.388,5.034],[-71.33,5.053],[-71.287,5.046],[-71.271,5.016],[-71.198,4.98],[-71.052,4.824],[-70.989,4.827],[-70.874,4.804],[-70.821,4.826],[-70.791,4.818],[-70.82,4.751],[-70.89,4.678],[-71.003,4.629],[-71.403,4.512],[-71.475,4.464],[-71.596,4.428],[-71.719,4.513],[-71.803,4.627],[-71.85,4.653],[-71.907,4.726],[-71.941,4.74],[-71.972,4.782],[-72.025,4.804],[-72.026,4.815],[-71.996,4.838],[-71.836,4.917],[-71.823,4.933],[-71.838,4.967]]]}},{"type":"Feature","properties":{"mpio":"17616","nombre":"Risaralda","depto":"Caldas"},"geometry":{"type":"Polygon","coordinates":[[[-75.951,5.277],[-75.915,5.277],[-75.904,5.295],[-75.865,5.313],[-75.831,5.315],[-75.791,5.267],[-75.789,5.206],[-75.8,5.186],[-75.845,5.168],[-75.858,5.19],[-75.832,5.24],[-75.876,5.277],[-75.885,5.258],[-75.875,5.239],[-75.907,5.239],[-75.919,5.254],[-75.937,5.247],[-75.928,5.238],[-75.943,5.225],[-75.939,5.204],[-75.947,5.219],[-75.953,5.209],[-75.962,5.22],[-75.951,5.277]]]}},{"type":"Feature","properties":{"mpio":"15511","nombre":"Pachavita","depto":"Boyaca"},"geometry":{"type":"Polygon","coordinates":[[[-73.339,5.195],[-73.309,5.118],[-73.33,5.075],[-73.376,5.114],[-73.389,5.156],[-73.339,5.195]]]}},{"type":"Feature","properties":{"mpio":"15299","nombre":"Garagoa","depto":"Boyaca"},"geometry":{"type":"Polygon","coordinates":[[[-73.224,5.187],[-73.184,5.12],[-73.194,5.079],[-73.171,5.033],[-73.215,5.013],[-73.245,5.026],[-73.316,4.999],[-73.337,5.001],[-73.347,5.018],[-73.339,5.059],[-73.309,5.118],[-73.235,5.15],[-73.224,5.187]]]}},{"type":"Feature","properties":{"mpio":"73270","nombre":"Falan","depto":"Tolima"},"geometry":{"type":"Polygon","coordinates":[[[-75.027,5.244],[-75.004,5.261],[-75.011,5.266],[-74.985,5.268],[-74.983,5.254],[-74.966,5.271],[-74.942,5.218],[-74.939,5.134],[-75.061,5.098],[-75.068,5.082],[-75.082,5.087],[-75.089,5.117],[-75.123,5.132],[-75.116,5.148],[-75.059,5.132],[-75.014,5.164],[-75.008,5.193],[-75.027,5.244]]]}},{"type":"Feature","properties":{"mpio":"25200","nombre":"Cogua","depto":"Cundinamarca"},"geometry":{"type":"Polygon","coordinates":[[[-74.02,5.222],[-73.944,5.178],[-73.901,5.187],[-73.881,5.171],[-73.906,5.115],[-73.897,5.089],[-73.943,5.082],[-73.999,5.096],[-74.003,5.111],[-73.985,5.137],[-74.026,5.198],[-74.013,5.205],[-74.02,5.222]]]}},{"type":"Feature","properties":{"mpio":"17001","nombre":"Manizales","depto":"Caldas"},"geometry":{"type":"Polygon","coordinates":[[[-75.75,5.289],[-75.686,5.277],[-75.648,5.289],[-75.572,5.242],[-75.441,5.221],[-75.402,5.225],[-75.39,5.147],[-75.421,5.128],[-75.508,5.134],[-75.594,5.158],[-75.622,5.149],[-75.63,5.119],[-75.669,5.109],[-75.686,5.131],[-75.687,5.164],[-75.763,5.221],[-75.758,5.252],[-75.771,5.264],[-75.75,5.289]]]}},{"type":"Feature","properties":{"mpio":"73347","nombre":"Herveo","depto":"Tolima"},"geometry":{"type":"Polygon","coordinates":[[[-75.193,5.263],[-75.179,5.237],[-75.212,5.214],[-75.192,5.188],[-75.195,5.165],[-75.394,5.059],[-75.377,5.113],[-75.397,5.206],[-75.371,5.24],[-75.36,5.251],[-75.273,5.25],[-75.237,5.274],[-75.193,5.263]]]}},{"type":"Feature","properties":{"mpio":"85410","nombre":"Tauramena","depto":"Casanare"},"geometry":{"type":"Polygon","coordinates":[[[-72.697,5.092],[-72.657,5.123],[-72.636,4.994],[-72.613,4.962],[-72.561,4.942],[-72.516,4.947],[-72.491,4.931],[-72.36,4.795],[-72.388,4.776],[-72.471,4.765],[-72.49,4.739],[-72.407,4.467],[-72.248,4.348],[-72.234,4.326],[-72.16,4.331],[-72.128,4.309],[-72.202,4.284],[-72.273,4.23],[-72.341,4.243],[-72.37,4.222],[-72.432,4.257],[-72.476,4.215],[-72.492,4.216],[-72.519,4.228],[-72.529,4.247],[-72.569,4.256],[-72.577,4.336],[-72.646,4.409],[-72.66,4.508],[-72.682,4.557],[-72.685,4.606],[-72.625,4.645],[-72.617,4.662],[-72.673,4.828],[-72.682,4.851],[-72.735,4.892],[-72.781,4.972],[-72.803,4.972],[-72.831,5.001],[-72.829,5.051],[-72.811,5.062],[-72.803,5.097],[-72.747,5.104],[-72.697,5.092]]]}},{"type":"Feature","properties":{"mpio":"17665","nombre":"San Jose","depto":"Caldas"},"geometry":{"type":"Polygon","coordinates":[[[-75.963,5.14],[-75.947,5.219],[-75.939,5.204],[-75.943,5.225],[-75.928,5.238],[-75.937,5.247],[-75.919,5.254],[-75.907,5.239],[-75.875,5.239],[-75.885,5.258],[-75.876,5.277],[-75.832,5.24],[-75.857,5.182],[-75.903,5.189],[-75.963,5.14]]]}},{"type":"Feature","properties":{"mpio":"25899","nombre":"Zipaquira","depto":"Cundinamarca"},"geometry":{"type":"Polygon","coordinates":[[[-74.073,5.107],[-74.054,5.17],[-74.026,5.198],[-73.985,5.137],[-74.003,5.111],[-73.999,5.096],[-73.908,5.084],[-73.893,5.056],[-73.906,5.054],[-73.915,5.009],[-73.955,5.026],[-73.961,5.012],[-74.02,5.012],[-74.025,5.031],[-74.062,5.044],[-74.073,5.107]]]}},{"type":"Feature","properties":{"mpio":"25592","nombre":"Quebradanegra","depto":"Cundinamarca"},"geometry":{"type":"Polygon","coordinates":[[[-74.538,5.212],[-74.519,5.203],[-74.488,5.221],[-74.48,5.192],[-74.461,5.186],[-74.454,5.134],[-74.549,5.136],[-74.562,5.172],[-74.538,5.212]]]}},{"type":"Feature","properties":{"mpio":"73520","nombre":"Palocabildo","depto":"Tolima"},"geometry":{"type":"Polygon","coordinates":[[[-75.104,5.228],[-75.027,5.244],[-75.008,5.193],[-75.014,5.164],[-75.059,5.132],[-75.116,5.148],[-75.104,5.228]]]}},{"type":"Feature","properties":{"mpio":"25486","nombre":"Nemocon","depto":"Cundinamarca"},"geometry":{"type":"Polygon","coordinates":[[[-73.881,5.171],[-73.82,5.184],[-73.806,5.167],[-73.819,5.151],[-73.804,5.137],[-73.828,5.103],[-73.83,5.072],[-73.869,5.071],[-73.885,5.055],[-73.901,5.06],[-73.91,5.086],[-73.893,5.095],[-73.906,5.115],[-73.881,5.171]]]}},{"type":"Feature","properties":{"mpio":"15380","nombre":"La Capilla","depto":"Boyaca"},"geometry":{"type":"Polygon","coordinates":[[[-73.447,5.143],[-73.385,5.154],[-73.382,5.124],[-73.356,5.087],[-73.425,5.06],[-73.444,5.076],[-73.447,5.143]]]}},{"type":"Feature","properties":{"mpio":"17524","nombre":"Palestina","depto":"Caldas"},"geometry":{"type":"Polygon","coordinates":[[[-75.789,5.26],[-75.771,5.264],[-75.758,5.252],[-75.763,5.221],[-75.687,5.164],[-75.686,5.131],[-75.75,5.129],[-75.795,5.159],[-75.789,5.26]]]}},{"type":"Feature","properties":{"mpio":"17877","nombre":"Viterbo","depto":"Caldas"},"geometry":{"type":"Polygon","coordinates":[[[-75.96,5.251],[-75.957,5.09],[-75.971,5.081],[-76.024,5.174],[-76.027,5.257],[-75.994,5.268],[-75.96,5.251]]]}},{"type":"Feature","properties":{"mpio":"25426","nombre":"Macheta","depto":"Cundinamarca"},"geometry":{"type":"Polygon","coordinates":[[[-73.493,5.057],[-73.531,5.04],[-73.577,4.968],[-73.641,4.956],[-73.68,4.967],[-73.671,4.991],[-73.658,4.994],[-73.626,5.076],[-73.558,5.155],[-73.496,5.132],[-73.502,5.086],[-73.493,5.057]]]}},{"type":"Feature","properties":{"mpio":"73055","nombre":"Armero","depto":"Tolima"},"geometry":{"type":"Polygon","coordinates":[[[-74.946,5.226],[-74.893,5.213],[-74.848,5.17],[-74.811,5.172],[-74.807,5.14],[-74.759,5.133],[-74.764,5.094],[-74.736,5.065],[-74.776,5.044],[-74.759,5.024],[-74.821,5.01],[-74.844,4.974],[-74.886,4.966],[-74.899,5.002],[-74.93,5.034],[-75.065,5.061],[-75.061,5.098],[-74.939,5.134],[-74.946,5.226]]]}},{"type":"Feature","properties":{"mpio":"25807","nombre":"Tibirita","depto":"Cundinamarca"},"geometry":{"type":"Polygon","coordinates":[[[-73.493,5.15],[-73.447,5.143],[-73.438,5.122],[-73.448,5.049],[-73.465,5.011],[-73.502,5.086],[-73.493,5.15]]]}},{"type":"Feature","properties":{"mpio":"73152","nombre":"Casabianca","depto":"Tolima"},"geometry":{"type":"Polygon","coordinates":[[[-75.192,5.188],[-75.14,5.226],[-75.104,5.228],[-75.098,5.218],[-75.125,5.13],[-75.173,5.137],[-75.205,5.104],[-75.313,5.065],[-75.334,5.018],[-75.374,5.002],[-75.387,5.009],[-75.394,5.059],[-75.246,5.131],[-75.228,5.153],[-75.195,5.165],[-75.192,5.188]]]}},{"type":"Feature","properties":{"mpio":"66687","nombre":"Santuario","depto":"Risaralda"},"geometry":{"type":"Polygon","coordinates":[[[-76.024,5.174],[-75.986,5.092],[-75.965,5.082],[-75.969,5.057],[-76.04,5.091],[-76.086,5.142],[-76.108,5.14],[-76.138,5.179],[-76.211,5.154],[-76.218,5.168],[-76.197,5.227],[-76.152,5.257],[-76.087,5.234],[-76.053,5.188],[-76.024,5.174]]]}},{"type":"Feature","properties":{"mpio":"25777","nombre":"Supata","depto":"Cundinamarca"},"geometry":{"type":"Polygon","coordinates":[[[-74.214,5.172],[-74.21,5.158],[-74.178,5.16],[-74.138,5.099],[-74.199,5.057],[-74.293,5.107],[-74.294,5.13],[-74.259,5.167],[-74.214,5.172]]]}},{"type":"Feature","properties":{"mpio":"25491","nombre":"Nocaima","depto":"Cundinamarca"},"geometry":{"type":"Polygon","coordinates":[[[-74.376,5.162],[-74.332,5.145],[-74.336,5.112],[-74.394,5.099],[-74.406,5.078],[-74.43,5.101],[-74.423,5.151],[-74.376,5.162]]]}},{"type":"Feature","properties":{"mpio":"15135","nombre":"Campohermoso","depto":"Boyaca"},"geometry":{"type":"Polygon","coordinates":[[[-73.047,5.082],[-73.034,5.06],[-73.015,5.057],[-73.004,5.031],[-73.019,5.019],[-72.989,5.007],[-72.983,4.992],[-72.964,4.997],[-72.95,4.986],[-72.949,4.946],[-73.002,4.945],[-73.073,4.891],[-73.09,4.893],[-73.097,4.876],[-73.149,4.892],[-73.156,4.976],[-73.185,5.057],[-73.115,5.047],[-73.047,5.082]]]}},{"type":"Feature","properties":{"mpio":"15798","nombre":"Tenza","depto":"Boyaca"},"geometry":{"type":"Polygon","coordinates":[[[-73.362,5.098],[-73.33,5.075],[-73.341,5.044],[-73.398,5.036],[-73.45,5.064],[-73.444,5.076],[-73.425,5.06],[-73.407,5.063],[-73.356,5.087],[-73.362,5.098]]]}},{"type":"Feature","properties":{"mpio":"25875","nombre":"Villeta","depto":"Cundinamarca"},"geometry":{"type":"Polygon","coordinates":[[[-74.426,5.136],[-74.43,5.101],[-74.406,5.078],[-74.45,5.061],[-74.464,5.026],[-74.523,5.015],[-74.543,5.042],[-74.549,5.136],[-74.467,5.131],[-74.454,5.134],[-74.454,5.153],[-74.426,5.136]]]}},{"type":"Feature","properties":{"mpio":"27491","nombre":"Novita","depto":"Choco"},"geometry":{"type":"Polygon","coordinates":[[[-76.347,5.211],[-76.338,5.175],[-76.294,5.129],[-76.421,5.104],[-76.484,5.135],[-76.511,5.126],[-76.57,5.049],[-76.565,4.99],[-76.537,4.948],[-76.586,4.908],[-76.702,4.836],[-76.836,4.858],[-76.913,4.856],[-76.913,4.875],[-76.936,4.904],[-76.915,4.936],[-76.85,4.917],[-76.844,4.939],[-76.789,4.979],[-76.751,5.042],[-76.803,5.141],[-76.672,5.143],[-76.62,5.177],[-76.442,5.19],[-76.347,5.211]]]}},{"type":"Feature","properties":{"mpio":"25736","nombre":"Sesquile","depto":"Cundinamarca"},"geometry":{"type":"Polygon","coordinates":[[[-73.742,5.102],[-73.696,5.034],[-73.653,5.006],[-73.68,4.967],[-73.699,4.961],[-73.711,4.96],[-73.741,4.996],[-73.77,4.999],[-73.822,5.026],[-73.814,5.046],[-73.83,5.072],[-73.786,5.096],[-73.742,5.102]]]}},{"type":"Feature","properties":{"mpio":"25769","nombre":"Subachoque","depto":"Cundinamarca"},"geometry":{"type":"Polygon","coordinates":[[[-74.073,5.107],[-74.062,5.044],[-74.094,5.041],[-74.091,4.968],[-74.139,4.921],[-74.168,4.909],[-74.201,4.969],[-74.225,4.987],[-74.206,4.997],[-74.19,5.037],[-74.199,5.057],[-74.108,5.12],[-74.073,5.107]]]}},{"type":"Feature","properties":{"mpio":"17088","nombre":"Belalcazar","depto":"Caldas"},"geometry":{"type":"Polygon","coordinates":[[[-75.845,5.168],[-75.892,5.127],[-75.902,5.089],[-75.868,5.051],[-75.969,5.057],[-75.957,5.09],[-75.963,5.14],[-75.903,5.189],[-75.865,5.188],[-75.845,5.168]]]}},{"type":"Feature","properties":{"mpio":"17174","nombre":"Chinchina","depto":"Caldas"},"geometry":{"type":"Polygon","coordinates":[[[-75.845,5.168],[-75.8,5.186],[-75.795,5.159],[-75.766,5.134],[-75.73,5.125],[-75.688,5.135],[-75.669,5.109],[-75.665,5.054],[-75.686,5.054],[-75.711,5.086],[-75.73,5.09],[-75.748,5.053],[-75.801,5.067],[-75.818,5.129],[-75.845,5.168]]]}},{"type":"Feature","properties":{"mpio":"85139","nombre":"Mani","depto":"Casanare"},"geometry":{"type":"Polygon","coordinates":[[[-72.247,4.988],[-72.198,4.972],[-72.142,4.879],[-71.972,4.782],[-71.941,4.74],[-71.907,4.726],[-71.85,4.653],[-71.803,4.627],[-71.719,4.513],[-71.596,4.428],[-71.687,4.403],[-71.782,4.321],[-71.811,4.278],[-71.902,4.246],[-71.93,4.248],[-71.96,4.304],[-72.128,4.309],[-72.16,4.331],[-72.234,4.326],[-72.248,4.348],[-72.381,4.44],[-72.407,4.467],[-72.445,4.567],[-72.444,4.611],[-72.49,4.739],[-72.471,4.765],[-72.381,4.784],[-72.289,4.763],[-72.285,4.778],[-72.345,4.854],[-72.38,4.932],[-72.331,4.906],[-72.233,4.928],[-72.247,4.988]]]}},{"type":"Feature","properties":{"mpio":"66383","nombre":"La Celia","depto":"Risaralda"},"geometry":{"type":"Polygon","coordinates":[[[-76.211,5.154],[-76.138,5.179],[-76.107,5.131],[-76.131,5.074],[-76.141,5.102],[-76.166,5.12],[-76.232,5.108],[-76.211,5.154]]]}},{"type":"Feature","properties":{"mpio":"25402","nombre":"La Vega","depto":"Cundinamarca"},"geometry":{"type":"Polygon","coordinates":[[[-74.394,5.099],[-74.331,5.115],[-74.268,5.084],[-74.305,5.059],[-74.292,5.04],[-74.299,5.011],[-74.278,4.98],[-74.312,4.943],[-74.348,4.952],[-74.383,5.01],[-74.394,5.099]]]}},{"type":"Feature","properties":{"mpio":"15322","nombre":"Guateque","depto":"Boyaca"},"geometry":{"type":"Polygon","coordinates":[[[-73.45,5.064],[-73.423,5.048],[-73.392,4.985],[-73.436,4.982],[-73.467,4.999],[-73.45,5.064]]]}},{"type":"Feature","properties":{"mpio":"66440","nombre":"Marsella","depto":"Risaralda"},"geometry":{"type":"Polygon","coordinates":[[[-75.845,5.168],[-75.818,5.129],[-75.813,5.085],[-75.773,5.047],[-75.77,5.013],[-75.791,4.992],[-75.871,4.999],[-75.918,5.025],[-75.909,5.053],[-75.868,5.051],[-75.902,5.089],[-75.892,5.127],[-75.845,5.168]]]}},{"type":"Feature","properties":{"mpio":"17873","nombre":"Villamaria","depto":"Caldas"},"geometry":{"type":"Polygon","coordinates":[[[-75.669,5.109],[-75.63,5.119],[-75.622,5.149],[-75.594,5.158],[-75.508,5.134],[-75.421,5.128],[-75.39,5.147],[-75.377,5.113],[-75.395,5.047],[-75.383,4.969],[-75.451,4.921],[-75.462,4.945],[-75.558,5.035],[-75.665,5.054],[-75.669,5.109]]]}},{"type":"Feature","properties":{"mpio":"25436","nombre":"Manta","depto":"Cundinamarca"},"geometry":{"type":"Polygon","coordinates":[[[-73.493,5.057],[-73.465,5.011],[-73.503,4.932],[-73.5,4.917],[-73.534,4.924],[-73.577,4.968],[-73.531,5.04],[-73.493,5.057]]]}},{"type":"Feature","properties":{"mpio":"73870","nombre":"Villahermosa","depto":"Tolima"},"geometry":{"type":"Polygon","coordinates":[[[-75.173,5.137],[-75.089,5.117],[-75.082,5.087],[-75.052,5.052],[-75.121,5.052],[-75.173,5.008],[-75.384,4.982],[-75.387,5.009],[-75.374,5.002],[-75.334,5.018],[-75.313,5.065],[-75.205,5.104],[-75.173,5.137]]]}},{"type":"Feature","properties":{"mpio":"15425","nombre":"Macanal","depto":"Boyaca"},"geometry":{"type":"Polygon","coordinates":[[[-73.171,5.033],[-73.151,4.94],[-73.211,4.919],[-73.236,4.887],[-73.26,4.91],[-73.302,4.886],[-73.318,4.922],[-73.297,4.95],[-73.316,4.999],[-73.245,5.026],[-73.215,5.013],[-73.171,5.033]]]}},{"type":"Feature","properties":{"mpio":"15778","nombre":"Sutatenza","depto":"Boyaca"},"geometry":{"type":"Polygon","coordinates":[[[-73.341,5.044],[-73.343,5.009],[-73.392,4.985],[-73.423,5.048],[-73.387,5.035],[-73.341,5.044]]]}},{"type":"Feature","properties":{"mpio":"25295","nombre":"Gachancipa","depto":"Cundinamarca"},"geometry":{"type":"Polygon","coordinates":[[[-73.885,5.055],[-73.869,5.071],[-73.83,5.072],[-73.819,5.057],[-73.817,5.03],[-73.846,4.988],[-73.873,5.013],[-73.885,5.055]]]}},{"type":"Feature","properties":{"mpio":"25718","nombre":"Sasaima","depto":"Cundinamarca"},"geometry":{"type":"Polygon","coordinates":[[[-74.406,5.078],[-74.394,5.099],[-74.389,5.023],[-74.358,4.98],[-74.354,4.94],[-74.409,4.941],[-74.464,5.026],[-74.45,5.061],[-74.406,5.078]]]}},{"type":"Feature","properties":{"mpio":"25658","nombre":"San Francisco","depto":"Cundinamarca"},"geometry":{"type":"Polygon","coordinates":[[[-74.272,5.091],[-74.199,5.057],[-74.19,5.037],[-74.206,4.997],[-74.266,4.926],[-74.309,4.93],[-74.311,4.945],[-74.278,4.98],[-74.299,5.011],[-74.292,5.04],[-74.305,5.059],[-74.272,5.08],[-74.272,5.091]]]}},{"type":"Feature","properties":{"mpio":"85162","nombre":"Monterrey","depto":"Casanare"},"geometry":{"type":"Polygon","coordinates":[[[-72.831,5.001],[-72.803,4.972],[-72.781,4.972],[-72.735,4.892],[-72.682,4.851],[-72.617,4.662],[-72.671,4.611],[-72.688,4.606],[-72.728,4.654],[-72.843,4.704],[-72.89,4.757],[-72.907,4.818],[-72.874,4.91],[-72.91,4.956],[-72.831,5.001]]]}},{"type":"Feature","properties":{"mpio":"25817","nombre":"Tocancipa","depto":"Cundinamarca"},"geometry":{"type":"Polygon","coordinates":[[[-73.885,5.055],[-73.873,5.013],[-73.846,4.988],[-73.886,4.947],[-73.971,5.013],[-73.955,5.026],[-73.915,5.009],[-73.906,5.054],[-73.885,5.055]]]}},{"type":"Feature","properties":{"mpio":"66075","nombre":"Balboa","depto":"Risaralda"},"geometry":{"type":"Polygon","coordinates":[[[-76.108,5.14],[-76.086,5.142],[-76.04,5.091],[-75.969,5.057],[-75.982,5.012],[-76.001,5.007],[-76.007,4.991],[-76.072,4.989],[-76.086,5.007],[-76.085,5.034],[-76.128,5.064],[-76.108,5.14]]]}},{"type":"Feature","properties":{"mpio":"25168","nombre":"Chaguani","depto":"Cundinamarca"},"geometry":{"type":"Polygon","coordinates":[[[-74.764,5.094],[-74.579,5.071],[-74.567,5.041],[-74.575,4.985],[-74.591,4.968],[-74.652,4.974],[-74.699,5.02],[-74.733,5.029],[-74.75,5.055],[-74.739,5.073],[-74.764,5.094]]]}},{"type":"Feature","properties":{"mpio":"15761","nombre":"Somondoco","depto":"Boyaca"},"geometry":{"type":"Polygon","coordinates":[[[-73.343,5.009],[-73.331,5.002],[-73.333,4.981],[-73.371,4.896],[-73.443,4.897],[-73.427,4.906],[-73.426,4.95],[-73.407,4.984],[-73.343,5.009]]]}},{"type":"Feature","properties":{"mpio":"25785","nombre":"Tabio","depto":"Cundinamarca"},"geometry":{"type":"Polygon","coordinates":[[[-74.01,5.011],[-74.055,4.939],[-74.11,4.951],[-74.091,4.968],[-74.092,5.045],[-74.05,5.047],[-74.01,5.011]]]}},{"type":"Feature","properties":{"mpio":"27660","nombre":"San Jose Del Palmar","depto":"Choco"},"geometry":{"type":"Polygon","coordinates":[[[-76.249,5.111],[-76.288,5.026],[-76.33,4.968],[-76.432,4.921],[-76.537,4.948],[-76.565,4.99],[-76.57,5.049],[-76.511,5.126],[-76.484,5.135],[-76.421,5.104],[-76.294,5.129],[-76.249,5.111]]]}},{"type":"Feature","properties":{"mpio":"15022","nombre":"Almeida","depto":"Boyaca"},"geometry":{"type":"Polygon","coordinates":[[[-73.331,5.002],[-73.316,4.999],[-73.297,4.95],[-73.318,4.922],[-73.308,4.917],[-73.343,4.895],[-73.383,4.891],[-73.371,4.896],[-73.331,5.002]]]}},{"type":"Feature","properties":{"mpio":"25326","nombre":"Guatavita","depto":"Cundinamarca"},"geometry":{"type":"Polygon","coordinates":[[[-73.822,5.026],[-73.77,4.999],[-73.741,4.996],[-73.706,4.96],[-73.753,4.888],[-73.809,4.904],[-73.861,4.962],[-73.822,5.026]]]}},{"type":"Feature","properties":{"mpio":"76243","nombre":"El Aguila","depto":"Valle Del Cauca"},"geometry":{"type":"Polygon","coordinates":[[[-76.249,5.111],[-76.159,5.116],[-76.141,5.102],[-76.128,5.064],[-76.085,5.034],[-76.082,5.011],[-76.122,4.969],[-76.142,4.964],[-76.297,4.968],[-76.31,4.996],[-76.249,5.111]]]}},{"type":"Feature","properties":{"mpio":"15325","nombre":"Guayata","depto":"Boyaca"},"geometry":{"type":"Polygon","coordinates":[[[-73.407,4.984],[-73.426,4.95],[-73.427,4.906],[-73.476,4.897],[-73.496,4.913],[-73.503,4.932],[-73.467,4.999],[-73.436,4.982],[-73.407,4.984]]]}},{"type":"Feature","properties":{"mpio":"85300","nombre":"Sabanalarga","depto":"Casanare"},"geometry":{"type":"Polygon","coordinates":[[[-72.91,4.956],[-72.874,4.91],[-72.907,4.818],[-72.89,4.757],[-72.843,4.704],[-72.795,4.682],[-72.882,4.664],[-72.898,4.63],[-72.949,4.621],[-72.976,4.654],[-72.972,4.693],[-73.003,4.772],[-72.973,4.829],[-72.949,4.946],[-72.91,4.956]]]}},{"type":"Feature","properties":{"mpio":"25126","nombre":"Cajica","depto":"Cundinamarca"},"geometry":{"type":"Polygon","coordinates":[[[-73.976,5.015],[-73.979,4.953],[-74.008,4.921],[-74.055,4.939],[-74.008,5.019],[-73.976,5.015]]]}},{"type":"Feature","properties":{"mpio":"25662","nombre":"San Juan De Rio Seco","depto":"Cundinamarca"},"geometry":{"type":"Polygon","coordinates":[[[-74.75,5.055],[-74.733,5.029],[-74.699,5.02],[-74.652,4.974],[-74.591,4.968],[-74.588,4.89],[-74.57,4.87],[-74.597,4.81],[-74.647,4.802],[-74.68,4.813],[-74.71,4.857],[-74.687,4.899],[-74.785,4.916],[-74.778,4.959],[-74.759,4.966],[-74.766,4.996],[-74.756,5.018],[-74.776,5.044],[-74.75,5.055]]]}},{"type":"Feature","properties":{"mpio":"66682","nombre":"Santa Rosa De Cabal","depto":"Risaralda"},"geometry":{"type":"Polygon","coordinates":[[[-75.775,5.053],[-75.738,5.059],[-75.73,5.09],[-75.711,5.086],[-75.686,5.054],[-75.558,5.035],[-75.462,4.945],[-75.44,4.898],[-75.486,4.888],[-75.561,4.841],[-75.664,4.856],[-75.698,4.873],[-75.695,4.965],[-75.772,5.007],[-75.775,5.053]]]}},{"type":"Feature","properties":{"mpio":"25867","nombre":"Viani","depto":"Cundinamarca"},"geometry":{"type":"Polygon","coordinates":[[[-74.543,5.042],[-74.518,4.992],[-74.527,4.965],[-74.546,4.971],[-74.55,4.961],[-74.57,4.87],[-74.588,4.89],[-74.595,4.953],[-74.575,4.985],[-74.57,5.039],[-74.543,5.042]]]}},{"type":"Feature","properties":{"mpio":"25758","nombre":"Sopo","depto":"Cundinamarca"},"geometry":{"type":"Polygon","coordinates":[[[-73.976,5.015],[-73.886,4.947],[-73.893,4.887],[-73.925,4.866],[-73.94,4.835],[-73.977,4.848],[-73.966,4.893],[-73.983,4.965],[-73.976,5.015]]]}},{"type":"Feature","properties":{"mpio":"15667","nombre":"San Luis De Gaceno","depto":"Boyaca"},"geometry":{"type":"Polygon","coordinates":[[[-73.149,4.892],[-73.097,4.876],[-73.09,4.893],[-73.073,4.891],[-73.002,4.945],[-72.949,4.946],[-72.973,4.829],[-73.003,4.772],[-72.981,4.704],[-73.003,4.704],[-73.034,4.641],[-73.096,4.637],[-73.13,4.655],[-73.142,4.683],[-73.136,4.785],[-73.158,4.834],[-73.149,4.892]]]}},{"type":"Feature","properties":{"mpio":"73411","nombre":"Libano","depto":"Tolima"},"geometry":{"type":"Polygon","coordinates":[[[-75.052,5.052],[-75.031,4.884],[-75.122,4.842],[-75.183,4.833],[-75.216,4.842],[-75.204,4.872],[-75.206,5.006],[-75.154,5.017],[-75.121,5.052],[-75.052,5.052]]]}},{"type":"Feature","properties":{"mpio":"73408","nombre":"Lerida","depto":"Tolima"},"geometry":{"type":"Polygon","coordinates":[[[-74.844,4.974],[-74.847,4.942],[-74.891,4.912],[-74.902,4.857],[-74.931,4.846],[-74.977,4.876],[-75.009,4.876],[-75.029,4.89],[-75.052,5.052],[-75.016,5.056],[-74.93,5.034],[-74.899,5.002],[-74.886,4.966],[-74.844,4.974]]]}},{"type":"Feature","properties":{"mpio":"25019","nombre":"Alban","depto":"Cundinamarca"},"geometry":{"type":"Polygon","coordinates":[[[-74.491,5.015],[-74.464,5.026],[-74.434,4.993],[-74.409,4.941],[-74.412,4.9],[-74.453,4.902],[-74.446,4.923],[-74.483,4.969],[-74.491,5.015]]]}},{"type":"Feature","properties":{"mpio":"25297","nombre":"Gacheta","depto":"Cundinamarca"},"geometry":{"type":"Polygon","coordinates":[[[-73.68,4.967],[-73.641,4.956],[-73.577,4.968],[-73.534,4.924],[-73.497,4.917],[-73.475,4.889],[-73.494,4.808],[-73.543,4.809],[-73.548,4.793],[-73.617,4.831],[-73.729,4.849],[-73.754,4.888],[-73.71,4.956],[-73.68,4.967]]]}},{"type":"Feature","properties":{"mpio":"25328","nombre":"Guayabal De  Siquima","depto":"Cundinamarca"},"geometry":{"type":"Polygon","coordinates":[[[-74.523,5.015],[-74.491,5.015],[-74.483,4.969],[-74.446,4.923],[-74.453,4.902],[-74.506,4.891],[-74.517,4.925],[-74.501,4.933],[-74.527,4.965],[-74.523,5.015]]]}},{"type":"Feature","properties":{"mpio":"15690","nombre":"Santa Maria","depto":"Boyaca"},"geometry":{"type":"Polygon","coordinates":[[[-73.151,4.94],[-73.158,4.834],[-73.136,4.785],[-73.142,4.683],[-73.115,4.644],[-73.169,4.666],[-73.176,4.709],[-73.251,4.718],[-73.284,4.772],[-73.269,4.771],[-73.275,4.815],[-73.244,4.848],[-73.231,4.894],[-73.211,4.919],[-73.151,4.94]]]}},{"type":"Feature","properties":{"mpio":"73030","nombre":"Ambalema","depto":"Tolima"},"geometry":{"type":"Polygon","coordinates":[[[-74.844,4.974],[-74.821,5.01],[-74.756,5.018],[-74.766,4.996],[-74.759,4.966],[-74.778,4.959],[-74.785,4.916],[-74.777,4.859],[-74.871,4.792],[-74.904,4.825],[-74.922,4.827],[-74.931,4.846],[-74.902,4.857],[-74.891,4.912],[-74.847,4.942],[-74.844,4.974]]]}},{"type":"Feature","properties":{"mpio":"66400","nombre":"La Virginia","depto":"Risaralda"},"geometry":{"type":"Polygon","coordinates":[[[-75.969,5.057],[-75.909,5.053],[-75.919,5.023],[-75.959,5.003],[-75.98,5.006],[-75.969,5.057]]]}},{"type":"Feature","properties":{"mpio":"25322","nombre":"Guasca","depto":"Cundinamarca"},"geometry":{"type":"Polygon","coordinates":[[[-73.886,4.947],[-73.863,4.968],[-73.809,4.904],[-73.755,4.892],[-73.709,4.833],[-73.698,4.774],[-73.706,4.754],[-73.759,4.751],[-73.763,4.738],[-73.795,4.745],[-73.934,4.835],[-73.925,4.866],[-73.893,4.887],[-73.886,4.947]]]}},{"type":"Feature","properties":{"mpio":"25260","nombre":"El Rosal","depto":"Cundinamarca"},"geometry":{"type":"Polygon","coordinates":[[[-74.225,4.987],[-74.201,4.969],[-74.168,4.909],[-74.231,4.875],[-74.266,4.926],[-74.225,4.987]]]}},{"type":"Feature","properties":{"mpio":"15236","nombre":"Chivor","depto":"Boyaca"},"geometry":{"type":"Polygon","coordinates":[[[-73.236,4.887],[-73.237,4.861],[-73.28,4.797],[-73.269,4.771],[-73.323,4.795],[-73.32,4.835],[-73.336,4.848],[-73.334,4.861],[-73.383,4.891],[-73.343,4.895],[-73.308,4.917],[-73.302,4.886],[-73.26,4.91],[-73.236,4.887]]]}},{"type":"Feature","properties":{"mpio":"25175","nombre":"Chia","depto":"Cundinamarca"},"geometry":{"type":"Polygon","coordinates":[[[-74.055,4.939],[-74.008,4.921],[-73.979,4.953],[-73.966,4.893],[-73.977,4.848],[-74.027,4.872],[-74.059,4.866],[-74.08,4.89],[-74.055,4.939]]]}},{"type":"Feature","properties":{"mpio":"73461","nombre":"Murillo","depto":"Tolima"},"geometry":{"type":"Polygon","coordinates":[[[-75.206,5.006],[-75.204,4.872],[-75.216,4.842],[-75.286,4.875],[-75.444,4.902],[-75.441,4.929],[-75.425,4.949],[-75.387,4.963],[-75.384,4.982],[-75.206,5.006]]]}},{"type":"Feature","properties":{"mpio":"66001","nombre":"Pereira","depto":"Risaralda"},"geometry":{"type":"Polygon","coordinates":[[[-75.982,5.012],[-75.959,5.003],[-75.912,5.027],[-75.871,4.999],[-75.82,5.002],[-75.799,4.971],[-75.764,4.967],[-75.708,4.88],[-75.636,4.85],[-75.561,4.841],[-75.486,4.888],[-75.44,4.898],[-75.446,4.817],[-75.548,4.788],[-75.62,4.809],[-75.931,4.853],[-75.945,4.899],[-76.006,4.885],[-76.027,4.924],[-76.01,4.991],[-75.982,5.012]]]}},{"type":"Feature","properties":{"mpio":"25799","nombre":"Tenjo","depto":"Cundinamarca"},"geometry":{"type":"Polygon","coordinates":[[[-74.055,4.939],[-74.08,4.89],[-74.13,4.846],[-74.144,4.801],[-74.191,4.845],[-74.165,4.879],[-74.16,4.908],[-74.11,4.951],[-74.055,4.939]]]}},{"type":"Feature","properties":{"mpio":"25095","nombre":"Bituima","depto":"Cundinamarca"},"geometry":{"type":"Polygon","coordinates":[[[-74.546,4.971],[-74.501,4.933],[-74.517,4.925],[-74.513,4.869],[-74.557,4.861],[-74.57,4.87],[-74.55,4.961],[-74.546,4.971]]]}},{"type":"Feature","properties":{"mpio":"25269","nombre":"Facatativa","depto":"Cundinamarca"},"geometry":{"type":"Polygon","coordinates":[[[-74.336,4.953],[-74.309,4.93],[-74.266,4.926],[-74.231,4.875],[-74.244,4.859],[-74.259,4.862],[-74.332,4.821],[-74.391,4.865],[-74.392,4.882],[-74.412,4.9],[-74.409,4.941],[-74.378,4.935],[-74.336,4.953]]]}},{"type":"Feature","properties":{"mpio":"66170","nombre":"Dosquebradas","depto":"Risaralda"},"geometry":{"type":"Polygon","coordinates":[[[-75.772,5.007],[-75.695,4.965],[-75.699,4.877],[-75.764,4.967],[-75.807,4.978],[-75.809,5.001],[-75.791,4.992],[-75.772,5.007]]]}},{"type":"Feature","properties":{"mpio":"25839","nombre":"Ubala","depto":"Cundinamarca"},"geometry":{"type":"Polygon","coordinates":[[[-73.284,4.772],[-73.251,4.718],[-73.176,4.709],[-73.169,4.666],[-73.096,4.637],[-73.042,4.641],[-73.133,4.553],[-73.211,4.563],[-73.311,4.601],[-73.381,4.647],[-73.34,4.667],[-73.325,4.747],[-73.284,4.772]]]}},{"type":"Feature","properties":{"mpio":"76041","nombre":"Ansermanuevo","depto":"Valle Del Cauca"},"geometry":{"type":"Polygon","coordinates":[[[-76.01,4.991],[-76.015,4.95],[-76.06,4.934],[-76.089,4.907],[-76.112,4.831],[-76.212,4.831],[-76.217,4.867],[-76.285,4.911],[-76.307,4.963],[-76.297,4.973],[-76.142,4.964],[-76.122,4.969],[-76.086,5.007],[-76.065,4.987],[-76.01,4.991]]]}},{"type":"Feature","properties":{"mpio":"50568","nombre":"Puerto Gaitan","depto":"Meta"},"geometry":{"type":"Polygon","coordinates":[[[-70.881,4.49],[-70.939,3.13],[-71.0,3.169],[-71.023,3.215],[-71.059,3.24],[-71.141,3.235],[-71.245,3.286],[-71.348,3.276],[-71.497,3.308],[-71.658,3.279],[-71.702,3.238],[-71.789,3.259],[-71.801,3.289],[-71.822,3.304],[-72.108,3.269],[-72.122,3.264],[-72.134,3.237],[-72.23,3.243],[-72.279,3.272],[-72.306,3.319],[-72.305,3.346],[-72.288,3.389],[-72.264,3.402],[-72.265,3.45],[-72.231,3.473],[-72.212,3.509],[-72.19,3.706],[-72.147,3.759],[-72.153,3.783],[-72.087,3.793],[-72.086,3.835],[-72.065,3.842],[-72.058,3.885],[-72.032,3.891],[-72.055,3.933],[-72.009,3.934],[-71.997,3.962],[-72.01,4.082],[-72.074,4.13],[-72.072,4.163],[-72.033,4.256],[-72.007,4.272],[-71.946,4.278],[-71.93,4.248],[-71.838,4.261],[-71.673,4.41],[-71.475,4.464],[-71.403,4.512],[-71.003,4.629],[-70.887,4.684],[-70.881,4.49]]]}},{"type":"Feature","properties":{"mpio":"25430","nombre":"Madrid","depto":"Cundinamarca"},"geometry":{"type":"Polygon","coordinates":[[[-74.244,4.859],[-74.153,4.916],[-74.192,4.843],[-74.225,4.833],[-74.21,4.784],[-74.229,4.781],[-74.237,4.753],[-74.276,4.736],[-74.302,4.794],[-74.299,4.84],[-74.244,4.859]]]}},{"type":"Feature","properties":{"mpio":"76246","nombre":"El Cairo","depto":"Valle Del Cauca"},"geometry":{"type":"Polygon","coordinates":[[[-76.31,4.996],[-76.295,4.935],[-76.335,4.892],[-76.379,4.872],[-76.399,4.829],[-76.474,4.848],[-76.479,4.859],[-76.441,4.915],[-76.33,4.968],[-76.31,4.996]]]}},{"type":"Feature","properties":{"mpio":"25214","nombre":"Cota","depto":"Cundinamarca"},"geometry":{"type":"Polygon","coordinates":[[[-74.08,4.89],[-74.055,4.866],[-74.062,4.845],[-74.092,4.829],[-74.114,4.78],[-74.132,4.767],[-74.145,4.793],[-74.13,4.846],[-74.08,4.89]]]}},{"type":"Feature","properties":{"mpio":"25086","nombre":"Beltran","depto":"Cundinamarca"},"geometry":{"type":"Polygon","coordinates":[[[-74.785,4.916],[-74.687,4.899],[-74.708,4.873],[-74.702,4.833],[-74.751,4.82],[-74.762,4.745],[-74.739,4.69],[-74.752,4.672],[-74.775,4.686],[-74.839,4.688],[-74.818,4.724],[-74.846,4.809],[-74.777,4.859],[-74.785,4.916]]]}},{"type":"Feature","properties":{"mpio":"25040","nombre":"Anolaima","depto":"Cundinamarca"},"geometry":{"type":"Polygon","coordinates":[[[-74.412,4.9],[-74.388,4.875],[-74.41,4.858],[-74.41,4.816],[-74.513,4.802],[-74.534,4.86],[-74.513,4.869],[-74.518,4.886],[-74.412,4.9]]]}},{"type":"Feature","properties":{"mpio":"11001","nombre":"Santafe De Bogota D.C.","depto":"Santafe De Bogota D.C"},"geometry":{"type":"Polygon","coordinates":[[[-73.977,4.848],[-73.977,4.702],[-73.995,4.679],[-73.983,4.665],[-73.961,4.67],[-73.975,4.598],[-73.999,4.575],[-74.007,4.54],[-74.027,4.533],[-74.028,4.518],[-74.088,4.449],[-74.072,4.394],[-74.102,4.325],[-74.098,4.212],[-74.136,4.168],[-74.169,4.043],[-74.226,3.96],[-74.278,3.913],[-74.279,3.863],[-74.369,3.773],[-74.389,3.72],[-74.45,3.703],[-74.47,3.715],[-74.388,3.828],[-74.338,3.929],[-74.337,3.998],[-74.369,4.096],[-74.341,4.136],[-74.269,4.137],[-74.221,4.161],[-74.194,4.277],[-74.194,4.354],[-74.176,4.396],[-74.197,4.435],[-74.153,4.57],[-74.191,4.685],[-74.152,4.701],[-74.155,4.737],[-74.132,4.752],[-74.135,4.765],[-74.114,4.78],[-74.092,4.829],[-74.067,4.837],[-74.054,4.872],[-74.003,4.865],[-73.977,4.848]]]}},{"type":"Feature","properties":{"mpio":"25372","nombre":"Junin","depto":"Cundinamarca"},"geometry":{"type":"Polygon","coordinates":[[[-73.577,4.806],[-73.6,4.742],[-73.561,4.671],[-73.59,4.619],[-73.596,4.575],[-73.616,4.562],[-73.634,4.574],[-73.689,4.671],[-73.72,4.702],[-73.75,4.711],[-73.763,4.738],[-73.759,4.751],[-73.724,4.75],[-73.698,4.763],[-73.716,4.844],[-73.617,4.831],[-73.577,4.806]]]}},{"type":"Feature","properties":{"mpio":"76147","nombre":"Cartago","depto":"Valle Del Cauca"},"geometry":{"type":"Polygon","coordinates":[[[-76.027,4.94],[-76.006,4.885],[-75.945,4.899],[-75.931,4.853],[-75.941,4.837],[-75.928,4.75],[-75.957,4.731],[-76.001,4.743],[-76.084,4.74],[-76.091,4.725],[-76.127,4.715],[-76.135,4.772],[-76.098,4.891],[-76.06,4.934],[-76.027,4.94]]]}},{"type":"Feature","properties":{"mpio":"27745","nombre":"Sipi","depto":"Choco"},"geometry":{"type":"Polygon","coordinates":[[[-76.537,4.948],[-76.432,4.921],[-76.533,4.781],[-76.584,4.655],[-76.606,4.565],[-76.668,4.542],[-76.628,4.435],[-76.621,4.376],[-76.519,4.299],[-76.539,4.269],[-76.579,4.248],[-76.574,4.257],[-76.641,4.34],[-76.697,4.446],[-76.765,4.628],[-76.871,4.731],[-76.897,4.772],[-76.913,4.856],[-76.836,4.858],[-76.702,4.836],[-76.537,4.948]]]}},{"type":"Feature","properties":{"mpio":"25377","nombre":"La Calera","depto":"Cundinamarca"},"geometry":{"type":"Polygon","coordinates":[[[-73.934,4.837],[-73.795,4.745],[-73.763,4.738],[-73.744,4.664],[-73.767,4.655],[-73.851,4.661],[-73.867,4.635],[-73.906,4.658],[-73.921,4.682],[-73.983,4.665],[-73.995,4.679],[-73.977,4.702],[-73.983,4.83],[-73.977,4.848],[-73.934,4.837]]]}},{"type":"Feature","properties":{"mpio":"76054","nombre":"Argelia","depto":"Valle Del Cauca"},"geometry":{"type":"Polygon","coordinates":[[[-76.295,4.935],[-76.273,4.9],[-76.217,4.867],[-76.213,4.836],[-76.235,4.789],[-76.256,4.776],[-76.279,4.786],[-76.313,4.78],[-76.343,4.813],[-76.389,4.808],[-76.403,4.827],[-76.379,4.872],[-76.335,4.892],[-76.295,4.935]]]}},{"type":"Feature","properties":{"mpio":"25898","nombre":"Zipacon","depto":"Cundinamarca"},"geometry":{"type":"Polygon","coordinates":[[[-74.391,4.865],[-74.347,4.839],[-74.349,4.808],[-74.37,4.782],[-74.417,4.762],[-74.41,4.858],[-74.391,4.865]]]}},{"type":"Feature","properties":{"mpio":"73861","nombre":"Venadillo","depto":"Tolima"},"geometry":{"type":"Polygon","coordinates":[[[-75.031,4.884],[-74.948,4.862],[-74.878,4.794],[-74.846,4.809],[-74.818,4.724],[-74.839,4.688],[-74.944,4.722],[-75.005,4.792],[-75.053,4.791],[-75.064,4.823],[-75.031,4.884]]]}},{"type":"Feature","properties":{"mpio":"25596","nombre":"Quipile","depto":"Cundinamarca"},"geometry":{"type":"Polygon","coordinates":[[[-74.57,4.87],[-74.528,4.853],[-74.505,4.758],[-74.507,4.745],[-74.549,4.735],[-74.563,4.691],[-74.579,4.689],[-74.602,4.71],[-74.605,4.789],[-74.57,4.87]]]}},{"type":"Feature","properties":{"mpio":"73686","nombre":"Santa Isabel","depto":"Tolima"},"geometry":{"type":"Polygon","coordinates":[[[-75.44,4.898],[-75.286,4.875],[-75.183,4.833],[-75.096,4.85],[-75.035,4.884],[-75.031,4.875],[-75.064,4.823],[-75.053,4.791],[-75.134,4.765],[-75.17,4.772],[-75.26,4.823],[-75.446,4.817],[-75.44,4.898]]]}},{"type":"Feature","properties":{"mpio":"25286","nombre":"Funza","depto":"Cundinamarca"},"geometry":{"type":"Polygon","coordinates":[[[-74.191,4.845],[-74.133,4.785],[-74.132,4.752],[-74.184,4.749],[-74.218,4.779],[-74.21,4.784],[-74.225,4.833],[-74.191,4.845]]]}},{"type":"Feature","properties":{"mpio":"25293","nombre":"Gachala","depto":"Cundinamarca"},"geometry":{"type":"Polygon","coordinates":[[[-73.322,4.793],[-73.289,4.776],[-73.325,4.747],[-73.34,4.667],[-73.359,4.666],[-73.399,4.635],[-73.553,4.479],[-73.598,4.494],[-73.584,4.543],[-73.59,4.619],[-73.568,4.671],[-73.519,4.674],[-73.499,4.715],[-73.462,4.713],[-73.352,4.749],[-73.317,4.784],[-73.322,4.793]]]}},{"type":"Feature","properties":{"mpio":"25299","nombre":"Gama","depto":"Cundinamarca"},"geometry":{"type":"Polygon","coordinates":[[[-73.577,4.806],[-73.542,4.789],[-73.488,4.714],[-73.499,4.715],[-73.519,4.674],[-73.561,4.671],[-73.599,4.736],[-73.599,4.765],[-73.577,4.806]]]}},{"type":"Feature","properties":{"mpio":"25099","nombre":"Bojaca","depto":"Cundinamarca"},"geometry":{"type":"Polygon","coordinates":[[[-74.299,4.84],[-74.302,4.794],[-74.267,4.711],[-74.264,4.671],[-74.274,4.667],[-74.302,4.686],[-74.342,4.787],[-74.36,4.79],[-74.346,4.829],[-74.332,4.821],[-74.299,4.84]]]}},{"type":"Feature","properties":{"mpio":"25580","nombre":"Puli","depto":"Cundinamarca"},"geometry":{"type":"Polygon","coordinates":[[[-74.597,4.81],[-74.602,4.71],[-74.693,4.713],[-74.72,4.701],[-74.753,4.717],[-74.762,4.754],[-74.751,4.82],[-74.695,4.833],[-74.68,4.813],[-74.647,4.802],[-74.597,4.81]]]}},{"type":"Feature","properties":{"mpio":"25123","nombre":"Cachipay","depto":"Cundinamarca"},"geometry":{"type":"Polygon","coordinates":[[[-74.513,4.802],[-74.41,4.816],[-74.417,4.762],[-74.503,4.741],[-74.513,4.802]]]}},{"type":"Feature","properties":{"mpio":"76845","nombre":"Ulloa","depto":"Valle Del Cauca"},"geometry":{"type":"Polygon","coordinates":[[[-75.931,4.853],[-75.791,4.835],[-75.785,4.795],[-75.931,4.809],[-75.941,4.837],[-75.931,4.853]]]}},{"type":"Feature","properties":{"mpio":"25797","nombre":"Tena","depto":"Cundinamarca"},"geometry":{"type":"Polygon","coordinates":[[[-74.36,4.79],[-74.332,4.773],[-74.305,4.694],[-74.324,4.702],[-74.357,4.688],[-74.379,4.695],[-74.389,4.679],[-74.405,4.764],[-74.36,4.79]]]}},{"type":"Feature","properties":{"mpio":"25530","nombre":"Paratebueno","depto":"Cundinamarca"},"geometry":{"type":"Polygon","coordinates":[[[-72.981,4.704],[-72.971,4.676],[-73.05,4.171],[-73.162,4.24],[-73.305,4.279],[-73.268,4.312],[-73.199,4.347],[-73.183,4.377],[-73.126,4.426],[-73.131,4.56],[-73.034,4.641],[-73.003,4.704],[-72.981,4.704]]]}},{"type":"Feature","properties":{"mpio":"25473","nombre":"Mosquera","depto":"Cundinamarca"},"geometry":{"type":"Polygon","coordinates":[[[-74.229,4.781],[-74.184,4.749],[-74.147,4.745],[-74.152,4.701],[-74.264,4.671],[-74.276,4.736],[-74.237,4.753],[-74.229,4.781]]]}},{"type":"Feature","properties":{"mpio":"73043","nombre":"Anzoategui","depto":"Tolima"},"geometry":{"type":"Polygon","coordinates":[[[-75.446,4.817],[-75.26,4.823],[-75.17,4.772],[-75.134,4.765],[-75.053,4.791],[-75.068,4.709],[-75.1,4.653],[-75.151,4.65],[-75.229,4.603],[-75.262,4.598],[-75.27,4.637],[-75.297,4.647],[-75.301,4.668],[-75.326,4.682],[-75.355,4.744],[-75.396,4.757],[-75.446,4.817]]]}},{"type":"Feature","properties":{"mpio":"76863","nombre":"Versalles","depto":"Valle Del Cauca"},"geometry":{"type":"Polygon","coordinates":[[[-76.399,4.829],[-76.389,4.808],[-76.343,4.813],[-76.313,4.78],[-76.279,4.786],[-76.25,4.776],[-76.255,4.709],[-76.292,4.682],[-76.315,4.686],[-76.368,4.66],[-76.393,4.666],[-76.402,4.69],[-76.429,4.693],[-76.517,4.649],[-76.554,4.724],[-76.496,4.844],[-76.479,4.859],[-76.474,4.848],[-76.399,4.829]]]}},{"type":"Feature","properties":{"mpio":"63272","nombre":"Filandia","depto":"Quindio"},"geometry":{"type":"Polygon","coordinates":[[[-75.791,4.835],[-75.649,4.811],[-75.648,4.79],[-75.665,4.773],[-75.7,4.769],[-75.749,4.72],[-75.811,4.688],[-75.84,4.709],[-75.812,4.749],[-75.785,4.753],[-75.791,4.835]]]}},{"type":"Feature","properties":{"mpio":"85440","nombre":"Villanueva","depto":"Casanare"},"geometry":{"type":"Polygon","coordinates":[[[-72.795,4.682],[-72.728,4.654],[-72.685,4.606],[-72.646,4.409],[-72.585,4.353],[-72.569,4.256],[-72.529,4.247],[-72.519,4.228],[-72.597,4.222],[-72.619,4.199],[-72.657,4.222],[-72.67,4.263],[-72.705,4.284],[-72.698,4.292],[-72.716,4.311],[-72.704,4.327],[-72.742,4.338],[-72.742,4.361],[-72.764,4.365],[-72.949,4.621],[-72.898,4.63],[-72.882,4.664],[-72.795,4.682]]]}},{"type":"Feature","properties":{"mpio":"63690","nombre":"Salento","depto":"Quindio"},"geometry":{"type":"Polygon","coordinates":[[[-75.649,4.811],[-75.531,4.787],[-75.451,4.819],[-75.433,4.81],[-75.434,4.793],[-75.403,4.777],[-75.396,4.757],[-75.558,4.659],[-75.599,4.6],[-75.649,4.663],[-75.678,4.653],[-75.699,4.664],[-75.704,4.692],[-75.679,4.713],[-75.675,4.767],[-75.648,4.79],[-75.649,4.811]]]}},{"type":"Feature","properties":{"mpio":"76823","nombre":"Toro","depto":"Valle Del Cauca"},"geometry":{"type":"Polygon","coordinates":[[[-76.118,4.83],[-76.135,4.772],[-76.127,4.715],[-76.287,4.67],[-76.289,4.684],[-76.255,4.709],[-76.256,4.776],[-76.235,4.789],[-76.217,4.834],[-76.118,4.83]]]}},{"type":"Feature","properties":{"mpio":"73026","nombre":"Alvarado","depto":"Tolima"},"geometry":{"type":"Polygon","coordinates":[[[-74.895,4.71],[-74.935,4.64],[-74.974,4.613],[-75.023,4.552],[-75.067,4.531],[-75.11,4.641],[-75.07,4.703],[-75.053,4.791],[-75.005,4.792],[-74.944,4.722],[-74.895,4.71]]]}},{"type":"Feature","properties":{"mpio":"25386","nombre":"La Mesa","depto":"Cundinamarca"},"geometry":{"type":"Polygon","coordinates":[[[-74.541,4.739],[-74.405,4.762],[-74.389,4.679],[-74.486,4.625],[-74.513,4.668],[-74.558,4.701],[-74.541,4.739]]]}},{"type":"Feature","properties":{"mpio":"76020","nombre":"Alcala","depto":"Valle Del Cauca"},"geometry":{"type":"Polygon","coordinates":[[[-75.931,4.809],[-75.79,4.798],[-75.785,4.753],[-75.928,4.75],[-75.931,4.809]]]}},{"type":"Feature","properties":{"mpio":"25279","nombre":"Fomeque","depto":"Cundinamarca"},"geometry":{"type":"Polygon","coordinates":[[[-73.751,4.661],[-73.75,4.711],[-73.72,4.702],[-73.689,4.671],[-73.625,4.565],[-73.603,4.567],[-73.589,4.592],[-73.594,4.504],[-73.615,4.491],[-73.643,4.53],[-73.659,4.533],[-73.762,4.448],[-73.773,4.407],[-73.845,4.412],[-73.872,4.477],[-73.857,4.528],[-73.864,4.545],[-73.751,4.661]]]}},{"type":"Feature","properties":{"mpio":"50110","nombre":"Barranca De Upia","depto":"Meta"},"geometry":{"type":"Polygon","coordinates":[[[-72.976,4.654],[-72.764,4.365],[-72.742,4.361],[-72.742,4.338],[-72.704,4.327],[-72.716,4.311],[-72.707,4.303],[-72.779,4.324],[-72.823,4.323],[-72.94,4.412],[-73.014,4.423],[-72.976,4.654]]]}},{"type":"Feature","properties":{"mpio":"63190","nombre":"Circasia","depto":"Quindio"},"geometry":{"type":"Polygon","coordinates":[[[-75.671,4.773],[-75.679,4.713],[-75.704,4.692],[-75.772,4.686],[-75.793,4.666],[-75.811,4.688],[-75.749,4.72],[-75.7,4.769],[-75.671,4.773]]]}},{"type":"Feature","properties":{"mpio":"73001","nombre":"Ibague","depto":"Tolima"},"geometry":{"type":"Polygon","coordinates":[[[-75.396,4.757],[-75.355,4.744],[-75.326,4.682],[-75.301,4.668],[-75.297,4.647],[-75.27,4.637],[-75.262,4.598],[-75.229,4.603],[-75.151,4.65],[-75.1,4.653],[-75.109,4.628],[-75.086,4.562],[-75.066,4.542],[-75.092,4.492],[-75.007,4.457],[-75.046,4.405],[-75.053,4.356],[-75.154,4.4],[-75.255,4.385],[-75.274,4.426],[-75.339,4.485],[-75.36,4.486],[-75.415,4.437],[-75.488,4.4],[-75.563,4.397],[-75.512,4.45],[-75.417,4.508],[-75.42,4.53],[-75.453,4.573],[-75.471,4.706],[-75.396,4.757]]]}},{"type":"Feature","properties":{"mpio":"25181","nombre":"Choachi","depto":"Cundinamarca"},"geometry":{"type":"Polygon","coordinates":[[[-73.961,4.67],[-73.921,4.682],[-73.906,4.658],[-73.867,4.635],[-73.851,4.661],[-73.751,4.661],[-73.862,4.549],[-73.859,4.522],[-73.873,4.533],[-73.911,4.527],[-73.975,4.598],[-73.961,4.67]]]}},{"type":"Feature","properties":{"mpio":"25645","nombre":"San Antonio Del Tequendama","depto":"Cundinamarca"},"geometry":{"type":"Polygon","coordinates":[[[-74.389,4.679],[-74.379,4.695],[-74.357,4.688],[-74.324,4.702],[-74.305,4.694],[-74.274,4.667],[-74.291,4.631],[-74.286,4.608],[-74.348,4.604],[-74.376,4.639],[-74.389,4.679]]]}},{"type":"Feature","properties":{"mpio":"25368","nombre":"Jerusalen","depto":"Cundinamarca"},"geometry":{"type":"Polygon","coordinates":[[[-74.602,4.71],[-74.584,4.702],[-74.591,4.684],[-74.613,4.669],[-74.655,4.599],[-74.743,4.523],[-74.762,4.61],[-74.78,4.632],[-74.741,4.679],[-74.743,4.704],[-74.602,4.71]]]}},{"type":"Feature","properties":{"mpio":"25438","nombre":"Medina","depto":"Cundinamarca"},"geometry":{"type":"Polygon","coordinates":[[[-73.381,4.647],[-73.283,4.59],[-73.211,4.563],[-73.133,4.553],[-73.124,4.438],[-73.199,4.347],[-73.268,4.312],[-73.305,4.279],[-73.334,4.287],[-73.374,4.269],[-73.444,4.267],[-73.475,4.275],[-73.499,4.298],[-73.504,4.344],[-73.536,4.394],[-73.532,4.463],[-73.553,4.479],[-73.381,4.647]]]}},{"type":"Feature","properties":{"mpio":"63594","nombre":"Quimbaya","depto":"Quindio"},"geometry":{"type":"Polygon","coordinates":[[[-75.947,4.743],[-75.806,4.753],[-75.84,4.709],[-75.811,4.688],[-75.891,4.685],[-75.943,4.703],[-75.947,4.743]]]}},{"type":"Feature","properties":{"mpio":"25754","nombre":"Soacha","depto":"Cundinamarca"},"geometry":{"type":"Polygon","coordinates":[[[-74.191,4.685],[-74.153,4.57],[-74.18,4.476],[-74.204,4.434],[-74.228,4.443],[-74.206,4.492],[-74.205,4.565],[-74.249,4.58],[-74.27,4.567],[-74.291,4.631],[-74.281,4.66],[-74.263,4.673],[-74.191,4.685]]]}},{"type":"Feature","properties":{"mpio":"25035","nombre":"Anapoima","depto":"Cundinamarca"},"geometry":{"type":"Polygon","coordinates":[[[-74.587,4.694],[-74.569,4.689],[-74.554,4.702],[-74.513,4.668],[-74.468,4.603],[-74.461,4.559],[-74.503,4.537],[-74.547,4.564],[-74.541,4.585],[-74.563,4.593],[-74.559,4.628],[-74.587,4.694]]]}},{"type":"Feature","properties":{"mpio":"73547","nombre":"Piedras","depto":"Tolima"},"geometry":{"type":"Polygon","coordinates":[[[-74.895,4.71],[-74.83,4.679],[-74.832,4.612],[-74.813,4.582],[-74.824,4.543],[-74.855,4.545],[-74.874,4.577],[-74.951,4.564],[-74.98,4.526],[-74.992,4.468],[-75.007,4.457],[-75.092,4.492],[-75.081,4.522],[-75.023,4.552],[-74.974,4.613],[-74.935,4.64],[-74.895,4.71]]]}},{"type":"Feature","properties":{"mpio":"25599","nombre":"Apulo","depto":"Cundinamarca"},"geometry":{"type":"Polygon","coordinates":[[[-74.605,4.679],[-74.587,4.694],[-74.559,4.628],[-74.563,4.593],[-74.541,4.585],[-74.547,4.564],[-74.501,4.541],[-74.525,4.519],[-74.559,4.536],[-74.566,4.509],[-74.595,4.544],[-74.626,4.555],[-74.605,4.679]]]}},{"type":"Feature","properties":{"mpio":"76497","nombre":"Obando","depto":"Valle Del Cauca"},"geometry":{"type":"Polygon","coordinates":[[[-76.127,4.715],[-76.091,4.725],[-76.084,4.74],[-75.947,4.733],[-75.934,4.667],[-76.047,4.666],[-76.075,4.654],[-76.133,4.678],[-76.127,4.715]]]}},{"type":"Feature","properties":{"mpio":"25245","nombre":"El Colegio","depto":"Cundinamarca"},"geometry":{"type":"Polygon","coordinates":[[[-74.389,4.679],[-74.376,4.639],[-74.348,4.604],[-74.383,4.556],[-74.453,4.554],[-74.486,4.625],[-74.389,4.679]]]}},{"type":"Feature","properties":{"mpio":"25815","nombre":"Tocaima","depto":"Cundinamarca"},"geometry":{"type":"Polygon","coordinates":[[[-74.605,4.679],[-74.626,4.555],[-74.576,4.529],[-74.565,4.468],[-74.548,4.462],[-74.534,4.42],[-74.592,4.419],[-74.635,4.464],[-74.67,4.472],[-74.74,4.446],[-74.757,4.518],[-74.731,4.528],[-74.655,4.599],[-74.605,4.679]]]}},{"type":"Feature","properties":{"mpio":"25324","nombre":"Guataqui","depto":"Cundinamarca"},"geometry":{"type":"Polygon","coordinates":[[[-74.752,4.672],[-74.78,4.632],[-74.762,4.61],[-74.743,4.525],[-74.786,4.52],[-74.816,4.484],[-74.86,4.483],[-74.824,4.534],[-74.813,4.582],[-74.832,4.612],[-74.838,4.646],[-74.825,4.666],[-74.839,4.688],[-74.775,4.686],[-74.752,4.672]]]}},{"type":"Feature","properties":{"mpio":"73124","nombre":"Cajamarca","depto":"Tolima"},"geometry":{"type":"Polygon","coordinates":[[[-75.471,4.706],[-75.453,4.573],[-75.42,4.53],[-75.417,4.508],[-75.512,4.45],[-75.563,4.397],[-75.639,4.4],[-75.657,4.424],[-75.649,4.476],[-75.634,4.535],[-75.599,4.6],[-75.558,4.659],[-75.471,4.706]]]}},{"type":"Feature","properties":{"mpio":"76400","nombre":"La Union","depto":"Valle Del Cauca"},"geometry":{"type":"Polygon","coordinates":[[[-76.127,4.715],[-76.15,4.61],[-76.17,4.624],[-76.282,4.609],[-76.301,4.625],[-76.279,4.665],[-76.287,4.67],[-76.276,4.675],[-76.187,4.69],[-76.127,4.715]]]}},{"type":"Feature","properties":{"mpio":"63470","nombre":"Montenegro","depto":"Quindio"},"geometry":{"type":"Polygon","coordinates":[[[-75.811,4.688],[-75.793,4.666],[-75.797,4.608],[-75.837,4.586],[-75.876,4.618],[-75.918,4.618],[-75.914,4.641],[-75.943,4.703],[-75.891,4.685],[-75.811,4.688]]]}},{"type":"Feature","properties":{"mpio":"63001","nombre":"Armenia","depto":"Quindio"},"geometry":{"type":"Polygon","coordinates":[[[-75.704,4.692],[-75.701,4.654],[-75.736,4.598],[-75.767,4.558],[-75.811,4.551],[-75.803,4.569],[-75.815,4.595],[-75.797,4.608],[-75.794,4.671],[-75.739,4.694],[-75.704,4.692]]]}},{"type":"Feature","properties":{"mpio":"76250","nombre":"El Dovio","depto":"Valle Del Cauca"},"geometry":{"type":"Polygon","coordinates":[[[-76.289,4.684],[-76.279,4.665],[-76.301,4.625],[-76.334,4.635],[-76.337,4.61],[-76.432,4.562],[-76.433,4.571],[-76.48,4.576],[-76.543,4.557],[-76.606,4.565],[-76.584,4.655],[-76.554,4.712],[-76.517,4.649],[-76.416,4.695],[-76.377,4.659],[-76.315,4.686],[-76.289,4.684]]]}},{"type":"Feature","properties":{"mpio":"76403","nombre":"La Victoria","depto":"Valle Del Cauca"},"geometry":{"type":"Polygon","coordinates":[[[-76.133,4.678],[-76.075,4.654],[-76.047,4.666],[-75.944,4.664],[-75.932,4.678],[-75.914,4.641],[-75.915,4.585],[-75.995,4.513],[-76.046,4.535],[-76.063,4.523],[-76.075,4.528],[-76.15,4.61],[-76.133,4.678]]]}},{"type":"Feature","properties":{"mpio":"25841","nombre":"Ubaque","depto":"Cundinamarca"},"geometry":{"type":"Polygon","coordinates":[[[-73.975,4.598],[-73.911,4.527],[-73.873,4.533],[-73.859,4.522],[-73.867,4.478],[-73.946,4.483],[-74.026,4.528],[-74.007,4.54],[-73.999,4.575],[-73.975,4.598]]]}},{"type":"Feature","properties":{"mpio":"25312","nombre":"Granada","depto":"Cundinamarca"},"geometry":{"type":"Polygon","coordinates":[[[-74.286,4.608],[-74.27,4.544],[-74.383,4.556],[-74.358,4.602],[-74.286,4.608]]]}},{"type":"Feature","properties":{"mpio":"63130","nombre":"Calarca","depto":"Quindio"},"geometry":{"type":"Polygon","coordinates":[[[-75.699,4.664],[-75.678,4.653],[-75.649,4.663],[-75.599,4.6],[-75.634,4.527],[-75.794,4.527],[-75.85,4.51],[-75.86,4.531],[-75.767,4.558],[-75.699,4.664]]]}},{"type":"Feature","properties":{"mpio":"27250","nombre":"El Litoral Del San Juan","depto":"Choco"},"geometry":{"type":"Polygon","coordinates":[[[-77.383,4.62],[-77.141,4.64],[-77.058,4.62],[-76.996,4.641],[-76.87,4.635],[-76.76,4.615],[-76.697,4.446],[-76.641,4.34],[-76.574,4.257],[-76.579,4.248],[-76.686,4.166],[-76.752,4.166],[-76.793,4.137],[-76.861,4.123],[-77.062,4.251],[-77.132,4.243],[-77.185,4.251],[-77.246,4.302],[-77.295,4.324],[-77.332,4.302],[-77.36,4.306],[-77.395,4.383],[-77.441,4.319],[-77.473,4.34],[-77.581,4.339],[-77.666,4.294],[-77.666,4.338],[-77.655,4.35],[-77.598,4.363],[-77.628,4.371],[-77.668,4.359],[-77.676,4.368],[-77.656,4.45],[-77.649,4.427],[-77.665,4.411],[-77.655,4.396],[-77.564,4.39],[-77.595,4.419],[-77.585,4.437],[-77.557,4.439],[-77.589,4.462],[-77.572,4.505],[-77.538,4.528],[-77.51,4.572],[-77.513,4.656],[-77.503,4.645],[-77.481,4.677],[-77.383,4.62]]]}},{"type":"Feature","properties":{"mpio":"25740","nombre":"Sibate","depto":"Cundinamarca"},"geometry":{"type":"Polygon","coordinates":[[[-74.284,4.547],[-74.27,4.544],[-74.27,4.567],[-74.249,4.58],[-74.205,4.565],[-74.201,4.548],[-74.222,4.453],[-74.264,4.419],[-74.279,4.428],[-74.269,4.457],[-74.284,4.547]]]}},{"type":"Feature","properties":{"mpio":"50686","nombre":"San Juanito","depto":"Meta"},"geometry":{"type":"Polygon","coordinates":[[[-73.553,4.479],[-73.53,4.452],[-73.553,4.397],[-73.652,4.381],[-73.733,4.478],[-73.659,4.533],[-73.643,4.53],[-73.615,4.491],[-73.6,4.498],[-73.553,4.479]]]}},{"type":"Feature","properties":{"mpio":"76622","nombre":"Roldanillo","depto":"Valle Del Cauca"},"geometry":{"type":"Polygon","coordinates":[[[-76.334,4.635],[-76.282,4.609],[-76.17,4.624],[-76.153,4.613],[-76.179,4.602],[-76.165,4.58],[-76.241,4.51],[-76.243,4.481],[-76.428,4.526],[-76.429,4.566],[-76.337,4.61],[-76.334,4.635]]]}},{"type":"Feature","properties":{"mpio":"63401","nombre":"La Tebaida","depto":"Quindio"},"geometry":{"type":"Polygon","coordinates":[[[-75.815,4.595],[-75.803,4.569],[-75.811,4.551],[-75.86,4.531],[-75.839,4.475],[-75.858,4.47],[-75.864,4.498],[-75.904,4.547],[-75.918,4.618],[-75.876,4.618],[-75.852,4.589],[-75.815,4.595]]]}},{"type":"Feature","properties":{"mpio":"25878","nombre":"Viota","depto":"Cundinamarca"},"geometry":{"type":"Polygon","coordinates":[[[-74.383,4.556],[-74.437,4.434],[-74.467,4.415],[-74.541,4.424],[-74.548,4.462],[-74.565,4.468],[-74.559,4.536],[-74.534,4.516],[-74.467,4.559],[-74.383,4.556]]]}},{"type":"Feature","properties":{"mpio":"25743","nombre":"Silvania","depto":"Cundinamarca"},"geometry":{"type":"Polygon","coordinates":[[[-74.383,4.556],[-74.284,4.547],[-74.269,4.457],[-74.279,4.428],[-74.284,4.441],[-74.363,4.448],[-74.407,4.403],[-74.431,4.427],[-74.383,4.556]]]}},{"type":"Feature","properties":{"mpio":"73200","nombre":"Coello","depto":"Tolima"},"geometry":{"type":"Polygon","coordinates":[[[-74.824,4.543],[-74.858,4.491],[-74.905,4.367],[-74.903,4.342],[-74.887,4.336],[-74.936,4.302],[-74.924,4.295],[-75.011,4.28],[-75.056,4.301],[-75.052,4.391],[-75.019,4.43],[-75.017,4.449],[-74.992,4.468],[-74.98,4.526],[-74.951,4.564],[-74.874,4.577],[-74.855,4.545],[-74.824,4.543]]]}},{"type":"Feature","properties":{"mpio":"76895","nombre":"Zarzal","depto":"Valle Del Cauca"},"geometry":{"type":"Polygon","coordinates":[[[-76.153,4.613],[-76.075,4.528],[-76.063,4.523],[-76.046,4.535],[-76.001,4.513],[-76.019,4.466],[-76.063,4.469],[-76.088,4.419],[-76.112,4.418],[-76.118,4.385],[-76.208,4.391],[-76.254,4.444],[-76.243,4.45],[-76.244,4.504],[-76.165,4.58],[-76.179,4.602],[-76.153,4.613]]]}},{"type":"Feature","properties":{"mpio":"25178","nombre":"Chipaque","depto":"Cundinamarca"},"geometry":{"type":"Polygon","coordinates":[[[-74.026,4.528],[-73.95,4.488],[-73.95,4.455],[-73.956,4.445],[-74.015,4.44],[-74.083,4.365],[-74.072,4.394],[-74.088,4.449],[-74.026,4.528]]]}},{"type":"Feature","properties":{"mpio":"76736","nombre":"Sevilla","depto":"Valle Del Cauca"},"geometry":{"type":"Polygon","coordinates":[[[-75.899,4.54],[-75.918,4.516],[-75.925,4.421],[-75.91,4.34],[-75.902,4.327],[-75.886,4.328],[-75.847,4.376],[-75.803,4.261],[-75.772,4.246],[-75.74,4.252],[-75.748,4.198],[-75.724,4.12],[-75.746,4.092],[-75.778,4.086],[-75.81,4.119],[-75.959,4.198],[-76.046,4.214],[-76.028,4.227],[-76.118,4.385],[-76.112,4.418],[-76.088,4.419],[-76.067,4.465],[-76.019,4.466],[-76.0,4.517],[-75.928,4.581],[-75.915,4.585],[-75.899,4.54]]]}},{"type":"Feature","properties":{"mpio":"50245","nombre":"El Calvario","depto":"Meta"},"geometry":{"type":"Polygon","coordinates":[[[-73.733,4.478],[-73.652,4.381],[-73.591,4.396],[-73.567,4.39],[-73.576,4.355],[-73.595,4.34],[-73.591,4.287],[-73.649,4.324],[-73.735,4.332],[-73.747,4.381],[-73.773,4.407],[-73.762,4.448],[-73.733,4.478]]]}},{"type":"Feature","properties":{"mpio":"25151","nombre":"Caqueza","depto":"Cundinamarca"},"geometry":{"type":"Polygon","coordinates":[[[-73.946,4.483],[-73.86,4.469],[-73.85,4.39],[-73.826,4.351],[-73.854,4.357],[-73.879,4.387],[-73.955,4.38],[-73.962,4.432],[-73.946,4.483]]]}},{"type":"Feature","properties":{"mpio":"25483","nombre":"Nari¥O","depto":"Cundinamarca"},"geometry":{"type":"Polygon","coordinates":[[[-74.743,4.525],[-74.828,4.414],[-74.878,4.38],[-74.898,4.381],[-74.86,4.483],[-74.816,4.484],[-74.786,4.52],[-74.743,4.525]]]}},{"type":"Feature","properties":{"mpio":"50124","nombre":"Cabuyaro","depto":"Meta"},"geometry":{"type":"Polygon","coordinates":[[[-72.707,4.303],[-72.699,4.277],[-72.67,4.263],[-72.649,4.207],[-72.676,4.192],[-72.756,4.202],[-72.795,4.169],[-72.801,4.138],[-72.824,4.147],[-72.841,4.107],[-72.917,4.122],[-72.937,4.115],[-72.946,4.135],[-72.964,4.138],[-72.973,4.18],[-72.994,4.204],[-73.042,4.203],[-73.014,4.423],[-72.94,4.412],[-72.823,4.323],[-72.779,4.324],[-72.707,4.303]]]}},{"type":"Feature","properties":{"mpio":"76100","nombre":"Bolivar","depto":"Valle Del Cauca"},"geometry":{"type":"Polygon","coordinates":[[[-76.433,4.571],[-76.428,4.526],[-76.243,4.481],[-76.243,4.45],[-76.311,4.381],[-76.534,4.377],[-76.601,4.356],[-76.621,4.376],[-76.628,4.435],[-76.667,4.548],[-76.606,4.565],[-76.543,4.557],[-76.503,4.575],[-76.433,4.571]]]}},{"type":"Feature","properties":{"mpio":"25307","nombre":"Girardot","depto":"Cundinamarca"},"geometry":{"type":"Polygon","coordinates":[[[-74.761,4.509],[-74.74,4.446],[-74.776,4.444],[-74.771,4.383],[-74.808,4.356],[-74.898,4.337],[-74.901,4.381],[-74.878,4.38],[-74.828,4.414],[-74.775,4.471],[-74.761,4.509]]]}},{"type":"Feature","properties":{"mpio":"76122","nombre":"Caicedonia","depto":"Valle Del Cauca"},"geometry":{"type":"Polygon","coordinates":[[[-75.858,4.47],[-75.851,4.36],[-75.886,4.328],[-75.902,4.327],[-75.925,4.421],[-75.913,4.532],[-75.899,4.54],[-75.89,4.531],[-75.858,4.47]]]}},{"type":"Feature","properties":{"mpio":"63212","nombre":"Cordoba","depto":"Quindio"},"geometry":{"type":"Polygon","coordinates":[[[-75.788,4.528],[-75.634,4.527],[-75.651,4.426],[-75.698,4.483],[-75.74,4.482],[-75.788,4.528]]]}},{"type":"Feature","properties":{"mpio":"63111","nombre":"Buenavista","depto":"Quindio"},"geometry":{"type":"Polygon","coordinates":[[[-75.85,4.51],[-75.788,4.528],[-75.74,4.482],[-75.839,4.475],[-75.85,4.51]]]}},{"type":"Feature","properties":{"mpio":"50606","nombre":"Restrepo","depto":"Meta"},"geometry":{"type":"Polygon","coordinates":[[[-73.541,4.424],[-73.499,4.331],[-73.506,4.278],[-73.481,4.23],[-73.07,4.151],[-73.022,4.129],[-73.215,4.106],[-73.438,4.146],[-73.532,4.15],[-73.569,4.165],[-73.595,4.34],[-73.576,4.355],[-73.541,4.424]]]}},{"type":"Feature","properties":{"mpio":"25845","nombre":"Une","depto":"Cundinamarca"},"geometry":{"type":"Polygon","coordinates":[[[-73.956,4.445],[-73.952,4.377],[-73.968,4.37],[-73.97,4.351],[-73.999,4.343],[-73.999,4.32],[-74.087,4.347],[-74.015,4.44],[-73.956,4.445]]]}},{"type":"Feature","properties":{"mpio":"50573","nombre":"Puerto Lopez","depto":"Meta"},"geometry":{"type":"Polygon","coordinates":[[[-72.128,4.309],[-71.983,4.308],[-71.96,4.304],[-71.946,4.278],[-72.017,4.268],[-72.053,4.214],[-72.074,4.13],[-72.01,4.082],[-71.997,3.962],[-72.009,3.934],[-72.055,3.933],[-72.032,3.891],[-72.058,3.885],[-72.065,3.842],[-72.086,3.835],[-72.087,3.793],[-72.153,3.783],[-72.147,3.759],[-72.19,3.706],[-72.195,3.65],[-72.273,3.628],[-72.413,3.714],[-72.579,3.79],[-72.663,3.78],[-72.881,3.634],[-72.909,3.665],[-72.909,3.809],[-72.915,3.835],[-72.951,3.854],[-72.933,3.869],[-72.946,3.886],[-73.001,3.903],[-73.062,3.892],[-73.114,4.118],[-73.057,4.117],[-72.964,4.138],[-72.946,4.135],[-72.937,4.115],[-72.917,4.122],[-72.841,4.107],[-72.824,4.147],[-72.801,4.138],[-72.795,4.169],[-72.756,4.202],[-72.676,4.192],[-72.649,4.207],[-72.657,4.222],[-72.619,4.199],[-72.597,4.222],[-72.519,4.228],[-72.476,4.215],[-72.432,4.257],[-72.37,4.222],[-72.341,4.243],[-72.273,4.23],[-72.202,4.284],[-72.128,4.309]]]}},{"type":"Feature","properties":{"mpio":"25001","nombre":"Agua De Dios","depto":"Cundinamarca"},"geometry":{"type":"Polygon","coordinates":[[[-74.734,4.445],[-74.67,4.472],[-74.635,4.464],[-74.592,4.419],[-74.693,4.399],[-74.719,4.415],[-74.734,4.445]]]}},{"type":"Feature","properties":{"mpio":"25535","nombre":"Pasca","depto":"Cundinamarca"},"geometry":{"type":"Polygon","coordinates":[[[-74.197,4.435],[-74.176,4.396],[-74.194,4.354],[-74.202,4.237],[-74.226,4.247],[-74.233,4.289],[-74.27,4.325],[-74.289,4.366],[-74.261,4.398],[-74.264,4.419],[-74.24,4.442],[-74.197,4.435]]]}},{"type":"Feature","properties":{"mpio":"25290","nombre":"Fusagasuga","depto":"Cundinamarca"},"geometry":{"type":"Polygon","coordinates":[[[-74.284,4.441],[-74.264,4.419],[-74.261,4.398],[-74.289,4.366],[-74.27,4.325],[-74.233,4.289],[-74.226,4.247],[-74.314,4.263],[-74.378,4.322],[-74.457,4.329],[-74.502,4.309],[-74.513,4.289],[-74.54,4.31],[-74.52,4.335],[-74.473,4.341],[-74.434,4.371],[-74.363,4.448],[-74.284,4.441]]]}},{"type":"Feature","properties":{"mpio":"73624","nombre":"Rovira","depto":"Tolima"},"geometry":{"type":"Polygon","coordinates":[[[-75.639,4.4],[-75.488,4.4],[-75.415,4.437],[-75.36,4.486],[-75.339,4.485],[-75.286,4.44],[-75.255,4.385],[-75.177,4.401],[-75.185,4.374],[-75.232,4.342],[-75.236,4.271],[-75.267,4.236],[-75.27,4.192],[-75.313,4.199],[-75.318,4.183],[-75.362,4.167],[-75.412,4.125],[-75.434,4.205],[-75.534,4.249],[-75.603,4.3],[-75.639,4.4]]]}},{"type":"Feature","properties":{"mpio":"25594","nombre":"Quetame","depto":"Cundinamarca"},"geometry":{"type":"Polygon","coordinates":[[[-73.773,4.407],[-73.743,4.37],[-73.725,4.273],[-73.794,4.246],[-73.837,4.253],[-73.867,4.314],[-73.857,4.357],[-73.825,4.353],[-73.851,4.402],[-73.807,4.414],[-73.773,4.407]]]}},{"type":"Feature","properties":{"mpio":"25805","nombre":"Tibacuy","depto":"Cundinamarca"},"geometry":{"type":"Polygon","coordinates":[[[-74.437,4.434],[-74.407,4.403],[-74.434,4.371],[-74.473,4.341],[-74.52,4.335],[-74.54,4.31],[-74.58,4.321],[-74.483,4.41],[-74.437,4.434]]]}},{"type":"Feature","properties":{"mpio":"63548","nombre":"Pijao","depto":"Quindio"},"geometry":{"type":"Polygon","coordinates":[[[-75.858,4.47],[-75.732,4.487],[-75.691,4.478],[-75.653,4.415],[-75.685,4.351],[-75.789,4.362],[-75.766,4.417],[-75.86,4.442],[-75.858,4.47]]]}},{"type":"Feature","properties":{"mpio":"25612","nombre":"Ricaurte","depto":"Cundinamarca"},"geometry":{"type":"Polygon","coordinates":[[[-74.734,4.445],[-74.719,4.415],[-74.671,4.399],[-74.661,4.361],[-74.683,4.323],[-74.75,4.3],[-74.766,4.32],[-74.789,4.322],[-74.808,4.356],[-74.771,4.383],[-74.776,4.444],[-74.734,4.445]]]}},{"type":"Feature","properties":{"mpio":"25281","nombre":"Fosca","depto":"Cundinamarca"},"geometry":{"type":"Polygon","coordinates":[[[-73.854,4.357],[-73.867,4.314],[-73.849,4.271],[-73.869,4.276],[-73.874,4.291],[-73.999,4.32],[-73.999,4.343],[-73.97,4.351],[-73.968,4.37],[-73.942,4.385],[-73.873,4.385],[-73.854,4.357]]]}},{"type":"Feature","properties":{"mpio":"25488","nombre":"Nilo","depto":"Cundinamarca"},"geometry":{"type":"Polygon","coordinates":[[[-74.586,4.421],[-74.478,4.414],[-74.655,4.269],[-74.697,4.27],[-74.733,4.303],[-74.677,4.331],[-74.661,4.361],[-74.671,4.399],[-74.586,4.421]]]}},{"type":"Feature","properties":{"mpio":"63302","nombre":"Genova","depto":"Quindio"},"geometry":{"type":"Polygon","coordinates":[[[-75.803,4.261],[-75.86,4.442],[-75.766,4.417],[-75.789,4.362],[-75.685,4.351],[-75.734,4.256],[-75.772,4.246],[-75.803,4.261]]]}},{"type":"Feature","properties":{"mpio":"76113","nombre":"Bugalagrande","depto":"Valle Del Cauca"},"geometry":{"type":"Polygon","coordinates":[[[-76.118,4.385],[-76.028,4.227],[-76.058,4.192],[-76.105,4.195],[-76.153,4.258],[-76.2,4.272],[-76.325,4.347],[-76.307,4.387],[-76.254,4.444],[-76.208,4.391],[-76.118,4.385]]]}},{"type":"Feature","properties":{"mpio":"73622","nombre":"Roncesvalles","depto":"Tolima"},"geometry":{"type":"Polygon","coordinates":[[[-75.657,4.424],[-75.62,4.37],[-75.603,4.3],[-75.534,4.249],[-75.456,4.223],[-75.434,4.205],[-75.426,4.176],[-75.559,4.119],[-75.579,4.073],[-75.623,4.055],[-75.682,4.059],[-75.746,4.092],[-75.724,4.12],[-75.748,4.198],[-75.748,4.246],[-75.703,4.308],[-75.657,4.424]]]}},{"type":"Feature","properties":{"mpio":"73678","nombre":"San Luis","depto":"Tolima"},"geometry":{"type":"Polygon","coordinates":[[[-75.053,4.356],[-75.065,4.254],[-75.101,4.217],[-75.069,4.167],[-75.083,4.084],[-75.048,4.003],[-75.067,3.996],[-75.089,4.005],[-75.112,4.042],[-75.156,4.077],[-75.194,4.075],[-75.232,4.109],[-75.244,4.145],[-75.224,4.189],[-75.128,4.225],[-75.107,4.284],[-75.13,4.333],[-75.165,4.311],[-75.185,4.337],[-75.215,4.351],[-75.185,4.374],[-75.177,4.401],[-75.053,4.356]]]}},{"type":"Feature","properties":{"mpio":"50001","nombre":"Villavicencio","depto":"Meta"},"geometry":{"type":"Polygon","coordinates":[[[-73.591,4.287],[-73.569,4.165],[-73.545,4.153],[-73.438,4.146],[-73.215,4.106],[-73.113,4.112],[-73.062,3.892],[-73.105,3.899],[-73.141,3.924],[-73.208,3.914],[-73.311,3.954],[-73.488,3.978],[-73.691,4.05],[-73.7,4.069],[-73.692,4.102],[-73.645,4.155],[-73.645,4.172],[-73.68,4.203],[-73.709,4.21],[-73.698,4.236],[-73.725,4.273],[-73.735,4.332],[-73.649,4.324],[-73.591,4.287]]]}},{"type":"Feature","properties":{"mpio":"25339","nombre":"Gutierrez","depto":"Cundinamarca"},"geometry":{"type":"Polygon","coordinates":[[[-74.087,4.347],[-73.874,4.291],[-73.861,4.24],[-73.881,4.242],[-73.902,4.226],[-73.899,4.182],[-73.92,4.148],[-73.917,4.127],[-73.982,4.123],[-74.059,4.059],[-74.169,4.043],[-74.136,4.168],[-74.098,4.212],[-74.105,4.302],[-74.087,4.347]]]}},{"type":"Feature","properties":{"mpio":"50226","nombre":"Cumaral","depto":"Meta"},"geometry":{"type":"Polygon","coordinates":[[[-73.334,4.287],[-73.162,4.24],[-73.05,4.171],[-73.042,4.203],[-72.994,4.204],[-72.973,4.18],[-72.964,4.138],[-73.022,4.129],[-73.07,4.151],[-73.223,4.184],[-73.457,4.218],[-73.481,4.23],[-73.506,4.278],[-73.499,4.298],[-73.475,4.275],[-73.444,4.267],[-73.374,4.269],[-73.334,4.287]]]}},{"type":"Feature","properties":{"mpio":"73275","nombre":"Flandes","depto":"Tolima"},"geometry":{"type":"Polygon","coordinates":[[[-74.887,4.336],[-74.805,4.352],[-74.789,4.322],[-74.81,4.252],[-74.853,4.263],[-74.887,4.297],[-74.936,4.302],[-74.887,4.336]]]}},{"type":"Feature","properties":{"mpio":"25053","nombre":"Arbelaez","depto":"Cundinamarca"},"geometry":{"type":"Polygon","coordinates":[[[-74.314,4.263],[-74.202,4.237],[-74.209,4.221],[-74.415,4.226],[-74.476,4.284],[-74.513,4.289],[-74.49,4.315],[-74.415,4.329],[-74.378,4.322],[-74.314,4.263]]]}},{"type":"Feature","properties":{"mpio":"73854","nombre":"Valle De San Juan","depto":"Tolima"},"geometry":{"type":"Polygon","coordinates":[[[-75.213,4.355],[-75.165,4.311],[-75.13,4.333],[-75.107,4.284],[-75.128,4.225],[-75.259,4.183],[-75.27,4.192],[-75.267,4.236],[-75.236,4.271],[-75.232,4.342],[-75.213,4.355]]]}},{"type":"Feature","properties":{"mpio":"76828","nombre":"Trujillo","depto":"Valle Del Cauca"},"geometry":{"type":"Polygon","coordinates":[[[-76.593,4.354],[-76.534,4.377],[-76.453,4.384],[-76.307,4.377],[-76.332,4.326],[-76.335,4.289],[-76.369,4.297],[-76.401,4.275],[-76.522,4.287],[-76.519,4.299],[-76.593,4.354]]]}},{"type":"Feature","properties":{"mpio":"73449","nombre":"Melgar","depto":"Tolima"},"geometry":{"type":"Polygon","coordinates":[[[-74.561,4.321],[-74.576,4.293],[-74.579,4.218],[-74.616,4.162],[-74.668,4.212],[-74.698,4.216],[-74.715,4.248],[-74.762,4.268],[-74.754,4.301],[-74.727,4.301],[-74.697,4.27],[-74.655,4.269],[-74.602,4.314],[-74.561,4.321]]]}},{"type":"Feature","properties":{"mpio":"73352","nombre":"Icononzo","depto":"Tolima"},"geometry":{"type":"Polygon","coordinates":[[[-74.561,4.321],[-74.513,4.289],[-74.506,4.253],[-74.47,4.194],[-74.47,4.151],[-74.507,4.086],[-74.496,4.052],[-74.513,4.018],[-74.535,4.026],[-74.543,4.085],[-74.523,4.106],[-74.608,4.168],[-74.579,4.218],[-74.576,4.293],[-74.561,4.321]]]}},{"type":"Feature","properties":{"mpio":"25335","nombre":"Guayabetal","depto":"Cundinamarca"},"geometry":{"type":"Polygon","coordinates":[[[-73.869,4.276],[-73.809,4.245],[-73.765,4.251],[-73.73,4.275],[-73.7,4.244],[-73.697,4.223],[-73.868,4.13],[-73.917,4.127],[-73.92,4.148],[-73.899,4.182],[-73.902,4.226],[-73.881,4.242],[-73.861,4.24],[-73.869,4.276]]]}},{"type":"Feature","properties":{"mpio":"73770","nombre":"Suarez","depto":"Tolima"},"geometry":{"type":"Polygon","coordinates":[[[-74.789,4.322],[-74.766,4.32],[-74.754,4.301],[-74.777,4.265],[-74.796,4.162],[-74.797,4.114],[-74.778,4.079],[-74.811,3.992],[-74.835,3.985],[-74.86,3.997],[-74.865,4.058],[-74.835,4.093],[-74.828,4.143],[-74.805,4.183],[-74.798,4.212],[-74.81,4.252],[-74.789,4.322]]]}},{"type":"Feature","properties":{"mpio":"76109","nombre":"Buenaventura","depto":"Valle Del Cauca"},"geometry":{"type":"Polygon","coordinates":[[[-77.514,4.335],[-77.473,4.34],[-77.441,4.319],[-77.428,4.323],[-77.411,4.372],[-77.395,4.383],[-77.36,4.306],[-77.332,4.302],[-77.295,4.324],[-77.246,4.302],[-77.185,4.251],[-77.132,4.243],[-77.062,4.251],[-77.034,4.239],[-76.968,4.199],[-76.864,4.007],[-76.844,3.991],[-76.763,3.989],[-76.825,3.921],[-76.816,3.851],[-76.851,3.83],[-76.868,3.796],[-76.932,3.78],[-76.879,3.709],[-76.832,3.687],[-76.803,3.636],[-76.767,3.479],[-76.748,3.453],[-76.847,3.186],[-76.963,3.17],[-76.989,3.199],[-77.009,3.203],[-77.072,3.184],[-77.22,3.217],[-77.277,3.204],[-77.279,3.241],[-77.323,3.265],[-77.335,3.291],[-77.404,3.285],[-77.479,3.375],[-77.56,3.362],[-77.609,3.388],[-77.578,3.427],[-77.527,3.46],[-77.533,3.472],[-77.507,3.494],[-77.472,3.492],[-77.467,3.514],[-77.438,3.518],[-77.426,3.532],[-77.417,3.609],[-77.437,3.616],[-77.387,3.694],[-77.285,3.742],[-77.269,3.776],[-77.241,3.789],[-77.245,3.831],[-77.268,3.822],[-77.253,3.946],[-77.198,3.941],[-77.172,4.02],[-77.139,4.041],[-77.36,3.989],[-77.422,4.003],[-77.393,4.035],[-77.404,4.048],[-77.414,4.036],[-77.441,4.054],[-77.447,4.078],[-77.408,4.09],[-77.4,4.114],[-77.384,4.113],[-77.387,4.093],[-77.343,4.117],[-77.355,4.122],[-77.346,4.196],[-77.384,4.232],[-77.403,4.233],[-77.414,4.215],[-77.44,4.207],[-77.465,4.1],[-77.493,4.075],[-77.571,4.167],[-77.578,4.257],[-77.54,4.278],[-77.514,4.335]]]}},{"type":"Feature","properties":{"mpio":"25524","nombre":"Pandi","depto":"Cundinamarca"},"geometry":{"type":"Polygon","coordinates":[[[-74.513,4.289],[-74.476,4.284],[-74.435,4.251],[-74.415,4.182],[-74.383,4.158],[-74.379,4.145],[-74.439,4.142],[-74.469,4.155],[-74.47,4.194],[-74.506,4.253],[-74.513,4.289]]]}},{"type":"Feature","properties":{"mpio":"73148","nombre":"Carmen De Apicala","depto":"Tolima"},"geometry":{"type":"Polygon","coordinates":[[[-74.656,4.19],[-74.725,4.119],[-74.778,4.079],[-74.797,4.114],[-74.796,4.162],[-74.768,4.291],[-74.758,4.297],[-74.762,4.268],[-74.751,4.257],[-74.715,4.248],[-74.698,4.216],[-74.668,4.212],[-74.656,4.19]]]}},{"type":"Feature","properties":{"mpio":"76036","nombre":"Andalucia","depto":"Valle Del Cauca"},"geometry":{"type":"Polygon","coordinates":[[[-76.325,4.347],[-76.2,4.272],[-76.153,4.258],[-76.105,4.195],[-76.058,4.192],[-76.049,4.208],[-76.009,4.145],[-76.067,4.144],[-76.115,4.158],[-76.216,4.212],[-76.292,4.271],[-76.335,4.289],[-76.325,4.347]]]}},{"type":"Feature","properties":{"mpio":"73268","nombre":"Espinal","depto":"Tolima"},"geometry":{"type":"Polygon","coordinates":[[[-75.056,4.301],[-75.011,4.28],[-74.887,4.297],[-74.853,4.263],[-74.81,4.252],[-74.798,4.212],[-74.809,4.169],[-74.822,4.155],[-74.896,4.162],[-74.96,4.21],[-74.992,4.258],[-75.056,4.301]]]}},{"type":"Feature","properties":{"mpio":"73319","nombre":"Guamo","depto":"Tolima"},"geometry":{"type":"Polygon","coordinates":[[[-75.053,4.291],[-74.992,4.258],[-74.96,4.21],[-74.896,4.162],[-74.822,4.155],[-74.835,4.093],[-74.865,4.058],[-74.925,4.043],[-74.961,4.008],[-75.048,4.003],[-75.083,4.084],[-75.069,4.167],[-75.101,4.217],[-75.065,4.254],[-75.053,4.291]]]}},{"type":"Feature","properties":{"mpio":"50006","nombre":"Acacias","depto":"Meta"},"geometry":{"type":"Polygon","coordinates":[[[-73.709,4.21],[-73.68,4.203],[-73.645,4.172],[-73.645,4.155],[-73.692,4.102],[-73.7,4.069],[-73.691,4.05],[-73.543,3.992],[-73.379,3.965],[-73.42,3.911],[-73.436,3.86],[-73.634,3.894],[-73.731,3.95],[-74.034,4.074],[-73.982,4.123],[-73.868,4.13],[-73.709,4.21]]]}},{"type":"Feature","properties":{"mpio":"25649","nombre":"San Bernardo","depto":"Cundinamarca"},"geometry":{"type":"Polygon","coordinates":[[[-74.423,4.231],[-74.383,4.224],[-74.206,4.221],[-74.221,4.161],[-74.269,4.137],[-74.341,4.136],[-74.353,4.112],[-74.377,4.119],[-74.378,4.153],[-74.415,4.182],[-74.423,4.231]]]}},{"type":"Feature","properties":{"mpio":"76616","nombre":"Riofrio","depto":"Valle Del Cauca"},"geometry":{"type":"Polygon","coordinates":[[[-76.346,4.292],[-76.34,4.268],[-76.389,4.23],[-76.396,4.178],[-76.449,4.184],[-76.519,4.14],[-76.579,4.248],[-76.521,4.291],[-76.401,4.275],[-76.369,4.297],[-76.346,4.292]]]}},{"type":"Feature","properties":{"mpio":"76834","nombre":"Tulua","depto":"Valle Del Cauca"},"geometry":{"type":"Polygon","coordinates":[[[-76.346,4.292],[-76.115,4.158],[-76.015,4.139],[-76.012,4.157],[-76.049,4.208],[-76.031,4.213],[-75.959,4.198],[-75.81,4.119],[-75.778,4.086],[-75.746,4.092],[-75.765,4.045],[-75.792,4.032],[-75.84,4.04],[-75.903,4.109],[-75.976,4.074],[-76.032,4.067],[-76.138,4.082],[-76.16,4.059],[-76.248,4.154],[-76.343,4.21],[-76.361,4.243],[-76.34,4.268],[-76.346,4.292]]]}},{"type":"Feature","properties":{"mpio":"76670","nombre":"San Pedro","depto":"Valle Del Cauca"},"geometry":{"type":"Polygon","coordinates":[[[-76.356,4.251],[-76.354,4.225],[-76.334,4.201],[-76.248,4.154],[-76.16,4.059],[-76.19,4.029],[-76.231,4.028],[-76.405,4.091],[-76.388,4.155],[-76.389,4.23],[-76.356,4.251]]]}},{"type":"Feature","properties":{"mpio":"73226","nombre":"Cunday","depto":"Tolima"},"geometry":{"type":"Polygon","coordinates":[[[-74.608,4.168],[-74.523,4.106],[-74.543,4.085],[-74.535,4.026],[-74.656,4.019],[-74.659,4.005],[-74.636,3.988],[-74.635,3.972],[-74.661,3.959],[-74.662,3.936],[-74.71,3.862],[-74.745,3.933],[-74.793,3.955],[-74.81,4.014],[-74.778,4.079],[-74.668,4.186],[-74.649,4.194],[-74.621,4.163],[-74.608,4.168]]]}},{"type":"Feature","properties":{"mpio":"76126","nombre":"Darien","depto":"Valle Del Cauca"},"geometry":{"type":"Polygon","coordinates":[[[-76.579,4.248],[-76.521,4.13],[-76.534,4.037],[-76.523,3.974],[-76.56,3.957],[-76.696,3.968],[-76.722,3.997],[-76.844,3.991],[-76.881,4.035],[-76.968,4.199],[-76.88,4.131],[-76.848,4.124],[-76.788,4.139],[-76.752,4.166],[-76.686,4.166],[-76.579,4.248]]]}},{"type":"Feature","properties":{"mpio":"73504","nombre":"Ortega","depto":"Tolima"},"geometry":{"type":"Polygon","coordinates":[[[-75.313,4.199],[-75.22,4.181],[-75.244,4.145],[-75.232,4.109],[-75.194,4.075],[-75.156,4.077],[-75.112,4.042],[-75.089,4.005],[-75.067,3.996],[-75.111,3.94],[-75.179,3.918],[-75.197,3.906],[-75.209,3.869],[-75.259,3.846],[-75.332,3.896],[-75.36,3.885],[-75.388,3.908],[-75.475,3.941],[-75.474,3.968],[-75.424,4.065],[-75.408,4.13],[-75.362,4.167],[-75.318,4.183],[-75.313,4.199]]]}},{"type":"Feature","properties":{"mpio":"25506","nombre":"Venecia","depto":"Cundinamarca"},"geometry":{"type":"Polygon","coordinates":[[[-74.379,4.145],[-74.377,4.119],[-74.353,4.112],[-74.373,4.088],[-74.358,4.054],[-74.397,4.064],[-74.416,4.049],[-74.496,4.052],[-74.504,4.097],[-74.469,4.155],[-74.439,4.142],[-74.379,4.145]]]}},{"type":"Feature","properties":{"mpio":"73675","nombre":"San Antonio","depto":"Tolima"},"geometry":{"type":"Polygon","coordinates":[[[-75.426,4.176],[-75.418,4.129],[-75.408,4.13],[-75.424,4.065],[-75.474,3.968],[-75.475,3.941],[-75.501,3.932],[-75.564,3.941],[-75.574,3.972],[-75.66,4.059],[-75.6,4.06],[-75.579,4.073],[-75.559,4.119],[-75.426,4.176]]]}},{"type":"Feature","properties":{"mpio":"76890","nombre":"Yotoco","depto":"Valle Del Cauca"},"geometry":{"type":"Polygon","coordinates":[[[-76.39,4.188],[-76.404,4.072],[-76.442,3.977],[-76.439,3.916],[-76.454,3.903],[-76.461,3.87],[-76.482,3.882],[-76.496,3.935],[-76.526,3.964],[-76.534,4.037],[-76.522,4.139],[-76.449,4.184],[-76.396,4.178],[-76.39,4.188]]]}},{"type":"Feature","properties":{"mpio":"50318","nombre":"Guamal","depto":"Meta"},"geometry":{"type":"Polygon","coordinates":[[[-74.034,4.074],[-73.62,3.893],[-73.649,3.799],[-73.674,3.83],[-73.728,3.858],[-73.834,3.874],[-73.93,3.871],[-73.994,3.905],[-74.155,3.938],[-74.188,4.028],[-74.165,4.045],[-74.059,4.059],[-74.034,4.074]]]}},{"type":"Feature","properties":{"mpio":"25120","nombre":"Cabrera","depto":"Cundinamarca"},"geometry":{"type":"Polygon","coordinates":[[[-74.358,4.054],[-74.337,3.998],[-74.338,3.929],[-74.388,3.828],[-74.47,3.715],[-74.479,3.765],[-74.46,3.794],[-74.466,3.811],[-74.522,3.858],[-74.487,3.962],[-74.515,4.031],[-74.496,4.052],[-74.416,4.049],[-74.397,4.064],[-74.358,4.054]]]}},{"type":"Feature","properties":{"mpio":"76111","nombre":"Buga","depto":"Valle Del Cauca"},"geometry":{"type":"Polygon","coordinates":[[[-76.19,4.029],[-76.138,4.082],[-76.032,4.067],[-75.976,4.074],[-75.903,4.109],[-75.842,4.042],[-75.87,4.038],[-75.903,4.004],[-75.972,3.854],[-76.005,3.853],[-76.131,3.909],[-76.225,3.934],[-76.268,3.93],[-76.305,3.941],[-76.369,3.908],[-76.439,3.916],[-76.442,3.977],[-76.405,4.091],[-76.231,4.028],[-76.19,4.029]]]}},{"type":"Feature","properties":{"mpio":"94001","nombre":"Inirida","depto":"Guainia"},"geometry":{"type":"Polygon","coordinates":[[[-67.34,3.058],[-67.34,3.002],[-67.306,2.929],[-67.326,2.882],[-67.359,2.859],[-67.45,2.84],[-67.566,2.733],[-67.707,2.671],[-67.714,2.54],[-67.63,2.433],[-67.628,2.341],[-67.665,2.352],[-67.734,2.41],[-67.785,2.418],[-67.86,2.345],[-67.875,2.298],[-67.895,2.292],[-67.917,2.299],[-67.957,2.339],[-68.012,2.339],[-68.138,2.382],[-68.177,2.368],[-68.197,2.282],[-68.31,2.252],[-68.337,2.229],[-68.373,2.227],[-68.393,2.205],[-68.553,2.243],[-68.6,2.144],[-68.627,2.12],[-68.68,2.119],[-68.73,2.071],[-68.761,1.92],[-68.724,1.833],[-68.752,1.82],[-68.756,1.782],[-68.791,1.808],[-68.87,1.934],[-68.935,1.994],[-69.017,2.189],[-69.084,2.269],[-69.106,2.348],[-69.026,2.403],[-69.024,2.438],[-69.069,2.51],[-69.045,2.579],[-68.945,2.593],[-68.889,2.636],[-68.717,2.633],[-68.666,2.675],[-68.558,2.691],[-68.502,2.669],[-68.445,2.621],[-68.339,2.642],[-68.229,2.641],[-68.14,2.681],[-68.097,2.688],[-68.058,2.673],[-68.026,2.746],[-67.994,2.752],[-67.992,2.773],[-68.053,2.8],[-68.103,2.81],[-68.189,2.798],[-68.246,2.821],[-68.299,2.866],[-68.373,2.981],[-68.436,3.019],[-68.599,3.023],[-68.609,3.053],[-68.6,3.105],[-68.611,3.137],[-68.593,3.159],[-68.622,3.213],[-68.546,3.201],[-68.536,3.24],[-68.516,3.252],[-68.492,3.237],[-68.412,3.23],[-68.432,3.254],[-68.411,3.263],[-68.39,3.233],[-68.333,3.238],[-68.302,3.219],[-68.316,3.259],[-68.264,3.225],[-68.259,3.258],[-68.231,3.277],[-68.184,3.282],[-68.184,3.305],[-68.132,3.277],[-68.13,3.295],[-68.168,3.325],[-68.168,3.344],[-68.089,3.334],[-68.091,3.38],[-68.072,3.41],[-67.948,3.362],[-67.932,3.366],[-67.931,3.38],[-67.953,3.4],[-67.857,3.379],[-67.859,3.336],[-67.84,3.332],[-67.821,3.358],[-67.809,3.356],[-67.807,3.326],[-67.793,3.329],[-67.761,3.382],[-67.748,3.376],[-67.747,3.351],[-67.656,3.308],[-67.633,3.263],[-67.491,3.341],[-67.448,3.345],[-67.426,3.366],[-67.418,3.257],[-67.382,3.103],[-67.34,3.058]]]}},{"type":"Feature","properties":{"mpio":"73168","nombre":"Chaparral","depto":"Tolima"},"geometry":{"type":"Polygon","coordinates":[[[-75.66,4.059],[-75.574,3.972],[-75.564,3.941],[-75.457,3.938],[-75.36,3.885],[-75.332,3.896],[-75.259,3.846],[-75.362,3.729],[-75.405,3.667],[-75.428,3.608],[-75.47,3.559],[-75.564,3.546],[-75.609,3.666],[-75.634,3.661],[-75.674,3.677],[-75.716,3.74],[-75.78,3.781],[-75.812,3.819],[-75.891,3.789],[-75.992,3.787],[-75.961,3.893],[-75.89,4.022],[-75.856,4.047],[-75.792,4.032],[-75.773,4.038],[-75.746,4.092],[-75.72,4.072],[-75.66,4.059]]]}},{"type":"Feature","properties":{"mpio":"73585","nombre":"Purificacion","depto":"Tolima"},"geometry":{"type":"Polygon","coordinates":[[[-74.865,4.058],[-74.86,3.997],[-74.835,3.985],[-74.811,3.992],[-74.779,3.941],[-74.757,3.946],[-74.745,3.933],[-74.712,3.872],[-74.718,3.842],[-74.76,3.848],[-74.811,3.873],[-74.818,3.858],[-74.852,3.869],[-74.857,3.896],[-74.902,3.866],[-74.947,3.875],[-74.966,3.803],[-75.01,3.819],[-75.027,3.833],[-75.023,3.905],[-74.991,3.949],[-74.917,3.994],[-74.925,4.043],[-74.865,4.058]]]}},{"type":"Feature","properties":{"mpio":"50223","nombre":"San Luis De Cubarral","depto":"Meta"},"geometry":{"type":"Polygon","coordinates":[[[-73.679,3.832],[-73.686,3.806],[-73.662,3.716],[-73.694,3.72],[-73.763,3.685],[-73.905,3.661],[-74.014,3.696],[-74.197,3.72],[-74.293,3.703],[-74.382,3.67],[-74.44,3.63],[-74.448,3.599],[-74.484,3.599],[-74.504,3.625],[-74.47,3.715],[-74.433,3.702],[-74.389,3.72],[-74.369,3.773],[-74.279,3.863],[-74.278,3.913],[-74.226,3.96],[-74.19,4.022],[-74.166,3.985],[-74.167,3.95],[-74.155,3.938],[-73.994,3.905],[-73.93,3.871],[-73.779,3.868],[-73.679,3.832]]]}},{"type":"Feature","properties":{"mpio":"50680","nombre":"San Carlos De Guaroa","depto":"Meta"},"geometry":{"type":"Polygon","coordinates":[[[-73.062,3.892],[-73.001,3.903],[-72.946,3.886],[-72.933,3.869],[-72.951,3.854],[-72.915,3.835],[-72.909,3.665],[-72.881,3.634],[-72.914,3.588],[-72.905,3.575],[-72.923,3.553],[-73.07,3.626],[-73.283,3.658],[-73.33,3.868],[-73.384,3.855],[-73.436,3.86],[-73.42,3.911],[-73.379,3.965],[-73.311,3.954],[-73.208,3.914],[-73.141,3.924],[-73.105,3.899],[-73.062,3.892]]]}},{"type":"Feature","properties":{"mpio":"73873","nombre":"Villarrica","depto":"Tolima"},"geometry":{"type":"Polygon","coordinates":[[[-74.535,4.026],[-74.513,4.018],[-74.487,3.962],[-74.56,3.773],[-74.62,3.725],[-74.607,3.77],[-74.631,3.779],[-74.749,3.725],[-74.755,3.761],[-74.718,3.816],[-74.745,3.82],[-74.717,3.835],[-74.717,3.858],[-74.662,3.936],[-74.661,3.959],[-74.635,3.972],[-74.636,3.988],[-74.659,4.005],[-74.656,4.019],[-74.535,4.026]]]}},{"type":"Feature","properties":{"mpio":"73671","nombre":"Salda¥A","depto":"Tolima"},"geometry":{"type":"Polygon","coordinates":[[[-75.073,3.992],[-74.961,4.008],[-74.928,4.03],[-74.913,4.004],[-74.991,3.949],[-75.009,3.913],[-75.074,3.9],[-75.085,3.968],[-75.073,3.992]]]}},{"type":"Feature","properties":{"mpio":"73217","nombre":"Coyaima","depto":"Tolima"},"geometry":{"type":"Polygon","coordinates":[[[-75.009,3.913],[-75.023,3.905],[-75.027,3.833],[-74.966,3.803],[-74.984,3.753],[-75.098,3.725],[-75.12,3.747],[-75.198,3.766],[-75.253,3.676],[-75.28,3.668],[-75.293,3.685],[-75.336,3.7],[-75.348,3.745],[-75.312,3.774],[-75.27,3.842],[-75.209,3.869],[-75.197,3.906],[-75.179,3.918],[-75.111,3.94],[-75.085,3.968],[-75.074,3.9],[-75.009,3.913]]]}},{"type":"Feature","properties":{"mpio":"50150","nombre":"Castilla La Nueva","depto":"Meta"},"geometry":{"type":"Polygon","coordinates":[[[-73.62,3.893],[-73.457,3.87],[-73.433,3.854],[-73.33,3.868],[-73.285,3.665],[-73.412,3.696],[-73.647,3.797],[-73.62,3.893]]]}},{"type":"Feature","properties":{"mpio":"76233","nombre":"Dagua","depto":"Valle Del Cauca"},"geometry":{"type":"Polygon","coordinates":[[[-76.696,3.968],[-76.687,3.935],[-76.655,3.912],[-76.674,3.886],[-76.709,3.748],[-76.679,3.728],[-76.66,3.678],[-76.644,3.669],[-76.705,3.581],[-76.75,3.457],[-76.767,3.479],[-76.803,3.636],[-76.832,3.687],[-76.879,3.709],[-76.932,3.78],[-76.868,3.796],[-76.851,3.83],[-76.816,3.851],[-76.825,3.921],[-76.764,3.992],[-76.722,3.997],[-76.696,3.968]]]}},{"type":"Feature","properties":{"mpio":"50689","nombre":"San Martin","depto":"Meta"},"geometry":{"type":"Polygon","coordinates":[[[-73.649,3.799],[-73.412,3.696],[-73.283,3.658],[-73.07,3.626],[-72.923,3.553],[-72.905,3.575],[-72.914,3.588],[-72.881,3.634],[-72.642,3.789],[-72.579,3.79],[-72.518,3.765],[-72.273,3.628],[-72.195,3.65],[-72.212,3.509],[-72.231,3.473],[-72.265,3.45],[-72.264,3.402],[-72.288,3.389],[-72.305,3.346],[-72.306,3.319],[-72.267,3.26],[-72.287,3.241],[-72.522,3.183],[-72.603,3.187],[-72.729,3.172],[-72.791,3.186],[-72.883,3.174],[-72.986,3.228],[-73.029,3.283],[-73.12,3.322],[-73.137,3.365],[-73.21,3.439],[-73.274,3.453],[-73.299,3.451],[-73.324,3.332],[-73.345,3.316],[-73.395,3.376],[-73.442,3.387],[-73.515,3.427],[-73.539,3.45],[-73.562,3.512],[-73.627,3.578],[-73.646,3.588],[-73.682,3.584],[-73.686,3.639],[-73.668,3.66],[-73.673,3.688],[-73.662,3.716],[-73.686,3.806],[-73.679,3.832],[-73.649,3.799]]]}},{"type":"Feature","properties":{"mpio":"76606","nombre":"Restrepo","depto":"Valle Del Cauca"},"geometry":{"type":"Polygon","coordinates":[[[-76.696,3.968],[-76.59,3.955],[-76.526,3.964],[-76.586,3.836],[-76.636,3.862],[-76.646,3.903],[-76.687,3.935],[-76.696,3.968]]]}},{"type":"Feature","properties":{"mpio":"76869","nombre":"Vijes","depto":"Valle Del Cauca"},"geometry":{"type":"Polygon","coordinates":[[[-76.465,3.872],[-76.471,3.835],[-76.517,3.757],[-76.543,3.773],[-76.576,3.773],[-76.586,3.836],[-76.526,3.964],[-76.496,3.935],[-76.488,3.892],[-76.465,3.872]]]}},{"type":"Feature","properties":{"mpio":"76318","nombre":"Guacari","depto":"Valle Del Cauca"},"geometry":{"type":"Polygon","coordinates":[[[-76.439,3.916],[-76.369,3.908],[-76.295,3.942],[-76.268,3.93],[-76.225,3.934],[-76.208,3.922],[-76.207,3.901],[-76.252,3.869],[-76.369,3.849],[-76.381,3.819],[-76.461,3.87],[-76.454,3.903],[-76.439,3.916]]]}},{"type":"Feature","properties":{"mpio":"73563","nombre":"Prado","depto":"Tolima"},"geometry":{"type":"Polygon","coordinates":[[[-74.718,3.842],[-74.782,3.773],[-74.803,3.734],[-74.822,3.721],[-74.848,3.725],[-74.867,3.705],[-74.91,3.689],[-74.931,3.73],[-74.975,3.735],[-74.984,3.748],[-74.967,3.778],[-74.947,3.875],[-74.902,3.866],[-74.851,3.894],[-74.852,3.869],[-74.818,3.858],[-74.811,3.873],[-74.76,3.848],[-74.718,3.842]]]}},{"type":"Feature","properties":{"mpio":"76306","nombre":"Ginebra","depto":"Valle Del Cauca"},"geometry":{"type":"Polygon","coordinates":[[[-76.208,3.922],[-76.194,3.929],[-76.088,3.887],[-76.173,3.807],[-76.233,3.79],[-76.28,3.787],[-76.307,3.806],[-76.381,3.819],[-76.369,3.849],[-76.216,3.885],[-76.208,3.922]]]}},{"type":"Feature","properties":{"mpio":"41206","nombre":"Colombia","depto":"Huila"},"geometry":{"type":"Polygon","coordinates":[[[-74.717,3.645],[-74.56,3.773],[-74.53,3.863],[-74.466,3.811],[-74.46,3.794],[-74.479,3.765],[-74.466,3.733],[-74.473,3.684],[-74.568,3.525],[-74.57,3.357],[-74.583,3.318],[-74.656,3.231],[-74.674,3.159],[-74.789,3.106],[-74.809,3.118],[-74.849,3.183],[-74.847,3.262],[-74.864,3.296],[-74.911,3.324],[-74.749,3.477],[-74.756,3.515],[-74.773,3.532],[-74.766,3.563],[-74.722,3.602],[-74.717,3.645]]]}},{"type":"Feature","properties":{"mpio":"76377","nombre":"La Cumbre","depto":"Valle Del Cauca"},"geometry":{"type":"Polygon","coordinates":[[[-76.586,3.836],[-76.576,3.752],[-76.654,3.668],[-76.67,3.716],[-76.705,3.742],[-76.71,3.761],[-76.667,3.902],[-76.652,3.911],[-76.636,3.862],[-76.586,3.836]]]}},{"type":"Feature","properties":{"mpio":"76248","nombre":"El Cerrito","depto":"Valle Del Cauca"},"geometry":{"type":"Polygon","coordinates":[[[-76.461,3.87],[-76.372,3.814],[-76.307,3.806],[-76.28,3.787],[-76.173,3.807],[-76.088,3.887],[-76.005,3.853],[-75.972,3.854],[-75.992,3.787],[-76.035,3.827],[-76.065,3.8],[-76.1,3.734],[-76.123,3.723],[-76.181,3.712],[-76.29,3.731],[-76.335,3.716],[-76.372,3.718],[-76.499,3.787],[-76.517,3.757],[-76.461,3.87]]]}},{"type":"Feature","properties":{"mpio":"73236","nombre":"Dolores","depto":"Tolima"},"geometry":{"type":"Polygon","coordinates":[[[-74.738,3.816],[-74.718,3.816],[-74.755,3.761],[-74.749,3.725],[-74.708,3.735],[-74.661,3.773],[-74.607,3.77],[-74.62,3.725],[-74.717,3.645],[-74.722,3.602],[-74.766,3.563],[-74.773,3.532],[-74.746,3.487],[-74.772,3.453],[-74.821,3.494],[-74.828,3.54],[-74.966,3.539],[-74.994,3.559],[-74.996,3.607],[-74.98,3.625],[-74.935,3.639],[-74.91,3.698],[-74.91,3.689],[-74.867,3.705],[-74.848,3.725],[-74.822,3.721],[-74.803,3.734],[-74.782,3.773],[-74.738,3.816]]]}},{"type":"Feature","properties":{"mpio":"94886","nombre":"Cacahual","depto":"Guainia"},"geometry":{"type":"Polygon","coordinates":[[[-67.339,2.403],[-67.363,2.422],[-67.389,2.423],[-67.435,2.374],[-67.555,2.359],[-67.605,2.337],[-67.628,2.341],[-67.63,2.433],[-67.714,2.54],[-67.712,2.651],[-67.691,2.685],[-67.566,2.733],[-67.45,2.84],[-67.359,2.859],[-67.326,2.882],[-67.306,2.929],[-67.34,3.002],[-67.34,3.058],[-67.278,3.06],[-67.266,3.072],[-67.235,3.053],[-67.198,2.965],[-67.188,2.877],[-67.159,2.809],[-67.165,2.771],[-67.087,2.697],[-67.078,2.616],[-67.102,2.575],[-67.141,2.551],[-67.146,2.507],[-67.194,2.513],[-67.339,2.403]]]}},{"type":"Feature","properties":{"mpio":"76520","nombre":"Palmira","depto":"Valle Del Cauca"},"geometry":{"type":"Polygon","coordinates":[[[-76.517,3.757],[-76.499,3.787],[-76.372,3.718],[-76.314,3.718],[-76.29,3.731],[-76.181,3.712],[-76.1,3.734],[-76.065,3.8],[-76.035,3.827],[-76.021,3.822],[-75.992,3.787],[-76.016,3.697],[-76.022,3.568],[-76.029,3.556],[-76.257,3.589],[-76.353,3.562],[-76.434,3.578],[-76.447,3.564],[-76.52,3.554],[-76.538,3.577],[-76.541,3.658],[-76.521,3.678],[-76.517,3.757]]]}},{"type":"Feature","properties":{"mpio":"73616","nombre":"Rioblanco","depto":"Tolima"},"geometry":{"type":"Polygon","coordinates":[[[-75.583,3.585],[-75.602,3.559],[-75.625,3.571],[-75.665,3.566],[-75.729,3.526],[-75.798,3.451],[-75.866,3.449],[-75.92,3.403],[-76.048,3.265],[-76.041,3.123],[-76.062,3.118],[-76.086,3.184],[-76.088,3.324],[-76.024,3.529],[-76.016,3.697],[-75.992,3.787],[-75.891,3.789],[-75.812,3.819],[-75.78,3.781],[-75.716,3.74],[-75.674,3.677],[-75.634,3.661],[-75.609,3.666],[-75.583,3.585]]]}},{"type":"Feature","properties":{"mpio":"50270","nombre":"El Dorado","depto":"Meta"},"geometry":{"type":"Polygon","coordinates":[[[-73.662,3.716],[-73.673,3.688],[-73.668,3.66],[-73.686,3.639],[-73.684,3.611],[-73.721,3.605],[-73.781,3.647],[-73.792,3.681],[-73.694,3.72],[-73.662,3.716]]]}},{"type":"Feature","properties":{"mpio":"94343","nombre":"Barranco Minas","depto":"Guainia"},"geometry":{"type":"Polygon","coordinates":[[[-68.599,3.155],[-68.611,3.137],[-68.6,3.105],[-68.609,3.053],[-68.599,3.023],[-68.436,3.019],[-68.373,2.981],[-68.299,2.866],[-68.246,2.821],[-68.189,2.798],[-68.103,2.81],[-68.053,2.8],[-67.992,2.773],[-67.994,2.752],[-68.026,2.746],[-68.058,2.673],[-68.097,2.688],[-68.14,2.681],[-68.229,2.641],[-68.339,2.642],[-68.445,2.621],[-68.502,2.669],[-68.558,2.691],[-68.666,2.675],[-68.717,2.633],[-68.889,2.636],[-68.945,2.593],[-69.045,2.579],[-69.069,2.51],[-69.024,2.438],[-69.026,2.403],[-69.102,2.349],[-69.163,2.393],[-69.214,2.39],[-69.239,2.358],[-69.342,2.411],[-69.476,2.395],[-69.557,2.404],[-69.608,2.263],[-69.71,2.276],[-69.7,2.526],[-69.868,3.048],[-69.846,3.052],[-69.821,3.005],[-69.795,2.999],[-69.752,3.019],[-69.773,3.062],[-69.765,3.083],[-69.685,3.021],[-69.668,3.058],[-69.691,3.124],[-69.721,3.155],[-69.716,3.167],[-69.676,3.139],[-69.632,3.066],[-69.613,3.062],[-69.656,3.146],[-69.645,3.165],[-69.622,3.151],[-69.606,3.11],[-69.578,3.166],[-69.525,3.148],[-69.54,3.183],[-69.508,3.179],[-69.495,3.128],[-69.46,3.171],[-69.435,3.155],[-69.413,3.179],[-69.402,3.153],[-69.39,3.158],[-69.378,3.237],[-69.389,3.262],[-69.305,3.259],[-69.289,3.252],[-69.284,3.231],[-69.25,3.285],[-69.181,3.222],[-69.111,3.251],[-69.068,3.254],[-69.084,3.186],[-69.045,3.198],[-69.05,3.265],[-69.02,3.245],[-69.02,3.213],[-68.998,3.216],[-68.989,3.238],[-68.969,3.214],[-68.946,3.215],[-68.941,3.2],[-68.973,3.177],[-68.957,3.166],[-68.887,3.201],[-68.875,3.167],[-68.847,3.171],[-68.829,3.151],[-68.791,3.18],[-68.75,3.19],[-68.709,3.176],[-68.714,3.237],[-68.7,3.238],[-68.687,3.196],[-68.599,3.155]]]}},{"type":"Feature","properties":{"mpio":"73483","nombre":"Natagaima","depto":"Tolima"},"geometry":{"type":"Polygon","coordinates":[[[-74.984,3.753],[-74.975,3.735],[-74.931,3.73],[-74.91,3.698],[-74.935,3.639],[-74.992,3.615],[-75.011,3.491],[-75.026,3.48],[-75.053,3.496],[-75.154,3.468],[-75.183,3.436],[-75.207,3.467],[-75.229,3.468],[-75.247,3.461],[-75.254,3.428],[-75.309,3.463],[-75.283,3.511],[-75.261,3.525],[-75.259,3.551],[-75.293,3.62],[-75.296,3.648],[-75.242,3.686],[-75.198,3.766],[-75.12,3.747],[-75.098,3.725],[-74.984,3.753]]]}},{"type":"Feature","properties":{"mpio":"50370","nombre":"La Uribe","depto":"Meta"},"geometry":{"type":"Polygon","coordinates":[[[-74.197,3.72],[-74.194,3.626],[-74.163,3.566],[-74.195,3.559],[-74.195,3.353],[-74.221,3.311],[-74.241,3.166],[-74.207,2.987],[-74.13,2.909],[-74.124,2.821],[-74.071,2.805],[-74.009,2.69],[-73.846,2.534],[-73.882,2.509],[-73.894,2.539],[-73.936,2.564],[-73.941,2.579],[-73.977,2.553],[-74.115,2.58],[-74.17,2.569],[-74.204,2.58],[-74.313,2.581],[-74.415,2.539],[-74.451,2.462],[-74.555,2.501],[-74.612,2.504],[-74.617,2.563],[-74.532,2.695],[-74.539,2.808],[-74.703,2.911],[-74.859,2.988],[-74.856,3.018],[-74.792,3.104],[-74.674,3.159],[-74.656,3.231],[-74.592,3.298],[-74.57,3.357],[-74.568,3.525],[-74.504,3.625],[-74.484,3.599],[-74.448,3.599],[-74.44,3.63],[-74.382,3.67],[-74.293,3.703],[-74.197,3.72]]]}},{"type":"Feature","properties":{"mpio":"50400","nombre":"Lejanias","depto":"Meta"},"geometry":{"type":"Polygon","coordinates":[[[-74.197,3.72],[-74.139,3.714],[-74.062,3.578],[-73.996,3.528],[-73.935,3.507],[-73.81,3.501],[-73.772,3.432],[-73.701,3.394],[-73.684,3.347],[-73.864,3.342],[-73.938,3.296],[-73.961,3.296],[-73.989,3.323],[-74.056,3.352],[-74.102,3.411],[-74.128,3.507],[-74.184,3.6],[-74.197,3.72]]]}},{"type":"Feature","properties":{"mpio":"50251","nombre":"El Castillo","depto":"Meta"},"geometry":{"type":"Polygon","coordinates":[[[-73.792,3.681],[-73.781,3.647],[-73.736,3.613],[-73.709,3.603],[-73.684,3.611],[-73.674,3.536],[-73.69,3.506],[-73.855,3.497],[-73.996,3.528],[-74.062,3.578],[-74.139,3.714],[-74.014,3.696],[-73.905,3.661],[-73.792,3.681]]]}},{"type":"Feature","properties":{"mpio":"76892","nombre":"Yumbo","depto":"Valle Del Cauca"},"geometry":{"type":"Polygon","coordinates":[[[-76.573,3.771],[-76.543,3.773],[-76.517,3.757],[-76.521,3.678],[-76.541,3.658],[-76.538,3.577],[-76.644,3.669],[-76.601,3.735],[-76.576,3.752],[-76.573,3.771]]]}},{"type":"Feature","properties":{"mpio":"73067","nombre":"Ataco","depto":"Tolima"},"geometry":{"type":"Polygon","coordinates":[[[-75.347,3.735],[-75.336,3.7],[-75.277,3.669],[-75.299,3.637],[-75.259,3.551],[-75.261,3.525],[-75.283,3.511],[-75.309,3.463],[-75.371,3.465],[-75.386,3.431],[-75.438,3.409],[-75.456,3.379],[-75.511,3.357],[-75.575,3.305],[-75.58,3.268],[-75.563,3.231],[-75.577,3.216],[-75.626,3.44],[-75.641,3.439],[-75.701,3.349],[-75.771,3.341],[-75.752,3.425],[-75.805,3.45],[-75.779,3.464],[-75.729,3.526],[-75.665,3.566],[-75.625,3.571],[-75.602,3.559],[-75.588,3.585],[-75.555,3.542],[-75.47,3.559],[-75.428,3.608],[-75.405,3.667],[-75.362,3.729],[-75.347,3.735]]]}},{"type":"Feature","properties":{"mpio":"50313","nombre":"Granada","depto":"Meta"},"geometry":{"type":"Polygon","coordinates":[[[-73.682,3.584],[-73.646,3.588],[-73.627,3.578],[-73.576,3.527],[-73.603,3.487],[-73.701,3.394],[-73.772,3.432],[-73.81,3.501],[-73.69,3.506],[-73.674,3.536],[-73.682,3.584]]]}},{"type":"Feature","properties":{"mpio":"76001","nombre":"Cali","depto":"Valle Del Cauca"},"geometry":{"type":"Polygon","coordinates":[[[-76.538,3.577],[-76.51,3.539],[-76.506,3.418],[-76.533,3.393],[-76.526,3.388],[-76.626,3.399],[-76.666,3.428],[-76.741,3.442],[-76.748,3.453],[-76.705,3.581],[-76.648,3.667],[-76.538,3.577]]]}},{"type":"Feature","properties":{"mpio":"50330","nombre":"Mesetas","depto":"Meta"},"geometry":{"type":"Polygon","coordinates":[[[-74.163,3.566],[-74.128,3.507],[-74.084,3.383],[-74.056,3.352],[-73.989,3.323],[-73.961,3.296],[-73.938,3.296],[-73.92,3.268],[-73.92,3.226],[-73.952,3.183],[-73.979,3.112],[-73.94,2.919],[-73.958,2.874],[-73.908,2.836],[-73.869,2.748],[-73.892,2.728],[-73.856,2.684],[-73.867,2.637],[-73.86,2.549],[-74.009,2.69],[-74.071,2.805],[-74.124,2.821],[-74.13,2.909],[-74.207,2.987],[-74.241,3.166],[-74.221,3.311],[-74.195,3.353],[-74.195,3.559],[-74.163,3.566]]]}},{"type":"Feature","properties":{"mpio":"50287","nombre":"Fuente De Oro","depto":"Meta"},"geometry":{"type":"Polygon","coordinates":[[[-73.576,3.527],[-73.539,3.45],[-73.515,3.427],[-73.442,3.387],[-73.395,3.376],[-73.345,3.316],[-73.392,3.273],[-73.495,3.243],[-73.503,3.214],[-73.461,3.17],[-73.485,3.156],[-73.539,3.168],[-73.688,3.301],[-73.697,3.341],[-73.684,3.347],[-73.699,3.402],[-73.603,3.487],[-73.576,3.527]]]}},{"type":"Feature","properties":{"mpio":"73024","nombre":"Alpujarra","depto":"Tolima"},"geometry":{"type":"Polygon","coordinates":[[[-74.994,3.559],[-74.955,3.536],[-74.828,3.54],[-74.821,3.494],[-74.772,3.453],[-74.911,3.324],[-74.99,3.321],[-75.061,3.347],[-75.067,3.366],[-75.004,3.428],[-75.026,3.48],[-75.006,3.5],[-74.994,3.559]]]}},{"type":"Feature","properties":{"mpio":"76563","nombre":"Pradera","depto":"Valle Del Cauca"},"geometry":{"type":"Polygon","coordinates":[[[-76.353,3.562],[-76.257,3.589],[-76.029,3.556],[-76.022,3.568],[-76.03,3.506],[-76.067,3.41],[-76.105,3.452],[-76.148,3.474],[-76.183,3.462],[-76.231,3.473],[-76.258,3.462],[-76.362,3.482],[-76.353,3.562]]]}},{"type":"Feature","properties":{"mpio":"50577","nombre":"Puerto Lleras","depto":"Meta"},"geometry":{"type":"Polygon","coordinates":[[[-73.392,3.273],[-73.324,3.332],[-73.299,3.451],[-73.21,3.439],[-73.137,3.365],[-73.12,3.322],[-73.029,3.283],[-72.986,3.228],[-72.937,3.2],[-72.883,3.174],[-72.736,3.181],[-72.74,3.118],[-72.779,3.062],[-72.804,2.977],[-72.868,2.987],[-72.943,3.017],[-73.01,3.069],[-73.142,3.007],[-73.188,3.001],[-73.322,3.065],[-73.379,3.074],[-73.398,3.14],[-73.451,3.154],[-73.464,3.184],[-73.503,3.214],[-73.503,3.233],[-73.392,3.273]]]}},{"type":"Feature","properties":{"mpio":"76130","nombre":"Candelaria","depto":"Valle Del Cauca"},"geometry":{"type":"Polygon","coordinates":[[[-76.52,3.554],[-76.447,3.564],[-76.434,3.578],[-76.353,3.562],[-76.362,3.482],[-76.4,3.403],[-76.398,3.386],[-76.469,3.42],[-76.506,3.418],[-76.51,3.539],[-76.52,3.554]]]}},{"type":"Feature","properties":{"mpio":"50325","nombre":"Mapiripan","depto":"Meta"},"geometry":{"type":"Polygon","coordinates":[[[-72.267,3.26],[-72.23,3.243],[-72.134,3.237],[-72.122,3.264],[-72.108,3.269],[-71.822,3.304],[-71.801,3.289],[-71.789,3.259],[-71.702,3.238],[-71.658,3.279],[-71.497,3.308],[-71.348,3.276],[-71.245,3.286],[-71.141,3.235],[-71.059,3.24],[-71.023,3.215],[-71.0,3.169],[-70.939,3.13],[-70.947,2.62],[-70.975,2.615],[-71.004,2.632],[-71.02,2.618],[-71.057,2.635],[-71.115,2.624],[-71.144,2.631],[-71.179,2.675],[-71.226,2.634],[-71.239,2.653],[-71.253,2.619],[-71.277,2.622],[-71.335,2.66],[-71.351,2.64],[-71.413,2.654],[-71.453,2.646],[-71.459,2.634],[-71.542,2.636],[-71.54,2.656],[-71.595,2.658],[-71.648,2.697],[-71.657,2.651],[-71.682,2.664],[-71.702,2.65],[-71.83,2.644],[-71.877,2.626],[-71.903,2.651],[-71.982,2.675],[-72.024,2.728],[-72.057,2.707],[-72.096,2.705],[-72.074,2.614],[-72.093,2.601],[-72.152,2.657],[-72.166,2.653],[-72.168,2.631],[-72.223,2.638],[-72.26,2.618],[-72.481,2.724],[-72.586,2.723],[-72.679,2.764],[-72.763,2.77],[-72.794,2.797],[-72.802,3.005],[-72.74,3.118],[-72.729,3.172],[-72.455,3.192],[-72.387,3.224],[-72.287,3.241],[-72.267,3.26]]]}},{"type":"Feature","properties":{"mpio":"41872","nombre":"Villavieja","depto":"Huila"},"geometry":{"type":"Polygon","coordinates":[[[-75.026,3.48],[-75.007,3.418],[-75.067,3.366],[-75.049,3.338],[-75.016,3.335],[-74.988,3.311],[-75.005,3.281],[-75.083,3.236],[-75.055,3.175],[-75.073,3.164],[-75.141,3.179],[-75.193,3.224],[-75.224,3.195],[-75.267,3.196],[-75.257,3.239],[-75.225,3.261],[-75.218,3.294],[-75.241,3.361],[-75.214,3.419],[-75.172,3.44],[-75.154,3.468],[-75.053,3.496],[-75.026,3.48]]]}},{"type":"Feature","properties":{"mpio":"41016","nombre":"Aipe","depto":"Huila"},"geometry":{"type":"Polygon","coordinates":[[[-75.309,3.463],[-75.254,3.428],[-75.247,3.461],[-75.215,3.471],[-75.183,3.436],[-75.214,3.419],[-75.241,3.361],[-75.218,3.294],[-75.225,3.261],[-75.257,3.239],[-75.294,3.156],[-75.358,3.164],[-75.394,3.191],[-75.393,3.258],[-75.364,3.31],[-75.373,3.33],[-75.401,3.308],[-75.472,3.315],[-75.5,3.275],[-75.57,3.249],[-75.581,3.295],[-75.523,3.348],[-75.456,3.379],[-75.438,3.409],[-75.386,3.431],[-75.371,3.465],[-75.309,3.463]]]}},{"type":"Feature","properties":{"mpio":"76275","nombre":"Florida","depto":"Valle Del Cauca"},"geometry":{"type":"Polygon","coordinates":[[[-76.362,3.482],[-76.258,3.462],[-76.231,3.473],[-76.183,3.462],[-76.148,3.474],[-76.105,3.452],[-76.067,3.41],[-76.061,3.416],[-76.088,3.303],[-76.159,3.312],[-76.26,3.373],[-76.398,3.386],[-76.4,3.403],[-76.362,3.482]]]}},{"type":"Feature","properties":{"mpio":"73555","nombre":"Planadas","depto":"Tolima"},"geometry":{"type":"Polygon","coordinates":[[[-75.805,3.45],[-75.752,3.425],[-75.775,3.356],[-75.759,3.34],[-75.701,3.349],[-75.641,3.439],[-75.626,3.44],[-75.584,3.216],[-75.661,3.204],[-75.732,3.157],[-75.759,3.113],[-75.798,3.13],[-75.827,3.122],[-75.871,3.058],[-75.981,3.054],[-76.037,3.087],[-76.055,3.113],[-76.041,3.123],[-76.037,3.185],[-76.048,3.265],[-75.881,3.44],[-75.845,3.454],[-75.805,3.45]]]}},{"type":"Feature","properties":{"mpio":"76364","nombre":"Jamundi","depto":"Valle Del Cauca"},"geometry":{"type":"Polygon","coordinates":[[[-76.748,3.453],[-76.741,3.442],[-76.666,3.428],[-76.626,3.399],[-76.526,3.388],[-76.509,3.372],[-76.515,3.35],[-76.497,3.34],[-76.53,3.297],[-76.534,3.253],[-76.557,3.244],[-76.556,3.204],[-76.575,3.199],[-76.611,3.216],[-76.645,3.198],[-76.674,3.214],[-76.849,3.18],[-76.748,3.453]]]}},{"type":"Feature","properties":{"mpio":"50683","nombre":"San Juan De Arama","depto":"Meta"},"geometry":{"type":"Polygon","coordinates":[[[-73.697,3.341],[-73.671,3.275],[-73.599,3.228],[-73.539,3.168],[-73.485,3.156],[-73.461,3.17],[-73.451,3.154],[-73.398,3.14],[-73.388,3.086],[-73.41,3.068],[-73.696,3.164],[-73.95,3.114],[-73.978,3.126],[-73.92,3.226],[-73.932,3.306],[-73.864,3.342],[-73.697,3.341]]]}},{"type":"Feature","properties":{"mpio":"19573","nombre":"Puerto Tejada","depto":"Cauca"},"geometry":{"type":"Polygon","coordinates":[[[-76.398,3.386],[-76.409,3.303],[-76.482,3.346],[-76.515,3.35],[-76.509,3.372],[-76.533,3.393],[-76.501,3.422],[-76.469,3.42],[-76.398,3.386]]]}},{"type":"Feature","properties":{"mpio":"19455","nombre":"Miranda","depto":"Cauca"},"geometry":{"type":"Polygon","coordinates":[[[-76.402,3.363],[-76.398,3.386],[-76.26,3.373],[-76.159,3.312],[-76.088,3.303],[-76.085,3.259],[-76.113,3.255],[-76.305,3.326],[-76.355,3.356],[-76.402,3.363]]]}},{"type":"Feature","properties":{"mpio":"41078","nombre":"Baraya","depto":"Huila"},"geometry":{"type":"Polygon","coordinates":[[[-74.99,3.321],[-74.918,3.325],[-74.864,3.296],[-74.847,3.262],[-74.849,3.183],[-74.795,3.11],[-74.887,3.139],[-74.983,3.148],[-75.058,3.178],[-75.083,3.236],[-75.005,3.281],[-74.99,3.321]]]}},{"type":"Feature","properties":{"mpio":"19513","nombre":"Padilla","depto":"Cauca"},"geometry":{"type":"Polygon","coordinates":[[[-76.402,3.363],[-76.355,3.356],[-76.305,3.326],[-76.317,3.299],[-76.314,3.218],[-76.365,3.24],[-76.409,3.303],[-76.402,3.363]]]}},{"type":"Feature","properties":{"mpio":"19418","nombre":"Lopez","depto":"Cauca"},"geometry":{"type":"Polygon","coordinates":[[[-76.847,3.186],[-76.853,3.074],[-76.873,3.056],[-76.887,3.007],[-76.964,2.931],[-77.031,2.971],[-77.175,2.938],[-77.229,2.979],[-77.286,2.964],[-77.319,2.91],[-77.345,2.891],[-77.425,3.038],[-77.503,3.053],[-77.524,3.045],[-77.564,3.022],[-77.621,2.945],[-77.651,2.944],[-77.706,3.011],[-77.769,2.996],[-77.776,3.003],[-77.758,3.051],[-77.743,3.055],[-77.74,3.104],[-77.72,3.116],[-77.762,3.127],[-77.776,3.099],[-77.787,3.101],[-77.749,3.182],[-77.737,3.179],[-77.734,3.156],[-77.689,3.18],[-77.723,3.187],[-77.685,3.22],[-77.608,3.334],[-77.568,3.339],[-77.56,3.362],[-77.508,3.375],[-77.479,3.375],[-77.456,3.357],[-77.404,3.285],[-77.335,3.291],[-77.323,3.265],[-77.279,3.241],[-77.277,3.204],[-77.22,3.217],[-77.072,3.184],[-77.009,3.203],[-76.989,3.199],[-76.963,3.17],[-76.847,3.186]]]}},{"type":"Feature","properties":{"mpio":"41001","nombre":"Neiva","depto":"Huila"},"geometry":{"type":"Polygon","coordinates":[[[-75.584,3.216],[-75.563,3.231],[-75.568,3.255],[-75.5,3.275],[-75.472,3.315],[-75.401,3.308],[-75.373,3.33],[-75.367,3.298],[-75.393,3.258],[-75.394,3.191],[-75.381,3.174],[-75.307,3.152],[-75.294,3.156],[-75.28,3.192],[-75.254,3.197],[-75.221,3.105],[-75.165,3.037],[-75.113,3.046],[-75.094,3.026],[-74.864,2.992],[-74.898,2.936],[-74.983,2.841],[-75.126,2.896],[-75.163,2.924],[-75.278,2.942],[-75.293,2.989],[-75.289,3.016],[-75.31,3.048],[-75.358,3.057],[-75.388,3.082],[-75.439,3.092],[-75.471,3.057],[-75.555,3.056],[-75.58,3.072],[-75.6,3.107],[-75.653,3.143],[-75.752,3.129],[-75.732,3.157],[-75.661,3.204],[-75.584,3.216]]]}},{"type":"Feature","properties":{"mpio":"19142","nombre":"Caloto","depto":"Cauca"},"geometry":{"type":"Polygon","coordinates":[[[-76.476,3.339],[-76.414,3.314],[-76.365,3.24],[-76.29,3.2],[-76.282,3.149],[-76.291,3.072],[-76.37,3.063],[-76.387,3.043],[-76.439,3.038],[-76.478,3.068],[-76.455,3.096],[-76.482,3.177],[-76.465,3.234],[-76.477,3.262],[-76.457,3.277],[-76.46,3.298],[-76.483,3.312],[-76.469,3.32],[-76.476,3.339]]]}},{"type":"Feature","properties":{"mpio":"19212","nombre":"Corinto","depto":"Cauca"},"geometry":{"type":"Polygon","coordinates":[[[-76.305,3.326],[-76.113,3.255],[-76.089,3.257],[-76.075,3.148],[-76.168,3.156],[-76.24,3.186],[-76.287,3.185],[-76.314,3.218],[-76.317,3.299],[-76.305,3.326]]]}},{"type":"Feature","properties":{"mpio":"50711","nombre":"Vistahermosa","depto":"Meta"},"geometry":{"type":"Polygon","coordinates":[[[-73.388,3.086],[-73.397,2.998],[-73.341,2.672],[-73.217,2.591],[-73.188,2.503],[-73.171,2.485],[-73.083,2.446],[-73.029,2.362],[-73.021,2.315],[-73.057,2.319],[-73.035,2.293],[-73.07,2.285],[-73.074,2.316],[-73.117,2.309],[-73.124,2.326],[-73.175,2.302],[-73.174,2.292],[-73.147,2.29],[-73.157,2.274],[-73.17,2.285],[-73.207,2.267],[-73.241,2.275],[-73.265,2.258],[-73.257,2.283],[-73.28,2.292],[-73.291,2.255],[-73.309,2.282],[-73.344,2.274],[-73.347,2.307],[-73.362,2.321],[-73.357,2.456],[-73.447,2.606],[-73.53,2.611],[-73.846,2.534],[-73.86,2.549],[-73.867,2.637],[-73.856,2.684],[-73.892,2.728],[-73.869,2.748],[-73.908,2.836],[-73.958,2.874],[-73.94,2.919],[-73.978,3.126],[-73.95,3.114],[-73.696,3.164],[-73.41,3.068],[-73.388,3.086]]]}},{"type":"Feature","properties":{"mpio":"41799","nombre":"Tello","depto":"Huila"},"geometry":{"type":"Polygon","coordinates":[[[-75.055,3.175],[-74.947,3.139],[-74.887,3.139],[-74.789,3.106],[-74.847,3.033],[-74.864,2.992],[-75.094,3.026],[-75.113,3.046],[-75.165,3.037],[-75.221,3.105],[-75.253,3.192],[-75.224,3.195],[-75.193,3.224],[-75.141,3.179],[-75.073,3.164],[-75.055,3.175]]]}},{"type":"Feature","properties":{"mpio":"19698","nombre":"Santander De Quilichao","depto":"Cauca"},"geometry":{"type":"Polygon","coordinates":[[[-76.477,3.21],[-76.482,3.177],[-76.455,3.096],[-76.478,3.068],[-76.439,3.038],[-76.387,3.043],[-76.458,2.987],[-76.519,2.964],[-76.569,2.98],[-76.605,2.958],[-76.626,2.967],[-76.601,3.041],[-76.611,3.079],[-76.592,3.109],[-76.59,3.203],[-76.556,3.204],[-76.557,3.244],[-76.535,3.251],[-76.492,3.23],[-76.477,3.21]]]}},{"type":"Feature","properties":{"mpio":"50590","nombre":"Puerto Rico","depto":"Meta"},"geometry":{"type":"Polygon","coordinates":[[[-73.388,3.086],[-73.379,3.074],[-73.322,3.065],[-73.188,3.001],[-73.142,3.007],[-73.01,3.069],[-72.943,3.017],[-72.868,2.987],[-72.804,2.977],[-72.792,2.921],[-72.804,2.893],[-72.794,2.797],[-72.765,2.74],[-72.711,2.681],[-72.71,2.63],[-72.663,2.546],[-72.667,2.477],[-72.7,2.499],[-72.731,2.501],[-72.835,2.447],[-72.845,2.416],[-72.864,2.415],[-72.828,2.367],[-72.876,2.376],[-72.853,2.312],[-72.896,2.351],[-72.927,2.33],[-72.968,2.343],[-73.019,2.298],[-73.029,2.362],[-73.083,2.446],[-73.171,2.485],[-73.188,2.503],[-73.217,2.591],[-73.341,2.672],[-73.397,2.998],[-73.388,3.086]]]}},{"type":"Feature","properties":{"mpio":"19110","nombre":"Buenos Aires","depto":"Cauca"},"geometry":{"type":"Polygon","coordinates":[[[-76.849,3.18],[-76.674,3.214],[-76.645,3.198],[-76.611,3.216],[-76.595,3.211],[-76.592,3.109],[-76.611,3.079],[-76.601,3.041],[-76.626,2.967],[-76.651,2.971],[-76.676,2.925],[-76.734,2.912],[-76.745,3.031],[-76.803,3.093],[-76.85,3.109],[-76.849,3.18]]]}},{"type":"Feature","properties":{"mpio":"19821","nombre":"Toribio","depto":"Cauca"},"geometry":{"type":"Polygon","coordinates":[[[-76.075,3.148],[-76.037,3.087],[-76.172,3.011],[-76.216,2.959],[-76.214,2.945],[-76.337,3.015],[-76.334,3.063],[-76.291,3.072],[-76.283,3.091],[-76.281,3.187],[-76.24,3.186],[-76.168,3.156],[-76.075,3.148]]]}},{"type":"Feature","properties":{"mpio":"94884","nombre":"Puerto Colombia","depto":"Guainia"},"geometry":{"type":"Polygon","coordinates":[[[-67.665,2.352],[-67.605,2.337],[-67.555,2.359],[-67.435,2.374],[-67.389,2.423],[-67.363,2.422],[-67.339,2.403],[-67.658,2.163],[-67.66,2.122],[-67.626,2.14],[-67.579,2.14],[-67.482,2.077],[-67.398,2.051],[-67.375,1.993],[-67.383,1.924],[-67.352,1.933],[-67.311,1.918],[-67.207,1.78],[-67.355,1.722],[-67.391,1.727],[-67.467,1.771],[-67.489,1.712],[-67.522,1.723],[-67.568,1.77],[-67.649,1.8],[-67.67,1.791],[-67.658,1.65],[-67.674,1.595],[-67.706,1.568],[-67.718,1.535],[-67.704,1.485],[-67.628,1.438],[-67.612,1.395],[-67.652,1.168],[-67.642,1.111],[-67.702,1.063],[-67.796,1.034],[-67.883,1.085],[-67.94,1.147],[-67.969,1.229],[-68.017,1.286],[-68.088,1.32],[-68.125,1.251],[-68.167,1.254],[-68.206,1.275],[-68.205,1.305],[-68.162,1.391],[-68.161,1.437],[-68.247,1.566],[-68.282,1.587],[-68.304,1.584],[-68.314,1.543],[-68.348,1.514],[-68.351,1.468],[-68.369,1.459],[-68.501,1.543],[-68.513,1.573],[-68.5,1.653],[-68.397,1.667],[-68.389,1.715],[-68.359,1.744],[-68.385,1.785],[-68.481,1.833],[-68.526,1.811],[-68.562,1.764],[-68.598,1.753],[-68.758,1.774],[-68.753,1.818],[-68.727,1.826],[-68.724,1.843],[-68.758,1.895],[-68.755,1.981],[-68.713,2.093],[-68.674,2.121],[-68.627,2.12],[-68.6,2.144],[-68.553,2.243],[-68.393,2.205],[-68.373,2.227],[-68.35,2.225],[-68.31,2.252],[-68.192,2.286],[-68.191,2.327],[-68.17,2.374],[-68.138,2.382],[-68.012,2.339],[-67.957,2.339],[-67.917,2.299],[-67.888,2.293],[-67.806,2.405],[-67.756,2.418],[-67.706,2.392],[-67.665,2.352]]]}},{"type":"Feature","properties":{"mpio":"41676","nombre":"Santa Maria","depto":"Huila"},"geometry":{"type":"Polygon","coordinates":[[[-75.752,3.129],[-75.653,3.143],[-75.6,3.107],[-75.58,3.072],[-75.555,3.056],[-75.559,3.039],[-75.536,3.009],[-75.578,3.003],[-75.615,2.981],[-75.65,2.929],[-75.683,2.918],[-75.78,3.018],[-75.843,3.048],[-75.887,3.038],[-75.903,3.047],[-75.904,3.056],[-75.863,3.065],[-75.827,3.122],[-75.798,3.13],[-75.759,3.113],[-75.752,3.129]]]}},{"type":"Feature","properties":{"mpio":"19809","nombre":"Timbiqui","depto":"Cauca"},"geometry":{"type":"Polygon","coordinates":[[[-77.726,3.005],[-77.702,3.01],[-77.651,2.944],[-77.621,2.945],[-77.564,3.022],[-77.524,3.045],[-77.503,3.053],[-77.417,3.029],[-77.371,2.924],[-77.342,2.891],[-77.369,2.82],[-77.345,2.693],[-77.351,2.6],[-77.342,2.543],[-77.301,2.467],[-77.384,2.514],[-77.45,2.575],[-77.641,2.66],[-77.746,2.769],[-77.797,2.77],[-77.879,2.851],[-77.879,2.876],[-77.795,2.908],[-77.846,2.917],[-77.822,2.943],[-77.788,2.951],[-77.78,2.972],[-77.751,2.978],[-77.726,3.005]]]}},{"type":"Feature","properties":{"mpio":"41524","nombre":"Palermo","depto":"Huila"},"geometry":{"type":"Polygon","coordinates":[[[-75.555,3.056],[-75.471,3.057],[-75.439,3.092],[-75.31,3.048],[-75.289,3.016],[-75.276,2.91],[-75.312,2.834],[-75.35,2.809],[-75.367,2.775],[-75.462,2.795],[-75.465,2.875],[-75.485,2.916],[-75.577,2.995],[-75.536,3.009],[-75.559,3.039],[-75.555,3.056]]]}},{"type":"Feature","properties":{"mpio":"19780","nombre":"Suarez","depto":"Cauca"},"geometry":{"type":"Polygon","coordinates":[[[-76.85,3.109],[-76.803,3.093],[-76.755,3.049],[-76.734,2.912],[-76.824,2.932],[-76.865,2.983],[-76.867,3.006],[-76.882,3.021],[-76.873,3.056],[-76.853,3.074],[-76.85,3.109]]]}},{"type":"Feature","properties":{"mpio":"19517","nombre":"Paez","depto":"Cauca"},"geometry":{"type":"Polygon","coordinates":[[[-76.037,3.087],[-75.981,3.054],[-75.979,2.952],[-75.956,2.867],[-75.902,2.743],[-75.845,2.668],[-75.811,2.58],[-75.796,2.517],[-75.858,2.481],[-75.898,2.498],[-75.907,2.53],[-75.943,2.549],[-75.958,2.609],[-76.007,2.708],[-76.123,2.734],[-76.213,2.7],[-76.25,2.701],[-76.261,2.72],[-76.253,2.772],[-76.216,2.774],[-76.19,2.822],[-76.152,2.832],[-76.155,2.855],[-76.215,2.863],[-76.198,2.904],[-76.217,2.93],[-76.216,2.959],[-76.145,3.03],[-76.037,3.087]]]}},{"type":"Feature","properties":{"mpio":"41801","nombre":"Teruel","depto":"Huila"},"geometry":{"type":"Polygon","coordinates":[[[-75.981,3.054],[-75.952,3.061],[-75.931,3.051],[-75.904,3.056],[-75.887,3.038],[-75.822,3.042],[-75.746,2.991],[-75.683,2.918],[-75.65,2.929],[-75.615,2.981],[-75.577,2.995],[-75.485,2.916],[-75.465,2.875],[-75.462,2.795],[-75.488,2.787],[-75.535,2.746],[-75.588,2.778],[-75.658,2.862],[-75.677,2.872],[-75.72,2.864],[-75.753,2.881],[-75.854,2.988],[-75.982,2.981],[-75.981,3.054]]]}},{"type":"Feature","properties":{"mpio":"19364","nombre":"Jambalo","depto":"Cauca"},"geometry":{"type":"Polygon","coordinates":[[[-76.334,3.063],[-76.328,3.004],[-76.294,2.998],[-76.239,2.952],[-76.214,2.945],[-76.198,2.904],[-76.214,2.869],[-76.208,2.857],[-76.319,2.847],[-76.377,2.866],[-76.376,2.982],[-76.389,3.048],[-76.37,3.063],[-76.334,3.063]]]}},{"type":"Feature","properties":{"mpio":"19137","nombre":"Caldono","depto":"Cauca"},"geometry":{"type":"Polygon","coordinates":[[[-76.651,2.971],[-76.605,2.958],[-76.569,2.98],[-76.519,2.964],[-76.458,2.987],[-76.387,3.043],[-76.375,2.869],[-76.427,2.852],[-76.435,2.832],[-76.489,2.796],[-76.486,2.785],[-76.517,2.77],[-76.577,2.845],[-76.583,2.877],[-76.613,2.925],[-76.664,2.953],[-76.651,2.971]]]}},{"type":"Feature","properties":{"mpio":"18753","nombre":"San Vicente Del Caguan","depto":"Caqueta"},"geometry":{"type":"Polygon","coordinates":[[[-74.864,2.992],[-74.703,2.911],[-74.539,2.808],[-74.532,2.695],[-74.598,2.603],[-74.619,2.546],[-74.598,2.464],[-74.576,2.266],[-74.543,2.185],[-74.538,2.049],[-74.489,1.937],[-74.442,1.868],[-74.37,1.803],[-74.171,1.771],[-74.118,1.748],[-74.032,1.635],[-73.983,1.621],[-73.936,1.572],[-73.873,1.541],[-73.818,1.533],[-73.677,1.563],[-73.546,1.559],[-73.537,1.435],[-73.5,1.418],[-73.437,1.316],[-73.425,1.318],[-73.353,1.215],[-73.335,1.207],[-73.319,1.133],[-73.372,1.124],[-73.595,0.972],[-73.731,0.9],[-73.85,0.822],[-73.977,0.716],[-74.012,0.757],[-74.109,0.751],[-74.253,0.84],[-74.278,0.862],[-74.343,1.0],[-74.433,1.035],[-74.466,1.062],[-74.486,1.097],[-74.621,1.206],[-74.742,1.331],[-74.808,1.427],[-74.797,1.543],[-74.853,1.653],[-74.858,1.701],[-74.803,1.937],[-74.833,2.058],[-74.851,2.094],[-75.02,2.126],[-75.105,2.128],[-75.144,2.137],[-75.156,2.152],[-75.216,2.385],[-75.236,2.414],[-75.217,2.521],[-75.179,2.587],[-75.151,2.567],[-75.129,2.526],[-75.067,2.559],[-74.95,2.649],[-74.954,2.693],[-75.022,2.792],[-74.898,2.936],[-74.864,2.992]]]}},{"type":"Feature","properties":{"mpio":"19473","nombre":"Morales","depto":"Cauca"},"geometry":{"type":"Polygon","coordinates":[[[-76.947,2.938],[-76.882,3.021],[-76.824,2.932],[-76.773,2.914],[-76.676,2.925],[-76.654,2.952],[-76.629,2.932],[-76.631,2.911],[-76.584,2.806],[-76.633,2.799],[-76.647,2.779],[-76.71,2.827],[-76.825,2.853],[-76.844,2.871],[-76.911,2.85],[-76.921,2.939],[-76.947,2.938]]]}},{"type":"Feature","properties":{"mpio":"41357","nombre":"Iquira","depto":"Huila"},"geometry":{"type":"Polygon","coordinates":[[[-75.982,2.981],[-75.854,2.988],[-75.738,2.87],[-75.677,2.872],[-75.658,2.862],[-75.588,2.778],[-75.535,2.746],[-75.524,2.718],[-75.532,2.664],[-75.581,2.645],[-75.592,2.672],[-75.631,2.69],[-75.626,2.725],[-75.64,2.753],[-75.664,2.746],[-75.74,2.786],[-75.773,2.82],[-75.886,2.848],[-75.949,2.85],[-75.982,2.981]]]}},{"type":"Feature","properties":{"mpio":"41615","nombre":"Rivera","depto":"Huila"},"geometry":{"type":"Polygon","coordinates":[[[-75.278,2.942],[-75.163,2.924],[-75.126,2.896],[-74.983,2.841],[-75.019,2.804],[-75.021,2.785],[-75.005,2.766],[-75.065,2.738],[-75.156,2.717],[-75.206,2.758],[-75.332,2.818],[-75.282,2.884],[-75.278,2.942]]]}},{"type":"Feature","properties":{"mpio":"95001","nombre":"San Jose Del Guaviare","depto":"Guaviare"},"geometry":{"type":"Polygon","coordinates":[[[-72.335,2.571],[-72.223,2.638],[-72.168,2.631],[-72.166,2.653],[-72.152,2.657],[-72.081,2.602],[-72.075,2.625],[-72.096,2.705],[-72.057,2.707],[-72.024,2.728],[-71.982,2.675],[-71.903,2.651],[-71.877,2.626],[-71.83,2.644],[-71.702,2.65],[-71.682,2.664],[-71.657,2.651],[-71.648,2.697],[-71.595,2.658],[-71.54,2.656],[-71.542,2.636],[-71.459,2.634],[-71.453,2.646],[-71.413,2.654],[-71.351,2.64],[-71.335,2.66],[-71.271,2.62],[-71.253,2.619],[-71.239,2.653],[-71.226,2.634],[-71.179,2.675],[-71.144,2.631],[-71.115,2.624],[-71.057,2.635],[-71.02,2.618],[-71.004,2.632],[-70.975,2.615],[-70.947,2.62],[-70.909,2.598],[-70.91,2.548],[-70.878,2.569],[-70.816,2.557],[-70.803,2.55],[-70.8,2.508],[-70.788,2.516],[-70.785,2.578],[-70.769,2.569],[-70.749,2.521],[-70.738,2.516],[-70.722,2.545],[-70.707,2.537],[-70.728,2.495],[-70.715,2.49],[-70.7,2.504],[-70.629,2.491],[-70.653,2.469],[-70.57,2.478],[-70.56,2.44],[-70.501,2.484],[-70.504,2.547],[-70.484,2.535],[-70.46,2.48],[-70.444,2.522],[-70.345,2.457],[-70.714,2.286],[-70.694,2.234],[-70.614,2.233],[-70.601,2.191],[-70.58,2.179],[-70.544,2.116],[-70.484,1.979],[-70.408,1.938],[-70.366,1.935],[-70.357,1.908],[-70.365,1.831],[-70.352,1.814],[-70.368,1.802],[-70.394,1.81],[-70.431,1.781],[-70.421,1.747],[-70.437,1.73],[-70.503,1.748],[-70.496,1.725],[-70.512,1.711],[-70.604,1.736],[-70.608,1.711],[-70.636,1.701],[-70.663,1.709],[-70.651,1.739],[-70.698,1.738],[-70.711,1.718],[-70.684,1.679],[-70.696,1.665],[-70.759,1.675],[-70.761,1.721],[-70.771,1.726],[-70.787,1.706],[-70.812,1.733],[-70.827,1.73],[-70.831,1.713],[-70.849,1.713],[-70.868,1.766],[-70.9,1.768],[-70.91,1.756],[-70.895,1.734],[-70.897,1.689],[-70.868,1.63],[-70.949,1.636],[-70.934,1.647],[-70.936,1.662],[-71.011,1.704],[-71.038,1.706],[-71.023,1.657],[-71.071,1.615],[-71.079,1.659],[-71.162,1.696],[-71.174,1.713],[-71.14,1.721],[-71.144,1.728],[-71.222,1.779],[-71.165,1.856],[-71.188,1.881],[-71.214,1.884],[-71.243,1.84],[-71.314,1.858],[-71.312,1.776],[-71.332,1.746],[-71.378,1.799],[-71.493,1.813],[-71.489,1.746],[-71.513,1.754],[-71.524,1.736],[-71.497,1.703],[-71.507,1.662],[-71.515,1.645],[-71.529,1.663],[-71.566,1.668],[-71.549,1.633],[-71.568,1.614],[-71.604,1.632],[-71.624,1.674],[-71.605,1.703],[-71.627,1.718],[-71.616,1.748],[-71.626,1.776],[-71.644,1.777],[-71.658,1.757],[-71.686,1.75],[-71.705,1.812],[-71.746,1.854],[-71.767,1.852],[-71.763,1.829],[-71.777,1.823],[-71.82,1.864],[-71.852,1.868],[-71.854,1.893],[-71.878,1.917],[-71.95,1.909],[-72.098,1.946],[-72.111,1.974],[-72.145,1.968],[-72.152,1.979],[-72.141,1.993],[-72.166,2.015],[-72.309,2.01],[-72.453,2.047],[-72.465,2.022],[-72.631,2.06],[-72.644,2.019],[-72.721,1.999],[-72.787,1.916],[-72.818,1.897],[-72.862,1.879],[-73.045,1.87],[-73.082,1.823],[-73.138,1.826],[-73.186,1.884],[-73.215,1.896],[-73.325,1.907],[-73.409,1.888],[-73.477,1.917],[-73.54,1.921],[-73.532,2.282],[-73.548,2.299],[-73.522,2.308],[-73.517,2.326],[-73.505,2.33],[-73.476,2.293],[-73.447,2.326],[-73.431,2.283],[-73.391,2.298],[-73.375,2.273],[-73.362,2.275],[-73.374,2.319],[-73.354,2.32],[-73.344,2.274],[-73.309,2.282],[-73.291,2.255],[-73.28,2.292],[-73.257,2.283],[-73.265,2.258],[-73.241,2.275],[-73.207,2.267],[-73.17,2.285],[-73.157,2.274],[-73.147,2.29],[-73.174,2.292],[-73.175,2.302],[-73.124,2.326],[-73.117,2.309],[-73.074,2.316],[-73.07,2.285],[-73.035,2.293],[-73.057,2.319],[-73.036,2.324],[-73.013,2.298],[-72.968,2.343],[-72.927,2.33],[-72.896,2.351],[-72.853,2.312],[-72.876,2.376],[-72.828,2.367],[-72.828,2.378],[-72.864,2.415],[-72.845,2.416],[-72.835,2.447],[-72.796,2.469],[-72.731,2.501],[-72.7,2.499],[-72.641,2.461],[-72.619,2.51],[-72.592,2.512],[-72.568,2.457],[-72.545,2.503],[-72.5,2.485],[-72.473,2.492],[-72.503,2.538],[-72.444,2.536],[-72.413,2.58],[-72.335,2.571]]]}},{"type":"Feature","properties":{"mpio":"19256","nombre":"El Tambo","depto":"Cauca"},"geometry":{"type":"Polygon","coordinates":[[[-77.345,2.891],[-77.319,2.91],[-77.286,2.964],[-77.229,2.979],[-77.175,2.938],[-77.031,2.971],[-76.975,2.932],[-76.921,2.939],[-76.922,2.795],[-76.91,2.727],[-76.887,2.701],[-76.793,2.692],[-76.795,2.661],[-76.776,2.616],[-76.772,2.528],[-76.817,2.481],[-76.821,2.444],[-76.854,2.44],[-76.859,2.398],[-76.825,2.38],[-76.821,2.367],[-76.872,2.362],[-76.887,2.35],[-76.915,2.358],[-76.973,2.289],[-77.006,2.279],[-77.004,2.347],[-77.03,2.405],[-77.143,2.455],[-77.25,2.482],[-77.285,2.481],[-77.301,2.467],[-77.342,2.543],[-77.351,2.6],[-77.345,2.693],[-77.369,2.82],[-77.345,2.891]]]}},{"type":"Feature","properties":{"mpio":"50450","nombre":"Puerto Concordia","depto":"Meta"},"geometry":{"type":"Polygon","coordinates":[[[-72.26,2.618],[-72.335,2.571],[-72.413,2.58],[-72.444,2.536],[-72.503,2.538],[-72.472,2.502],[-72.481,2.484],[-72.545,2.503],[-72.568,2.457],[-72.583,2.505],[-72.61,2.513],[-72.641,2.461],[-72.667,2.477],[-72.663,2.546],[-72.71,2.63],[-72.711,2.681],[-72.765,2.74],[-72.794,2.797],[-72.763,2.77],[-72.679,2.764],[-72.586,2.723],[-72.481,2.724],[-72.26,2.618]]]}},{"type":"Feature","properties":{"mpio":"19548","nombre":"Piendamo","depto":"Cauca"},"geometry":{"type":"Polygon","coordinates":[[[-76.629,2.932],[-76.6,2.907],[-76.577,2.845],[-76.55,2.823],[-76.539,2.791],[-76.509,2.759],[-76.514,2.733],[-76.491,2.712],[-76.516,2.704],[-76.635,2.759],[-76.647,2.779],[-76.633,2.799],[-76.584,2.806],[-76.631,2.911],[-76.629,2.932]]]}},{"type":"Feature","properties":{"mpio":"19743","nombre":"Silvia","depto":"Cauca"},"geometry":{"type":"Polygon","coordinates":[[[-76.319,2.847],[-76.155,2.855],[-76.152,2.832],[-76.19,2.822],[-76.216,2.774],[-76.253,2.772],[-76.261,2.72],[-76.236,2.7],[-76.26,2.612],[-76.357,2.643],[-76.382,2.626],[-76.421,2.639],[-76.47,2.709],[-76.491,2.712],[-76.514,2.733],[-76.517,2.77],[-76.486,2.785],[-76.489,2.796],[-76.4,2.867],[-76.319,2.847]]]}},{"type":"Feature","properties":{"mpio":"19130","nombre":"Cajibio","depto":"Cauca"},"geometry":{"type":"Polygon","coordinates":[[[-76.71,2.827],[-76.623,2.748],[-76.521,2.706],[-76.47,2.709],[-76.491,2.696],[-76.479,2.653],[-76.493,2.646],[-76.536,2.674],[-76.551,2.629],[-76.567,2.623],[-76.792,2.659],[-76.793,2.692],[-76.887,2.701],[-76.917,2.744],[-76.919,2.853],[-76.844,2.871],[-76.825,2.853],[-76.71,2.827]]]}},{"type":"Feature","properties":{"mpio":"41483","nombre":"Nataga","depto":"Huila"},"geometry":{"type":"Polygon","coordinates":[[[-75.664,2.746],[-75.766,2.628],[-75.791,2.581],[-75.81,2.572],[-75.845,2.668],[-75.902,2.743],[-75.949,2.85],[-75.886,2.848],[-75.773,2.82],[-75.74,2.786],[-75.664,2.746]]]}},{"type":"Feature","properties":{"mpio":"41132","nombre":"Campoalegre","depto":"Huila"},"geometry":{"type":"Polygon","coordinates":[[[-75.415,2.78],[-75.367,2.775],[-75.35,2.809],[-75.332,2.818],[-75.206,2.758],[-75.156,2.717],[-75.268,2.662],[-75.324,2.586],[-75.368,2.614],[-75.432,2.681],[-75.415,2.78]]]}},{"type":"Feature","properties":{"mpio":"19318","nombre":"Guapi","depto":"Cauca"},"geometry":{"type":"Polygon","coordinates":[[[-77.879,2.851],[-77.797,2.77],[-77.746,2.769],[-77.641,2.66],[-77.45,2.575],[-77.384,2.514],[-77.296,2.465],[-77.309,2.449],[-77.319,2.36],[-77.309,2.322],[-77.47,2.274],[-77.597,2.271],[-77.732,2.345],[-77.754,2.409],[-77.972,2.642],[-78.04,2.755],[-78.038,2.763],[-78.01,2.743],[-77.995,2.754],[-78.005,2.776],[-77.992,2.806],[-77.972,2.775],[-77.962,2.846],[-77.881,2.782],[-77.879,2.851]]]}},{"type":"Feature","properties":{"mpio":"41885","nombre":"Yaguara","depto":"Huila"},"geometry":{"type":"Polygon","coordinates":[[[-75.462,2.795],[-75.415,2.78],[-75.432,2.681],[-75.445,2.669],[-75.451,2.624],[-75.526,2.562],[-75.525,2.626],[-75.542,2.657],[-75.525,2.693],[-75.535,2.746],[-75.488,2.787],[-75.462,2.795]]]}},{"type":"Feature","properties":{"mpio":"41020","nombre":"Algeciras","depto":"Huila"},"geometry":{"type":"Polygon","coordinates":[[[-75.156,2.717],[-75.065,2.738],[-75.005,2.766],[-74.944,2.662],[-74.987,2.618],[-75.129,2.526],[-75.151,2.567],[-75.179,2.587],[-75.217,2.521],[-75.233,2.416],[-75.3,2.339],[-75.357,2.54],[-75.323,2.569],[-75.311,2.614],[-75.268,2.662],[-75.156,2.717]]]}},{"type":"Feature","properties":{"mpio":"41797","nombre":"Tesalia","depto":"Huila"},"geometry":{"type":"Polygon","coordinates":[[[-75.542,2.657],[-75.525,2.626],[-75.526,2.562],[-75.551,2.555],[-75.578,2.507],[-75.665,2.513],[-75.695,2.494],[-75.755,2.502],[-75.794,2.523],[-75.81,2.572],[-75.791,2.581],[-75.766,2.628],[-75.664,2.746],[-75.64,2.753],[-75.63,2.74],[-75.631,2.69],[-75.592,2.672],[-75.581,2.645],[-75.542,2.657]]]}},{"type":"Feature","properties":{"mpio":"52696","nombre":"Santa Barbara","depto":"Nariño"},"geometry":{"type":"Polygon","coordinates":[[[-78.289,2.73],[-78.267,2.761],[-78.201,2.772],[-78.161,2.7],[-78.154,2.656],[-78.118,2.683],[-78.064,2.767],[-78.055,2.775],[-78.038,2.763],[-78.025,2.719],[-77.972,2.642],[-77.754,2.409],[-77.732,2.345],[-77.609,2.274],[-77.542,2.27],[-77.572,2.209],[-77.516,2.141],[-77.528,2.127],[-77.637,2.141],[-77.716,2.217],[-77.789,2.265],[-77.917,2.317],[-77.965,2.375],[-78.038,2.5],[-78.086,2.533],[-78.152,2.554],[-78.178,2.631],[-78.194,2.63],[-78.203,2.653],[-78.231,2.669],[-78.244,2.702],[-78.289,2.73]]]}},{"type":"Feature","properties":{"mpio":"19355","nombre":"Inza","depto":"Cauca"},"geometry":{"type":"Polygon","coordinates":[[[-76.26,2.612],[-76.236,2.7],[-76.191,2.703],[-76.123,2.734],[-76.095,2.73],[-76.007,2.708],[-75.931,2.542],[-75.978,2.558],[-76.011,2.554],[-76.061,2.472],[-76.102,2.451],[-76.134,2.447],[-76.203,2.473],[-76.257,2.472],[-76.279,2.423],[-76.286,2.476],[-76.246,2.557],[-76.26,2.612]]]}},{"type":"Feature","properties":{"mpio":"50350","nombre":"La Macarena","depto":"Meta"},"geometry":{"type":"Polygon","coordinates":[[[-74.612,2.504],[-74.555,2.501],[-74.451,2.462],[-74.415,2.539],[-74.313,2.581],[-74.204,2.58],[-74.17,2.569],[-74.115,2.58],[-73.977,2.553],[-73.941,2.579],[-73.936,2.564],[-73.894,2.539],[-73.882,2.509],[-73.846,2.534],[-73.53,2.611],[-73.447,2.606],[-73.357,2.456],[-73.362,2.321],[-73.374,2.319],[-73.362,2.275],[-73.375,2.273],[-73.391,2.298],[-73.431,2.283],[-73.447,2.326],[-73.476,2.293],[-73.505,2.33],[-73.548,2.299],[-73.532,2.282],[-73.546,1.559],[-73.677,1.563],[-73.818,1.533],[-73.873,1.541],[-73.936,1.572],[-73.983,1.621],[-74.032,1.635],[-74.118,1.748],[-74.171,1.771],[-74.37,1.803],[-74.403,1.826],[-74.489,1.937],[-74.538,2.049],[-74.543,2.185],[-74.576,2.266],[-74.598,2.464],[-74.612,2.504]]]}},{"type":"Feature","properties":{"mpio":"52250","nombre":"El Charco","depto":"Nariño"},"geometry":{"type":"Polygon","coordinates":[[[-78.289,2.73],[-78.244,2.702],[-78.231,2.669],[-78.203,2.653],[-78.194,2.63],[-78.178,2.631],[-78.152,2.554],[-78.086,2.533],[-78.038,2.5],[-77.965,2.375],[-77.917,2.317],[-77.789,2.265],[-77.716,2.217],[-77.637,2.141],[-77.528,2.127],[-77.516,2.141],[-77.572,2.209],[-77.542,2.27],[-77.363,2.294],[-77.339,2.242],[-77.363,2.238],[-77.372,2.215],[-77.322,2.08],[-77.364,2.065],[-77.691,2.084],[-77.752,2.129],[-77.765,2.162],[-77.822,2.23],[-77.856,2.23],[-77.928,2.285],[-78.001,2.29],[-78.082,2.251],[-78.162,2.25],[-78.255,2.429],[-78.277,2.552],[-78.354,2.627],[-78.357,2.64],[-78.3,2.701],[-78.289,2.73]]]}},{"type":"Feature","properties":{"mpio":"41349","nombre":"Hobo","depto":"Huila"},"geometry":{"type":"Polygon","coordinates":[[[-75.324,2.586],[-75.323,2.569],[-75.357,2.54],[-75.418,2.553],[-75.462,2.533],[-75.526,2.562],[-75.451,2.624],[-75.445,2.669],[-75.432,2.681],[-75.368,2.614],[-75.324,2.586]]]}},{"type":"Feature","properties":{"mpio":"19824","nombre":"Totoro","depto":"Cauca"},"geometry":{"type":"Polygon","coordinates":[[[-76.467,2.704],[-76.407,2.632],[-76.382,2.626],[-76.357,2.643],[-76.33,2.627],[-76.265,2.622],[-76.245,2.575],[-76.291,2.453],[-76.279,2.423],[-76.266,2.425],[-76.273,2.385],[-76.364,2.372],[-76.417,2.491],[-76.489,2.579],[-76.551,2.616],[-76.536,2.674],[-76.493,2.646],[-76.479,2.653],[-76.491,2.696],[-76.467,2.704]]]}},{"type":"Feature","properties":{"mpio":"52473","nombre":"Mosquera","depto":"Nariño"},"geometry":{"type":"Polygon","coordinates":[[[-78.385,2.544],[-78.401,2.532],[-78.384,2.506],[-78.431,2.309],[-78.452,2.346],[-78.476,2.362],[-78.496,2.359],[-78.525,2.393],[-78.594,2.434],[-78.632,2.531],[-78.619,2.567],[-78.539,2.614],[-78.483,2.682],[-78.464,2.672],[-78.456,2.638],[-78.385,2.544]]]}},{"type":"Feature","properties":{"mpio":"52390","nombre":"La Tola","depto":"Nariño"},"geometry":{"type":"Polygon","coordinates":[[[-78.357,2.64],[-78.277,2.552],[-78.255,2.429],[-78.162,2.25],[-78.199,2.236],[-78.207,2.213],[-78.238,2.007],[-78.327,2.471],[-78.335,2.499],[-78.399,2.584],[-78.397,2.643],[-78.381,2.671],[-78.366,2.674],[-78.357,2.64]]]}},{"type":"Feature","properties":{"mpio":"19001","nombre":"Popayan","depto":"Cauca"},"geometry":{"type":"Polygon","coordinates":[[[-76.555,2.623],[-76.489,2.579],[-76.417,2.491],[-76.405,2.459],[-76.49,2.491],[-76.5,2.434],[-76.577,2.493],[-76.682,2.514],[-76.708,2.558],[-76.767,2.547],[-76.768,2.537],[-76.781,2.575],[-76.776,2.616],[-76.795,2.661],[-76.794,2.67],[-76.792,2.659],[-76.555,2.623]]]}},{"type":"Feature","properties":{"mpio":"41306","nombre":"Gigante","depto":"Huila"},"geometry":{"type":"Polygon","coordinates":[[[-75.526,2.562],[-75.462,2.533],[-75.418,2.553],[-75.357,2.54],[-75.3,2.339],[-75.32,2.317],[-75.343,2.308],[-75.362,2.33],[-75.409,2.337],[-75.434,2.354],[-75.581,2.328],[-75.602,2.339],[-75.606,2.367],[-75.629,2.381],[-75.658,2.427],[-75.578,2.507],[-75.551,2.555],[-75.526,2.562]]]}},{"type":"Feature","properties":{"mpio":"41396","nombre":"La Plata","depto":"Huila"},"geometry":{"type":"Polygon","coordinates":[[[-75.805,2.515],[-75.783,2.393],[-75.854,2.348],[-75.928,2.254],[-76.049,2.285],[-76.17,2.272],[-76.311,2.296],[-76.344,2.307],[-76.366,2.341],[-76.352,2.37],[-76.273,2.385],[-76.263,2.47],[-76.203,2.473],[-76.134,2.447],[-76.087,2.455],[-76.047,2.491],[-76.028,2.542],[-76.011,2.554],[-75.978,2.558],[-75.907,2.53],[-75.898,2.498],[-75.875,2.484],[-75.836,2.488],[-75.805,2.515]]]}},{"type":"Feature","properties":{"mpio":"94883","nombre":"San Felipe","depto":"Guainia"},"geometry":{"type":"Polygon","coordinates":[[[-67.207,1.78],[-67.111,1.638],[-67.075,1.621],[-67.044,1.564],[-67.043,1.527],[-67.072,1.485],[-67.065,1.418],[-67.024,1.317],[-66.978,1.297],[-66.977,1.224],[-67.003,1.18],[-66.955,1.098],[-66.928,1.023],[-66.924,0.935],[-66.903,0.89],[-66.995,0.888],[-67.029,0.825],[-67.049,0.827],[-67.102,0.964],[-67.157,1.032],[-67.218,1.24],[-67.254,1.307],[-67.295,1.351],[-67.356,1.378],[-67.459,1.316],[-67.575,1.165],[-67.642,1.111],[-67.653,1.158],[-67.612,1.395],[-67.628,1.438],[-67.704,1.485],[-67.718,1.535],[-67.706,1.568],[-67.674,1.595],[-67.658,1.65],[-67.67,1.791],[-67.649,1.8],[-67.568,1.77],[-67.522,1.723],[-67.489,1.712],[-67.467,1.771],[-67.391,1.727],[-67.355,1.722],[-67.207,1.78]]]}},{"type":"Feature","properties":{"mpio":"52490","nombre":"Olaya  Herrera","depto":"Nariño"},"geometry":{"type":"Polygon","coordinates":[[[-78.394,2.565],[-78.335,2.499],[-78.295,2.348],[-78.238,2.007],[-78.243,1.967],[-78.259,1.95],[-78.319,2.058],[-78.335,2.124],[-78.428,2.309],[-78.402,2.466],[-78.384,2.506],[-78.401,2.532],[-78.385,2.544],[-78.394,2.565]]]}},{"type":"Feature","properties":{"mpio":"19807","nombre":"Timbio","depto":"Cauca"},"geometry":{"type":"Polygon","coordinates":[[[-76.653,2.51],[-76.656,2.439],[-76.641,2.384],[-76.675,2.38],[-76.694,2.35],[-76.808,2.406],[-76.856,2.409],[-76.854,2.44],[-76.821,2.444],[-76.817,2.481],[-76.78,2.51],[-76.767,2.547],[-76.708,2.558],[-76.682,2.514],[-76.653,2.51]]]}},{"type":"Feature","properties":{"mpio":"41518","nombre":"Paicol","depto":"Huila"},"geometry":{"type":"Polygon","coordinates":[[[-75.794,2.523],[-75.755,2.502],[-75.695,2.494],[-75.665,2.513],[-75.589,2.505],[-75.658,2.427],[-75.783,2.393],[-75.805,2.515],[-75.794,2.523]]]}},{"type":"Feature","properties":{"mpio":"52520","nombre":"Francisco Pizarro","depto":"Nariño"},"geometry":{"type":"Polygon","coordinates":[[[-78.628,2.512],[-78.594,2.434],[-78.525,2.393],[-78.512,2.371],[-78.526,2.232],[-78.519,2.165],[-78.564,1.98],[-78.602,1.987],[-78.605,2.054],[-78.628,2.097],[-78.642,2.106],[-78.691,2.093],[-78.698,2.114],[-78.695,2.218],[-78.655,2.211],[-78.602,2.225],[-78.597,2.299],[-78.636,2.306],[-78.672,2.406],[-78.669,2.441],[-78.628,2.512]]]}},{"type":"Feature","properties":{"mpio":"19760","nombre":"Sotara","depto":"Cauca"},"geometry":{"type":"Polygon","coordinates":[[[-76.5,2.434],[-76.518,2.393],[-76.526,2.3],[-76.543,2.284],[-76.539,2.209],[-76.526,2.204],[-76.58,2.174],[-76.571,2.121],[-76.655,2.139],[-76.715,2.224],[-76.628,2.233],[-76.6,2.256],[-76.569,2.307],[-76.571,2.323],[-76.677,2.33],[-76.694,2.35],[-76.675,2.38],[-76.641,2.384],[-76.656,2.439],[-76.653,2.51],[-76.577,2.493],[-76.5,2.434]]]}},{"type":"Feature","properties":{"mpio":"19585","nombre":"Purace","depto":"Cauca"},"geometry":{"type":"Polygon","coordinates":[[[-76.405,2.459],[-76.355,2.368],[-76.366,2.341],[-76.344,2.307],[-76.329,2.306],[-76.33,2.268],[-76.303,2.225],[-76.313,2.177],[-76.363,2.141],[-76.47,2.196],[-76.539,2.209],[-76.543,2.284],[-76.526,2.3],[-76.518,2.393],[-76.49,2.491],[-76.405,2.459]]]}},{"type":"Feature","properties":{"mpio":"19050","nombre":"Argelia","depto":"Cauca"},"geometry":{"type":"Polygon","coordinates":[[[-77.126,2.445],[-77.143,2.444],[-77.147,2.43],[-77.137,2.379],[-77.176,2.38],[-77.168,2.348],[-77.193,2.32],[-77.188,2.309],[-77.212,2.265],[-77.33,2.219],[-77.343,2.267],[-77.373,2.301],[-77.309,2.322],[-77.319,2.36],[-77.304,2.423],[-77.312,2.432],[-77.292,2.475],[-77.25,2.482],[-77.126,2.445]]]}},{"type":"Feature","properties":{"mpio":"41013","nombre":"Agrado","depto":"Huila"},"geometry":{"type":"Polygon","coordinates":[[[-75.783,2.393],[-75.662,2.429],[-75.646,2.419],[-75.629,2.381],[-75.606,2.367],[-75.602,2.339],[-75.629,2.254],[-75.746,2.263],[-75.677,2.29],[-75.698,2.3],[-75.758,2.295],[-75.783,2.393]]]}},{"type":"Feature","properties":{"mpio":"18592","nombre":"Puerto Rico","depto":"Caqueta"},"geometry":{"type":"Polygon","coordinates":[[[-75.236,2.414],[-75.216,2.385],[-75.147,2.139],[-74.892,2.105],[-74.851,2.094],[-74.833,2.058],[-74.803,1.937],[-74.858,1.701],[-74.838,1.612],[-74.797,1.543],[-74.808,1.427],[-74.834,1.451],[-74.901,1.458],[-74.998,1.633],[-75.075,1.711],[-75.155,1.737],[-75.228,1.877],[-75.264,2.109],[-75.293,2.228],[-75.319,2.296],[-75.334,2.307],[-75.236,2.414]]]}},{"type":"Feature","properties":{"mpio":"19532","nombre":"Patia","depto":"Cauca"},"geometry":{"type":"Polygon","coordinates":[[[-77.143,2.444],[-77.03,2.405],[-77.004,2.347],[-77.006,2.279],[-76.973,2.289],[-76.915,2.358],[-76.867,2.282],[-76.881,2.237],[-76.935,2.191],[-76.965,2.126],[-77.079,2.056],[-77.12,2.013],[-77.158,2.013],[-77.182,2.023],[-77.187,2.04],[-77.153,2.109],[-77.101,2.118],[-77.057,2.211],[-77.06,2.228],[-77.088,2.251],[-77.193,2.314],[-77.168,2.348],[-77.176,2.38],[-77.137,2.379],[-77.147,2.43],[-77.143,2.444]]]}},{"type":"Feature","properties":{"mpio":"94887","nombre":"Pana Pana","depto":"Guainia"},"geometry":{"type":"Polygon","coordinates":[[[-68.791,1.808],[-68.738,1.767],[-68.598,1.753],[-68.562,1.764],[-68.526,1.811],[-68.481,1.833],[-68.441,1.822],[-68.377,1.777],[-68.359,1.744],[-68.389,1.715],[-68.397,1.667],[-68.5,1.653],[-68.511,1.558],[-68.461,1.511],[-68.369,1.459],[-68.351,1.468],[-68.348,1.514],[-68.314,1.543],[-68.304,1.584],[-68.282,1.587],[-68.247,1.566],[-68.161,1.437],[-68.162,1.391],[-68.205,1.305],[-68.206,1.275],[-68.167,1.254],[-68.125,1.251],[-68.171,1.186],[-68.136,1.179],[-68.12,1.163],[-68.133,1.121],[-68.09,1.116],[-68.076,1.092],[-68.091,1.074],[-68.081,1.067],[-68.062,1.081],[-68.06,1.043],[-69.277,1.249],[-69.339,1.281],[-69.425,1.305],[-69.532,1.279],[-69.625,1.299],[-69.697,1.268],[-69.793,1.314],[-69.873,1.334],[-69.963,1.409],[-70.005,1.462],[-70.048,1.489],[-70.052,1.579],[-69.957,1.569],[-69.936,1.605],[-69.874,1.591],[-69.759,1.591],[-69.672,1.563],[-69.544,1.577],[-69.516,1.594],[-69.499,1.637],[-69.456,1.672],[-69.333,1.681],[-69.285,1.738],[-69.303,1.872],[-69.247,1.894],[-69.22,1.923],[-69.172,1.912],[-69.148,1.887],[-69.098,1.886],[-69.076,1.862],[-69.076,1.826],[-69.0,1.784],[-68.963,1.784],[-68.902,1.813],[-68.791,1.808]]]}},{"type":"Feature","properties":{"mpio":"41548","nombre":"Pital","depto":"Huila"},"geometry":{"type":"Polygon","coordinates":[[[-75.901,2.284],[-75.843,2.359],[-75.783,2.393],[-75.758,2.295],[-75.698,2.3],[-75.677,2.29],[-75.746,2.263],[-75.655,2.262],[-75.633,2.256],[-75.624,2.233],[-75.654,2.203],[-75.723,2.226],[-75.764,2.214],[-75.799,2.277],[-75.839,2.29],[-75.878,2.276],[-75.901,2.284]]]}},{"type":"Feature","properties":{"mpio":"19622","nombre":"Rosas","depto":"Cauca"},"geometry":{"type":"Polygon","coordinates":[[[-76.694,2.35],[-76.677,2.33],[-76.601,2.321],[-76.624,2.306],[-76.731,2.315],[-76.79,2.304],[-76.811,2.32],[-76.883,2.331],[-76.896,2.351],[-76.821,2.367],[-76.825,2.38],[-76.859,2.398],[-76.856,2.409],[-76.808,2.406],[-76.694,2.35]]]}},{"type":"Feature","properties":{"mpio":"41298","nombre":"Garzon","depto":"Huila"},"geometry":{"type":"Polygon","coordinates":[[[-75.602,2.339],[-75.581,2.328],[-75.434,2.354],[-75.409,2.337],[-75.362,2.33],[-75.334,2.307],[-75.395,2.238],[-75.47,2.102],[-75.552,2.153],[-75.564,2.189],[-75.693,2.172],[-75.624,2.233],[-75.631,2.252],[-75.613,2.276],[-75.602,2.339]]]}},{"type":"Feature","properties":{"mpio":"52621","nombre":"Roberto Payan","depto":"Nariño"},"geometry":{"type":"Polygon","coordinates":[[[-78.512,2.371],[-78.452,2.346],[-78.428,2.309],[-78.335,2.124],[-78.319,2.058],[-78.262,1.96],[-78.283,1.931],[-78.209,1.778],[-78.245,1.694],[-78.274,1.675],[-78.33,1.671],[-78.361,1.783],[-78.437,1.891],[-78.525,2.117],[-78.512,2.371]]]}},{"type":"Feature","properties":{"mpio":"19392","nombre":"La Sierra","depto":"Cauca"},"geometry":{"type":"Polygon","coordinates":[[[-76.896,2.351],[-76.883,2.331],[-76.811,2.32],[-76.79,2.304],[-76.731,2.315],[-76.624,2.306],[-76.588,2.324],[-76.571,2.323],[-76.569,2.307],[-76.614,2.241],[-76.659,2.225],[-76.875,2.235],[-76.867,2.282],[-76.898,2.32],[-76.896,2.351]]]}},{"type":"Feature","properties":{"mpio":"18247","nombre":"El Doncello","depto":"Caqueta"},"geometry":{"type":"Polygon","coordinates":[[[-75.334,2.307],[-75.319,2.296],[-75.293,2.228],[-75.264,2.109],[-75.228,1.877],[-75.155,1.737],[-75.075,1.711],[-75.046,1.686],[-74.978,1.607],[-74.901,1.458],[-74.834,1.451],[-74.808,1.427],[-75.103,1.46],[-75.186,1.424],[-75.225,1.441],[-75.265,1.502],[-75.31,1.628],[-75.306,1.897],[-75.317,1.956],[-75.343,2.056],[-75.361,2.072],[-75.415,2.206],[-75.334,2.307]]]}},{"type":"Feature","properties":{"mpio":"95025","nombre":"El Retorno","depto":"Guaviare"},"geometry":{"type":"Polygon","coordinates":[[[-70.358,1.893],[-70.329,1.889],[-70.292,1.91],[-70.251,1.911],[-70.254,1.897],[-70.216,1.88],[-70.2,1.885],[-70.194,1.864],[-70.17,1.852],[-70.145,1.869],[-70.155,1.888],[-70.131,1.878],[-70.093,1.886],[-70.097,1.87],[-70.028,1.863],[-70.004,1.885],[-69.945,1.877],[-69.898,1.895],[-69.893,1.871],[-69.85,1.856],[-69.872,1.851],[-69.877,1.841],[-69.859,1.817],[-69.917,1.748],[-69.98,1.721],[-69.975,1.683],[-70.004,1.682],[-70.075,1.641],[-70.162,1.647],[-70.202,1.625],[-70.233,1.637],[-70.286,1.624],[-70.302,1.641],[-70.376,1.598],[-70.397,1.606],[-70.42,1.587],[-70.487,1.593],[-70.538,1.578],[-70.57,1.578],[-70.621,1.604],[-70.623,1.591],[-70.645,1.603],[-70.713,1.597],[-70.764,1.611],[-70.788,1.565],[-70.824,1.534],[-70.907,1.5],[-70.952,1.5],[-70.986,1.469],[-71.073,1.446],[-71.131,1.391],[-71.148,1.388],[-71.267,1.46],[-71.281,1.395],[-71.297,1.391],[-71.408,1.42],[-71.55,1.479],[-71.628,1.465],[-71.673,1.497],[-71.699,1.501],[-71.726,1.542],[-71.748,1.538],[-71.804,1.493],[-71.836,1.491],[-71.904,1.554],[-71.973,1.582],[-72.004,1.634],[-72.027,1.648],[-72.084,1.645],[-72.131,1.661],[-72.379,1.606],[-72.396,1.655],[-72.32,1.702],[-72.301,1.734],[-72.384,1.804],[-72.452,1.8],[-72.476,1.777],[-72.551,1.786],[-72.531,1.724],[-72.555,1.69],[-72.583,1.705],[-72.601,1.773],[-72.662,1.87],[-72.694,1.883],[-72.747,1.853],[-72.818,1.897],[-72.787,1.916],[-72.721,1.999],[-72.644,2.019],[-72.631,2.06],[-72.465,2.022],[-72.453,2.047],[-72.309,2.01],[-72.166,2.015],[-72.141,1.993],[-72.152,1.979],[-72.145,1.968],[-72.111,1.974],[-72.098,1.946],[-71.95,1.909],[-71.878,1.917],[-71.854,1.893],[-71.852,1.868],[-71.82,1.864],[-71.777,1.823],[-71.763,1.829],[-71.767,1.852],[-71.746,1.854],[-71.705,1.812],[-71.686,1.75],[-71.658,1.757],[-71.644,1.777],[-71.626,1.776],[-71.616,1.748],[-71.627,1.718],[-71.605,1.703],[-71.624,1.674],[-71.604,1.632],[-71.568,1.614],[-71.549,1.633],[-71.566,1.668],[-71.529,1.663],[-71.515,1.645],[-71.507,1.662],[-71.497,1.703],[-71.524,1.736],[-71.513,1.754],[-71.489,1.746],[-71.493,1.813],[-71.378,1.799],[-71.332,1.746],[-71.312,1.776],[-71.314,1.858],[-71.243,1.84],[-71.214,1.884],[-71.188,1.881],[-71.165,1.856],[-71.222,1.779],[-71.144,1.728],[-71.14,1.721],[-71.174,1.713],[-71.162,1.696],[-71.079,1.659],[-71.071,1.615],[-71.023,1.657],[-71.038,1.706],[-71.011,1.704],[-70.936,1.662],[-70.934,1.647],[-70.949,1.636],[-70.868,1.63],[-70.897,1.689],[-70.895,1.734],[-70.91,1.756],[-70.9,1.768],[-70.868,1.766],[-70.839,1.71],[-70.818,1.733],[-70.806,1.731],[-70.795,1.705],[-70.766,1.724],[-70.761,1.676],[-70.746,1.668],[-70.686,1.669],[-70.711,1.718],[-70.698,1.738],[-70.651,1.739],[-70.663,1.709],[-70.625,1.7],[-70.608,1.711],[-70.604,1.736],[-70.518,1.71],[-70.496,1.725],[-70.503,1.748],[-70.437,1.73],[-70.421,1.747],[-70.431,1.781],[-70.394,1.81],[-70.368,1.802],[-70.352,1.814],[-70.365,1.831],[-70.358,1.893]]]}},{"type":"Feature","properties":{"mpio":"41378","nombre":"La Argentina","depto":"Huila"},"geometry":{"type":"Polygon","coordinates":[[[-75.916,2.258],[-76.048,2.202],[-76.13,2.19],[-76.215,2.215],[-76.303,2.214],[-76.311,2.25],[-76.33,2.268],[-76.327,2.303],[-76.17,2.272],[-76.049,2.285],[-75.916,2.258]]]}},{"type":"Feature","properties":{"mpio":"19075","nombre":"Balboa","depto":"Cauca"},"geometry":{"type":"Polygon","coordinates":[[[-77.212,2.265],[-77.18,2.313],[-77.153,2.284],[-77.088,2.251],[-77.06,2.228],[-77.057,2.211],[-77.092,2.128],[-77.153,2.109],[-77.187,2.04],[-77.234,2.085],[-77.258,2.189],[-77.309,2.163],[-77.33,2.219],[-77.212,2.265]]]}},{"type":"Feature","properties":{"mpio":"41791","nombre":"Tarqui","depto":"Huila"},"geometry":{"type":"Polygon","coordinates":[[[-75.901,2.284],[-75.878,2.276],[-75.82,2.287],[-75.789,2.27],[-75.764,2.214],[-75.723,2.226],[-75.654,2.203],[-75.745,2.128],[-75.795,2.119],[-75.825,2.095],[-75.856,2.1],[-75.879,2.089],[-75.951,2.241],[-75.922,2.248],[-75.901,2.284]]]}},{"type":"Feature","properties":{"mpio":"52427","nombre":"Magui","depto":"Nariño"},"geometry":{"type":"Polygon","coordinates":[[[-78.162,2.25],[-78.082,2.251],[-78.001,2.29],[-77.928,2.285],[-77.856,2.23],[-77.822,2.23],[-77.765,2.162],[-77.752,2.129],[-77.691,2.084],[-77.423,2.068],[-77.465,1.983],[-77.496,1.958],[-77.493,1.873],[-77.503,1.84],[-77.56,1.821],[-77.601,1.788],[-77.675,1.787],[-77.736,1.736],[-77.788,1.731],[-77.887,1.775],[-78.06,1.793],[-78.111,1.813],[-78.174,1.817],[-78.222,1.804],[-78.283,1.931],[-78.243,1.967],[-78.199,2.236],[-78.162,2.25]]]}},{"type":"Feature","properties":{"mpio":"41503","nombre":"Oporapa","depto":"Huila"},"geometry":{"type":"Polygon","coordinates":[[[-76.092,2.194],[-75.951,2.241],[-75.879,2.089],[-75.917,2.081],[-75.949,2.041],[-75.999,2.017],[-76.021,2.129],[-76.09,2.18],[-76.092,2.194]]]}},{"type":"Feature","properties":{"mpio":"52405","nombre":"Leiva","depto":"Nariño"},"geometry":{"type":"Polygon","coordinates":[[[-77.339,2.242],[-77.317,2.168],[-77.287,2.166],[-77.278,2.188],[-77.258,2.189],[-77.234,2.085],[-77.181,2.028],[-77.182,1.998],[-77.247,1.921],[-77.293,1.928],[-77.307,1.954],[-77.395,1.92],[-77.428,1.921],[-77.485,1.972],[-77.465,1.983],[-77.423,2.068],[-77.358,2.066],[-77.322,2.08],[-77.372,2.215],[-77.363,2.238],[-77.339,2.242]]]}},{"type":"Feature","properties":{"mpio":"19397","nombre":"La Vega","depto":"Cauca"},"geometry":{"type":"Polygon","coordinates":[[[-76.715,2.224],[-76.655,2.139],[-76.571,2.121],[-76.568,2.129],[-76.554,2.057],[-76.601,2.058],[-76.612,2.072],[-76.662,2.063],[-76.683,2.041],[-76.716,2.039],[-76.822,2.062],[-76.87,2.128],[-76.908,2.156],[-76.925,2.201],[-76.881,2.237],[-76.715,2.224]]]}},{"type":"Feature","properties":{"mpio":"18001","nombre":"Florencia","depto":"Caqueta"},"geometry":{"type":"Polygon","coordinates":[[[-75.415,2.206],[-75.361,2.072],[-75.343,2.056],[-75.306,1.884],[-75.312,1.858],[-75.385,1.831],[-75.446,1.764],[-75.476,1.533],[-75.478,1.412],[-75.569,1.382],[-75.635,1.424],[-75.612,1.494],[-75.636,1.579],[-75.677,1.592],[-75.692,1.636],[-75.712,1.652],[-75.732,1.645],[-75.742,1.792],[-75.691,1.849],[-75.654,1.92],[-75.597,1.97],[-75.504,2.012],[-75.491,2.063],[-75.415,2.206]]]}},{"type":"Feature","properties":{"mpio":"41660","nombre":"Saladoblanco","depto":"Huila"},"geometry":{"type":"Polygon","coordinates":[[[-76.303,2.214],[-76.215,2.215],[-76.153,2.192],[-76.092,2.194],[-76.09,2.18],[-76.021,2.129],[-76.001,2.007],[-76.024,2.002],[-76.049,2.033],[-76.073,2.034],[-76.116,2.071],[-76.221,2.098],[-76.316,2.177],[-76.303,2.214]]]}},{"type":"Feature","properties":{"mpio":"41319","nombre":"Guadalupe","depto":"Huila"},"geometry":{"type":"Polygon","coordinates":[[[-75.618,2.176],[-75.564,2.189],[-75.552,2.153],[-75.47,2.102],[-75.504,2.012],[-75.597,1.97],[-75.636,1.933],[-75.663,1.953],[-75.666,1.97],[-75.734,2.014],[-75.753,2.053],[-75.73,2.077],[-75.626,2.133],[-75.618,2.176]]]}},{"type":"Feature","properties":{"mpio":"41668","nombre":"San Agustin","depto":"Huila"},"geometry":{"type":"Polygon","coordinates":[[[-76.373,2.14],[-76.327,2.043],[-76.317,1.988],[-76.266,2.018],[-76.24,2.006],[-76.198,1.936],[-76.165,1.918],[-76.187,1.89],[-76.182,1.862],[-76.149,1.82],[-76.144,1.756],[-76.196,1.707],[-76.238,1.637],[-76.37,1.683],[-76.387,1.709],[-76.382,1.763],[-76.398,1.858],[-76.449,1.917],[-76.472,1.929],[-76.535,1.929],[-76.551,1.961],[-76.562,2.027],[-76.554,2.057],[-76.581,2.161],[-76.572,2.186],[-76.526,2.204],[-76.484,2.201],[-76.373,2.14]]]}},{"type":"Feature","properties":{"mpio":"41026","nombre":"Altamira","depto":"Huila"},"geometry":{"type":"Polygon","coordinates":[[[-75.693,2.172],[-75.62,2.18],[-75.616,2.169],[-75.626,2.133],[-75.73,2.077],[-75.753,2.053],[-75.82,2.031],[-75.847,2.041],[-75.819,2.064],[-75.826,2.102],[-75.745,2.128],[-75.693,2.172]]]}},{"type":"Feature","properties":{"mpio":"41359","nombre":"Isnos","depto":"Huila"},"geometry":{"type":"Polygon","coordinates":[[[-76.316,2.177],[-76.221,2.098],[-76.116,2.071],[-76.073,2.034],[-76.049,2.033],[-76.028,2.007],[-76.107,1.935],[-76.147,1.92],[-76.198,1.936],[-76.24,2.006],[-76.266,2.018],[-76.317,1.988],[-76.327,2.043],[-76.373,2.14],[-76.348,2.146],[-76.316,2.177]]]}},{"type":"Feature","properties":{"mpio":"52835","nombre":"Tumaco","depto":"Nariño"},"geometry":{"type":"Polygon","coordinates":[[[-78.527,2.138],[-78.437,1.891],[-78.361,1.783],[-78.324,1.673],[-78.348,1.653],[-78.371,1.507],[-78.403,1.465],[-78.464,1.237],[-78.48,1.234],[-78.531,1.24],[-78.59,1.312],[-78.62,1.312],[-78.666,1.372],[-78.837,1.512],[-78.835,1.535],[-78.88,1.53],[-78.895,1.566],[-78.995,1.637],[-79.013,1.693],[-78.88,1.886],[-78.608,1.847],[-78.558,1.859],[-78.564,1.98],[-78.527,2.138]]]}},{"type":"Feature","properties":{"mpio":"19100","nombre":"Bolivar","depto":"Cauca"},"geometry":{"type":"Polygon","coordinates":[[[-76.973,2.12],[-76.944,2.118],[-76.981,2.1],[-76.979,2.089],[-76.878,2.075],[-76.845,2.054],[-76.922,2.002],[-76.884,1.96],[-76.866,1.896],[-76.82,1.825],[-76.746,1.801],[-76.733,1.71],[-76.748,1.657],[-76.99,1.792],[-76.996,1.844],[-76.977,1.87],[-76.989,1.888],[-77.038,1.897],[-77.042,1.96],[-77.083,2.03],[-77.098,2.031],[-77.079,2.056],[-76.973,2.12]]]}},{"type":"Feature","properties":{"mpio":"41244","nombre":"Elias","depto":"Huila"},"geometry":{"type":"Polygon","coordinates":[[[-75.917,2.081],[-75.856,2.1],[-75.825,2.095],[-75.819,2.064],[-75.879,2.036],[-75.908,2.04],[-75.957,1.983],[-75.97,1.98],[-75.996,2.006],[-75.999,2.017],[-75.949,2.041],[-75.917,2.081]]]}},{"type":"Feature","properties":{"mpio":"97777","nombre":"Papunaua","depto":"Vaupes"},"geometry":{"type":"Polygon","coordinates":[[[-70.0,1.586],[-70.052,1.579],[-70.054,1.569],[-70.043,1.477],[-70.005,1.462],[-69.963,1.409],[-69.873,1.334],[-69.793,1.314],[-69.725,1.279],[-69.725,1.264],[-69.768,1.206],[-69.828,1.179],[-69.907,1.182],[-70.035,1.22],[-70.059,1.257],[-70.202,1.241],[-70.231,1.255],[-70.243,1.279],[-70.302,1.281],[-70.481,1.148],[-70.874,0.811],[-71.027,1.291],[-71.048,1.454],[-70.986,1.469],[-70.952,1.5],[-70.907,1.5],[-70.824,1.534],[-70.788,1.565],[-70.764,1.611],[-70.713,1.597],[-70.645,1.603],[-70.623,1.591],[-70.621,1.604],[-70.57,1.578],[-70.487,1.593],[-70.42,1.587],[-70.397,1.606],[-70.376,1.598],[-70.333,1.614],[-70.333,1.627],[-70.302,1.641],[-70.286,1.624],[-70.233,1.637],[-70.202,1.625],[-70.162,1.647],[-70.075,1.641],[-70.004,1.682],[-69.972,1.683],[-69.981,1.612],[-70.0,1.586]]]}},{"type":"Feature","properties":{"mpio":"41770","nombre":"Suaza","depto":"Huila"},"geometry":{"type":"Polygon","coordinates":[[[-75.753,2.053],[-75.734,2.014],[-75.666,1.97],[-75.663,1.953],[-75.636,1.933],[-75.672,1.9],[-75.691,1.849],[-75.736,1.804],[-75.781,1.892],[-75.852,1.932],[-75.806,2.034],[-75.753,2.053]]]}},{"type":"Feature","properties":{"mpio":"19693","nombre":"San Sebastian","depto":"Cauca"},"geometry":{"type":"Polygon","coordinates":[[[-76.71,2.039],[-76.612,2.072],[-76.601,2.058],[-76.554,2.057],[-76.562,2.027],[-76.551,1.961],[-76.608,1.876],[-76.691,1.829],[-76.742,1.824],[-76.746,1.801],[-76.82,1.825],[-76.845,1.862],[-76.768,1.923],[-76.71,2.039]]]}},{"type":"Feature","properties":{"mpio":"41807","nombre":"Timana","depto":"Huila"},"geometry":{"type":"Polygon","coordinates":[[[-75.85,2.047],[-75.806,2.034],[-75.863,1.904],[-75.902,1.865],[-75.926,1.904],[-75.973,1.936],[-75.981,1.972],[-75.946,1.991],[-75.908,2.04],[-75.85,2.047]]]}},{"type":"Feature","properties":{"mpio":"19022","nombre":"Almaguer","depto":"Cauca"},"geometry":{"type":"Polygon","coordinates":[[[-76.822,2.062],[-76.71,2.039],[-76.768,1.923],[-76.845,1.862],[-76.884,1.96],[-76.922,2.002],[-76.857,2.054],[-76.822,2.062]]]}},{"type":"Feature","properties":{"mpio":"95015","nombre":"Calamar","depto":"Guaviare"},"geometry":{"type":"Polygon","coordinates":[[[-72.818,1.897],[-72.747,1.853],[-72.694,1.883],[-72.662,1.87],[-72.601,1.773],[-72.583,1.705],[-72.567,1.693],[-72.549,1.692],[-72.531,1.716],[-72.553,1.776],[-72.544,1.788],[-72.476,1.777],[-72.452,1.8],[-72.394,1.809],[-72.32,1.76],[-72.301,1.734],[-72.305,1.716],[-72.378,1.673],[-72.398,1.647],[-72.384,1.629],[-72.38,1.589],[-72.352,1.583],[-72.326,1.559],[-72.31,1.508],[-72.321,1.488],[-72.38,1.498],[-72.356,1.429],[-72.406,1.349],[-72.393,1.332],[-72.364,1.342],[-72.334,1.321],[-72.307,1.338],[-72.294,1.329],[-72.258,1.342],[-72.247,1.312],[-72.262,1.292],[-72.233,1.257],[-72.233,1.234],[-72.242,1.217],[-72.282,1.222],[-72.323,1.185],[-72.365,1.18],[-72.408,1.207],[-72.472,1.212],[-72.487,1.246],[-72.514,1.256],[-72.601,1.116],[-72.63,1.109],[-72.63,1.07],[-72.648,1.069],[-72.619,1.011],[-72.645,1.004],[-72.669,1.039],[-72.72,1.048],[-72.721,1.032],[-72.759,1.034],[-72.752,1.015],[-72.775,1.006],[-72.751,0.969],[-72.786,0.959],[-72.762,0.928],[-72.758,0.911],[-72.775,0.912],[-72.766,0.891],[-72.823,0.884],[-72.829,0.853],[-72.845,0.85],[-72.856,0.83],[-72.888,0.83],[-72.893,0.799],[-72.969,0.783],[-73.023,0.804],[-73.085,0.885],[-73.124,0.894],[-73.15,0.931],[-73.27,1.036],[-73.313,1.089],[-73.335,1.207],[-73.353,1.215],[-73.425,1.318],[-73.437,1.316],[-73.5,1.418],[-73.537,1.435],[-73.546,1.559],[-73.54,1.921],[-73.477,1.917],[-73.409,1.888],[-73.325,1.907],[-73.215,1.896],[-73.186,1.884],[-73.138,1.826],[-73.113,1.821],[-73.082,1.823],[-73.045,1.87],[-72.862,1.879],[-72.818,1.897]]]}},{"type":"Feature","properties":{"mpio":"19450","nombre":"Mercaderes","depto":"Cauca"},"geometry":{"type":"Polygon","coordinates":[[[-77.12,2.013],[-77.083,2.03],[-77.042,1.96],[-77.038,1.897],[-76.989,1.888],[-76.977,1.87],[-76.996,1.844],[-76.996,1.805],[-77.053,1.788],[-77.019,1.752],[-77.042,1.741],[-77.159,1.738],[-77.173,1.727],[-77.199,1.739],[-77.276,1.74],[-77.289,1.761],[-77.253,1.819],[-77.261,1.893],[-77.246,1.927],[-77.182,1.998],[-77.182,2.023],[-77.12,2.013]]]}},{"type":"Feature","properties":{"mpio":"41551","nombre":"Pitalito","depto":"Huila"},"geometry":{"type":"Polygon","coordinates":[[[-76.028,2.007],[-75.998,2.011],[-75.975,1.988],[-75.984,1.96],[-75.973,1.936],[-75.926,1.904],[-75.903,1.85],[-75.941,1.801],[-75.97,1.801],[-75.99,1.823],[-76.011,1.824],[-76.036,1.753],[-76.062,1.765],[-76.093,1.727],[-76.156,1.565],[-76.188,1.564],[-76.238,1.637],[-76.196,1.707],[-76.144,1.756],[-76.149,1.82],[-76.182,1.862],[-76.187,1.89],[-76.165,1.918],[-76.107,1.935],[-76.028,2.007]]]}},{"type":"Feature","properties":{"mpio":"52540","nombre":"Policarpa","depto":"Nariño"},"geometry":{"type":"Polygon","coordinates":[[[-77.485,1.972],[-77.425,1.922],[-77.407,1.863],[-77.363,1.839],[-77.344,1.801],[-77.345,1.75],[-77.318,1.732],[-77.347,1.688],[-77.393,1.666],[-77.428,1.67],[-77.476,1.792],[-77.511,1.816],[-77.493,1.873],[-77.496,1.958],[-77.485,1.972]]]}},{"type":"Feature","properties":{"mpio":"19701","nombre":"Santa Rosa","depto":"Cauca"},"geometry":{"type":"Polygon","coordinates":[[[-76.733,1.71],[-76.742,1.824],[-76.691,1.829],[-76.608,1.876],[-76.551,1.961],[-76.535,1.929],[-76.472,1.929],[-76.429,1.901],[-76.391,1.843],[-76.387,1.709],[-76.37,1.683],[-76.242,1.641],[-76.204,1.58],[-76.177,1.562],[-76.194,1.509],[-76.195,1.456],[-76.206,1.436],[-76.267,1.397],[-76.246,1.333],[-76.269,1.29],[-76.331,1.24],[-76.415,1.123],[-76.405,1.085],[-76.429,1.073],[-76.456,1.09],[-76.466,1.136],[-76.448,1.283],[-76.471,1.389],[-76.506,1.435],[-76.575,1.481],[-76.601,1.479],[-76.635,1.448],[-76.643,1.398],[-76.674,1.35],[-76.71,1.344],[-76.755,1.355],[-76.728,1.393],[-76.736,1.438],[-76.767,1.481],[-76.726,1.577],[-76.729,1.629],[-76.748,1.657],[-76.733,1.71]]]}},{"type":"Feature","properties":{"mpio":"52256","nombre":"El Rosario","depto":"Nariño"},"geometry":{"type":"Polygon","coordinates":[[[-77.425,1.922],[-77.395,1.92],[-77.307,1.954],[-77.293,1.928],[-77.247,1.921],[-77.261,1.893],[-77.257,1.807],[-77.318,1.732],[-77.345,1.75],[-77.352,1.822],[-77.416,1.874],[-77.425,1.922]]]}},{"type":"Feature","properties":{"mpio":"41006","nombre":"Acevedo","depto":"Huila"},"geometry":{"type":"Polygon","coordinates":[[[-75.852,1.932],[-75.781,1.892],[-75.736,1.804],[-75.775,1.706],[-75.863,1.645],[-75.922,1.572],[-76.032,1.54],[-75.995,1.69],[-75.902,1.865],[-75.852,1.932]]]}},{"type":"Feature","properties":{"mpio":"18256","nombre":"El Paujil","depto":"Caqueta"},"geometry":{"type":"Polygon","coordinates":[[[-75.312,1.858],[-75.304,1.742],[-75.314,1.672],[-75.291,1.567],[-75.265,1.502],[-75.211,1.428],[-75.16,1.429],[-75.146,1.449],[-75.147,1.371],[-75.13,1.343],[-75.163,1.352],[-75.212,1.344],[-75.22,1.326],[-75.248,1.322],[-75.372,1.432],[-75.383,1.458],[-75.417,1.787],[-75.385,1.831],[-75.312,1.858]]]}},{"type":"Feature","properties":{"mpio":"95200","nombre":"Miraflores","depto":"Guaviare"},"geometry":{"type":"Polygon","coordinates":[[[-72.379,1.606],[-72.131,1.661],[-72.084,1.645],[-72.027,1.648],[-72.004,1.634],[-71.973,1.582],[-71.904,1.554],[-71.836,1.491],[-71.804,1.493],[-71.748,1.538],[-71.726,1.542],[-71.699,1.501],[-71.673,1.497],[-71.628,1.465],[-71.55,1.479],[-71.408,1.42],[-71.281,1.395],[-71.294,1.327],[-71.304,1.311],[-71.334,1.304],[-71.378,1.184],[-71.383,1.138],[-71.438,1.007],[-71.432,0.956],[-71.413,0.934],[-71.388,0.849],[-71.417,0.851],[-71.427,0.895],[-71.449,0.907],[-71.441,0.861],[-71.47,0.867],[-71.47,0.829],[-71.488,0.795],[-71.573,0.732],[-71.644,0.741],[-71.691,0.641],[-71.923,0.446],[-71.975,0.439],[-71.963,0.461],[-71.973,0.478],[-72.0,0.486],[-72.017,0.523],[-72.041,0.512],[-72.061,0.524],[-72.055,0.503],[-72.09,0.517],[-72.096,0.503],[-72.116,0.502],[-72.122,0.565],[-72.15,0.594],[-72.158,0.572],[-72.197,0.608],[-72.184,0.626],[-72.193,0.656],[-72.182,0.676],[-72.215,0.684],[-72.214,0.653],[-72.224,0.649],[-72.239,0.742],[-72.282,0.734],[-72.274,0.759],[-72.301,0.796],[-72.295,0.819],[-72.349,0.899],[-72.364,0.911],[-72.408,0.911],[-72.488,0.96],[-72.547,1.027],[-72.556,1.011],[-72.608,1.039],[-72.637,1.033],[-72.647,1.063],[-72.63,1.07],[-72.627,1.115],[-72.601,1.116],[-72.514,1.256],[-72.487,1.246],[-72.472,1.212],[-72.408,1.207],[-72.377,1.181],[-72.335,1.18],[-72.282,1.222],[-72.252,1.214],[-72.238,1.223],[-72.233,1.257],[-72.262,1.292],[-72.247,1.312],[-72.258,1.342],[-72.294,1.329],[-72.307,1.338],[-72.334,1.321],[-72.364,1.342],[-72.393,1.332],[-72.406,1.349],[-72.356,1.429],[-72.38,1.498],[-72.321,1.488],[-72.31,1.508],[-72.326,1.559],[-72.352,1.583],[-72.38,1.589],[-72.379,1.606]]]}},{"type":"Feature","properties":{"mpio":"41530","nombre":"Palestina","depto":"Huila"},"geometry":{"type":"Polygon","coordinates":[[[-76.156,1.565],[-76.093,1.727],[-76.062,1.765],[-76.036,1.753],[-76.011,1.824],[-75.99,1.823],[-75.97,1.801],[-75.936,1.804],[-75.995,1.69],[-76.033,1.544],[-76.059,1.575],[-76.094,1.586],[-76.156,1.565]]]}},{"type":"Feature","properties":{"mpio":"18410","nombre":"La Monta¥Ita","depto":"Caqueta"},"geometry":{"type":"Polygon","coordinates":[[[-75.413,1.804],[-75.406,1.647],[-75.372,1.432],[-75.248,1.322],[-75.22,1.326],[-75.212,1.344],[-75.163,1.352],[-75.13,1.343],[-75.134,1.325],[-75.112,1.288],[-75.128,1.256],[-75.103,1.158],[-75.17,1.152],[-75.195,1.193],[-75.222,1.201],[-75.251,1.153],[-75.373,1.201],[-75.387,1.381],[-75.429,1.411],[-75.478,1.412],[-75.455,1.717],[-75.446,1.764],[-75.413,1.804]]]}},{"type":"Feature","properties":{"mpio":"52233","nombre":"Cumbitara","depto":"Nariño"},"geometry":{"type":"Polygon","coordinates":[[[-77.608,1.789],[-77.56,1.821],[-77.514,1.832],[-77.476,1.792],[-77.428,1.67],[-77.479,1.667],[-77.589,1.712],[-77.608,1.789]]]}},{"type":"Feature","properties":{"mpio":"52079","nombre":"Barbacoas","depto":"Nariño"},"geometry":{"type":"Polygon","coordinates":[[[-78.222,1.804],[-78.174,1.817],[-78.111,1.813],[-78.06,1.793],[-77.887,1.775],[-77.788,1.731],[-77.736,1.736],[-77.675,1.787],[-77.614,1.787],[-77.7,1.694],[-77.709,1.668],[-77.739,1.657],[-77.765,1.617],[-77.912,1.493],[-77.965,1.405],[-78.059,1.317],[-78.105,1.291],[-78.127,1.303],[-78.141,1.344],[-78.19,1.403],[-78.248,1.444],[-78.403,1.465],[-78.371,1.507],[-78.348,1.653],[-78.33,1.671],[-78.274,1.675],[-78.245,1.694],[-78.21,1.763],[-78.222,1.804]]]}},{"type":"Feature","properties":{"mpio":"18094","nombre":"Belen De Los Andaquies","depto":"Caqueta"},"geometry":{"type":"Polygon","coordinates":[[[-75.742,1.792],[-75.732,1.645],[-75.746,1.577],[-75.681,1.408],[-75.681,1.304],[-75.764,1.314],[-75.86,1.414],[-75.909,1.398],[-75.982,1.399],[-76.016,1.464],[-76.032,1.54],[-75.922,1.572],[-75.863,1.645],[-75.775,1.706],[-75.742,1.792]]]}},{"type":"Feature","properties":{"mpio":"19290","nombre":"Florencia","depto":"Cauca"},"geometry":{"type":"Polygon","coordinates":[[[-76.996,1.805],[-76.984,1.783],[-76.969,1.784],[-76.995,1.765],[-76.986,1.756],[-77.019,1.752],[-77.053,1.788],[-76.996,1.805]]]}},{"type":"Feature","properties":{"mpio":"52418","nombre":"Los Andes","depto":"Nariño"},"geometry":{"type":"Polygon","coordinates":[[[-77.608,1.789],[-77.589,1.712],[-77.479,1.667],[-77.39,1.672],[-77.389,1.601],[-77.414,1.569],[-77.432,1.568],[-77.461,1.522],[-77.698,1.644],[-77.709,1.668],[-77.7,1.694],[-77.608,1.789]]]}},{"type":"Feature","properties":{"mpio":"52693","nombre":"San Pablo","depto":"Nariño"},"geometry":{"type":"Polygon","coordinates":[[[-77.019,1.752],[-76.986,1.756],[-76.995,1.765],[-76.986,1.777],[-76.958,1.781],[-76.826,1.694],[-76.984,1.714],[-77.027,1.74],[-77.019,1.752]]]}},{"type":"Feature","properties":{"mpio":"97161","nombre":"Caruru","depto":"Vaupes"},"geometry":{"type":"Polygon","coordinates":[[[-71.048,1.454],[-71.027,1.291],[-70.874,0.811],[-70.887,0.579],[-70.906,0.542],[-70.888,0.475],[-70.894,0.464],[-70.933,0.457],[-70.955,0.341],[-70.922,0.264],[-70.959,0.248],[-71.064,0.24],[-71.108,0.255],[-71.207,0.335],[-71.424,0.37],[-71.563,0.345],[-71.618,0.478],[-71.698,0.6],[-71.683,0.668],[-71.644,0.741],[-71.573,0.732],[-71.488,0.795],[-71.47,0.829],[-71.47,0.867],[-71.441,0.861],[-71.449,0.907],[-71.427,0.895],[-71.417,0.851],[-71.388,0.849],[-71.413,0.934],[-71.432,0.956],[-71.438,1.007],[-71.383,1.138],[-71.378,1.184],[-71.334,1.304],[-71.304,1.311],[-71.294,1.327],[-71.267,1.46],[-71.148,1.388],[-71.048,1.454]]]}},{"type":"Feature","properties":{"mpio":"52786","nombre":"Taminango","depto":"Nariño"},"geometry":{"type":"Polygon","coordinates":[[[-77.289,1.761],[-77.276,1.74],[-77.205,1.739],[-77.22,1.686],[-77.198,1.609],[-77.22,1.578],[-77.267,1.57],[-77.316,1.588],[-77.337,1.614],[-77.347,1.688],[-77.289,1.761]]]}},{"type":"Feature","properties":{"mpio":"52203","nombre":"Colon","depto":"Nariño"},"geometry":{"type":"Polygon","coordinates":[[[-77.042,1.741],[-77.028,1.748],[-76.984,1.714],[-76.957,1.713],[-76.957,1.69],[-77.003,1.664],[-77.03,1.688],[-77.042,1.741]]]}},{"type":"Feature","properties":{"mpio":"52399","nombre":"La Union","depto":"Nariño"},"geometry":{"type":"Polygon","coordinates":[[[-77.15,1.738],[-77.042,1.741],[-77.03,1.688],[-76.99,1.661],[-77.001,1.64],[-77.042,1.649],[-77.089,1.623],[-77.15,1.713],[-77.15,1.738]]]}},{"type":"Feature","properties":{"mpio":"52687","nombre":"San Lorenzo","depto":"Nariño"},"geometry":{"type":"Polygon","coordinates":[[[-77.205,1.739],[-77.173,1.727],[-77.15,1.738],[-77.15,1.713],[-77.088,1.621],[-77.108,1.52],[-77.184,1.527],[-77.239,1.575],[-77.21,1.585],[-77.198,1.609],[-77.22,1.686],[-77.205,1.739]]]}},{"type":"Feature","properties":{"mpio":"94885","nombre":"La Guadalupe","depto":"Guainia"},"geometry":{"type":"Polygon","coordinates":[[[-66.903,0.89],[-66.892,0.819],[-66.842,0.682],[-66.827,0.549],[-66.786,0.466],[-66.812,0.396],[-66.787,0.324],[-67.005,0.319],[-67.011,0.443],[-66.998,0.492],[-66.998,0.584],[-67.049,0.827],[-67.029,0.825],[-66.995,0.888],[-66.903,0.89]]]}},{"type":"Feature","properties":{"mpio":"97001","nombre":"Mitu","depto":"Vaupes"},"geometry":{"type":"Polygon","coordinates":[[[-69.725,1.264],[-69.736,0.635],[-69.79,0.605],[-69.807,0.577],[-69.779,0.534],[-69.774,0.496],[-69.796,0.48],[-69.837,0.504],[-69.999,0.506],[-70.01,0.467],[-70.032,0.471],[-70.044,0.459],[-69.984,0.19],[-69.951,0.101],[-69.967,-0.157],[-70.025,-0.168],[-70.065,-0.111],[-70.13,-0.063],[-70.21,-0.074],[-70.266,-0.065],[-70.307,-0.018],[-70.362,0.013],[-70.38,0.037],[-70.382,0.064],[-70.355,0.131],[-70.354,0.204],[-70.376,0.256],[-70.428,0.192],[-70.501,0.049],[-70.538,0.032],[-70.553,0.061],[-70.547,0.085],[-70.594,0.092],[-70.601,0.133],[-70.651,0.188],[-70.658,0.251],[-70.773,0.258],[-70.812,0.232],[-70.831,0.246],[-70.827,0.262],[-70.875,0.28],[-70.905,0.28],[-70.905,0.255],[-70.922,0.264],[-70.955,0.341],[-70.933,0.457],[-70.894,0.464],[-70.888,0.475],[-70.906,0.542],[-70.887,0.579],[-70.874,0.811],[-70.481,1.148],[-70.285,1.286],[-70.243,1.279],[-70.213,1.242],[-70.059,1.257],[-70.035,1.22],[-70.012,1.21],[-69.857,1.177],[-69.8,1.185],[-69.768,1.206],[-69.725,1.264]]]}},{"type":"Feature","properties":{"mpio":"52378","nombre":"La Cruz","depto":"Nariño"},"geometry":{"type":"Polygon","coordinates":[[[-76.826,1.694],[-76.748,1.657],[-76.729,1.629],[-76.726,1.577],[-76.75,1.534],[-76.809,1.545],[-76.91,1.591],[-76.959,1.656],[-76.941,1.674],[-76.958,1.686],[-76.957,1.713],[-76.926,1.7],[-76.891,1.708],[-76.826,1.694]]]}},{"type":"Feature","properties":{"mpio":"52083","nombre":"Belen","depto":"Nariño"},"geometry":{"type":"Polygon","coordinates":[[[-76.957,1.69],[-76.941,1.674],[-76.959,1.656],[-76.933,1.613],[-76.998,1.649],[-76.993,1.673],[-76.957,1.69]]]}},{"type":"Feature","properties":{"mpio":"18479","nombre":"Morelia","depto":"Caqueta"},"geometry":{"type":"Polygon","coordinates":[[[-75.732,1.645],[-75.712,1.652],[-75.692,1.636],[-75.677,1.592],[-75.636,1.579],[-75.617,1.517],[-75.612,1.494],[-75.635,1.424],[-75.681,1.408],[-75.746,1.577],[-75.732,1.645]]]}},{"type":"Feature","properties":{"mpio":"52385","nombre":"La Llanada","depto":"Nariño"},"geometry":{"type":"Polygon","coordinates":[[[-77.709,1.668],[-77.691,1.635],[-77.669,1.634],[-77.635,1.603],[-77.579,1.591],[-77.461,1.522],[-77.475,1.5],[-77.5,1.498],[-77.526,1.52],[-77.566,1.513],[-77.607,1.538],[-77.659,1.548],[-77.719,1.614],[-77.765,1.617],[-77.739,1.657],[-77.709,1.668]]]}},{"type":"Feature","properties":{"mpio":"52694","nombre":"San Pedro De Cartago","depto":"Nariño"},"geometry":{"type":"Polygon","coordinates":[[[-76.998,1.649],[-77.017,1.587],[-77.03,1.573],[-77.089,1.623],[-77.064,1.644],[-77.001,1.64],[-76.998,1.649]]]}},{"type":"Feature","properties":{"mpio":"52685","nombre":"San Bernardo","depto":"Nariño"},"geometry":{"type":"Polygon","coordinates":[[[-76.998,1.649],[-76.91,1.591],[-76.86,1.567],[-76.972,1.58],[-77.002,1.624],[-76.998,1.649]]]}},{"type":"Feature","properties":{"mpio":"52019","nombre":"Alban","depto":"Nariño"},"geometry":{"type":"Polygon","coordinates":[[[-77.002,1.624],[-76.972,1.58],[-76.872,1.567],[-76.887,1.556],[-76.99,1.554],[-77.039,1.491],[-77.045,1.55],[-77.002,1.624]]]}},{"type":"Feature","properties":{"mpio":"52051","nombre":"Arboleda","depto":"Nariño"},"geometry":{"type":"Polygon","coordinates":[[[-77.088,1.621],[-77.03,1.573],[-77.045,1.55],[-77.039,1.491],[-77.061,1.511],[-77.111,1.523],[-77.088,1.621]]]}},{"type":"Feature","properties":{"mpio":"52678","nombre":"Samaniego","depto":"Nariño"},"geometry":{"type":"Polygon","coordinates":[[[-77.765,1.617],[-77.719,1.614],[-77.659,1.548],[-77.607,1.538],[-77.566,1.513],[-77.526,1.52],[-77.5,1.498],[-77.475,1.5],[-77.473,1.386],[-77.492,1.326],[-77.568,1.431],[-77.621,1.439],[-77.64,1.471],[-77.773,1.518],[-77.817,1.519],[-77.842,1.558],[-77.765,1.617]]]}},{"type":"Feature","properties":{"mpio":"19533","nombre":"Piamonte","depto":"Cauca"},"geometry":{"type":"Polygon","coordinates":[[[-76.177,1.562],[-76.094,1.586],[-76.075,1.576],[-76.128,1.504],[-76.133,1.459],[-76.176,1.397],[-76.2,1.328],[-76.161,1.262],[-76.152,1.201],[-76.1,1.221],[-76.087,1.214],[-76.093,1.137],[-76.069,1.135],[-76.05,1.151],[-75.977,1.08],[-75.966,1.05],[-75.995,1.045],[-75.995,1.029],[-76.067,1.05],[-76.095,1.027],[-76.087,1.012],[-76.195,0.989],[-76.309,1.007],[-76.429,1.073],[-76.405,1.085],[-76.415,1.123],[-76.331,1.24],[-76.269,1.29],[-76.246,1.333],[-76.267,1.397],[-76.206,1.436],[-76.177,1.562]]]}},{"type":"Feature","properties":{"mpio":"52260","nombre":"El Tambo","depto":"Nariño"},"geometry":{"type":"Polygon","coordinates":[[[-77.325,1.599],[-77.267,1.57],[-77.247,1.504],[-77.319,1.444],[-77.359,1.457],[-77.423,1.451],[-77.428,1.501],[-77.371,1.492],[-77.375,1.5],[-77.337,1.518],[-77.341,1.569],[-77.325,1.599]]]}},{"type":"Feature","properties":{"mpio":"18610","nombre":"San Jose Del Fragua","depto":"Caqueta"},"geometry":{"type":"Polygon","coordinates":[[[-76.033,1.544],[-76.016,1.464],[-75.982,1.399],[-75.909,1.398],[-75.929,1.185],[-76.021,1.203],[-76.063,1.194],[-76.1,1.221],[-76.152,1.201],[-76.161,1.262],[-76.2,1.328],[-76.176,1.397],[-76.133,1.459],[-76.128,1.504],[-76.086,1.572],[-76.059,1.575],[-76.033,1.544]]]}},{"type":"Feature","properties":{"mpio":"52240","nombre":"Chachagui","depto":"Nariño"},"geometry":{"type":"Polygon","coordinates":[[[-77.239,1.575],[-77.195,1.532],[-77.203,1.514],[-77.183,1.425],[-77.214,1.421],[-77.244,1.442],[-77.243,1.517],[-77.268,1.566],[-77.239,1.575]]]}},{"type":"Feature","properties":{"mpio":"52258","nombre":"El Tablon","depto":"Nariño"},"geometry":{"type":"Polygon","coordinates":[[[-76.872,1.567],[-76.742,1.538],[-76.767,1.481],[-76.736,1.438],[-76.728,1.393],[-76.744,1.365],[-76.786,1.335],[-76.854,1.295],[-76.923,1.275],[-76.961,1.346],[-76.976,1.426],[-77.039,1.491],[-76.99,1.554],[-76.887,1.556],[-76.872,1.567]]]}},{"type":"Feature","properties":{"mpio":"52411","nombre":"Linares","depto":"Nariño"},"geometry":{"type":"Polygon","coordinates":[[[-77.426,1.568],[-77.426,1.462],[-77.414,1.43],[-77.443,1.375],[-77.476,1.398],[-77.475,1.5],[-77.426,1.568]]]}},{"type":"Feature","properties":{"mpio":"52612","nombre":"Ricaurte","depto":"Nariño"},"geometry":{"type":"Polygon","coordinates":[[[-77.842,1.558],[-77.812,1.495],[-77.825,1.461],[-77.784,1.418],[-77.773,1.384],[-77.867,1.28],[-77.865,1.186],[-77.838,1.161],[-77.867,1.159],[-77.925,1.069],[-78.01,1.006],[-78.07,0.978],[-78.173,1.062],[-78.284,1.092],[-78.302,1.123],[-78.4,1.215],[-78.464,1.237],[-78.403,1.465],[-78.248,1.444],[-78.19,1.403],[-78.141,1.344],[-78.127,1.303],[-78.105,1.291],[-78.059,1.317],[-77.965,1.405],[-77.912,1.493],[-77.842,1.558]]]}},{"type":"Feature","properties":{"mpio":"52110","nombre":"Buesaco","depto":"Nariño"},"geometry":{"type":"Polygon","coordinates":[[[-77.199,1.528],[-77.061,1.511],[-76.976,1.426],[-76.961,1.346],[-76.923,1.275],[-77.005,1.251],[-77.161,1.355],[-77.201,1.493],[-77.199,1.528]]]}},{"type":"Feature","properties":{"mpio":"52699","nombre":"Santa Cruz","depto":"Nariño"},"geometry":{"type":"Polygon","coordinates":[[[-77.817,1.519],[-77.773,1.518],[-77.64,1.471],[-77.621,1.439],[-77.568,1.431],[-77.538,1.392],[-77.563,1.321],[-77.616,1.255],[-77.615,1.199],[-77.626,1.181],[-77.651,1.201],[-77.705,1.29],[-77.719,1.352],[-77.773,1.384],[-77.784,1.418],[-77.82,1.45],[-77.824,1.467],[-77.811,1.481],[-77.817,1.519]]]}},{"type":"Feature","properties":{"mpio":"52381","nombre":"La Florida","depto":"Nariño"},"geometry":{"type":"Polygon","coordinates":[[[-77.245,1.512],[-77.237,1.451],[-77.256,1.424],[-77.297,1.403],[-77.305,1.366],[-77.289,1.319],[-77.31,1.317],[-77.356,1.368],[-77.389,1.447],[-77.359,1.457],[-77.319,1.444],[-77.303,1.466],[-77.267,1.478],[-77.245,1.512]]]}},{"type":"Feature","properties":{"mpio":"18150","nombre":"Cartagena Del Chaira","depto":"Caqueta"},"geometry":{"type":"Polygon","coordinates":[[[-75.146,1.449],[-75.103,1.46],[-74.808,1.427],[-74.712,1.299],[-74.684,1.283],[-74.621,1.206],[-74.486,1.097],[-74.466,1.062],[-74.433,1.035],[-74.343,1.0],[-74.278,0.862],[-74.253,0.84],[-74.109,0.751],[-74.012,0.757],[-73.977,0.716],[-73.937,0.7],[-73.855,0.701],[-73.752,0.64],[-73.727,0.599],[-73.681,0.573],[-73.592,0.561],[-73.523,0.529],[-73.502,0.493],[-73.49,0.419],[-73.548,0.414],[-73.654,0.38],[-73.771,0.427],[-73.814,0.425],[-73.875,0.384],[-73.904,0.386],[-73.986,0.355],[-74.029,0.385],[-74.089,0.379],[-74.144,0.441],[-74.178,0.462],[-74.273,0.435],[-74.403,0.424],[-74.406,0.437],[-74.507,0.462],[-74.724,0.577],[-74.761,0.608],[-74.827,0.75],[-74.854,0.775],[-74.866,0.857],[-75.093,0.928],[-75.11,0.952],[-75.111,1.006],[-75.088,1.061],[-75.075,1.164],[-75.128,1.256],[-75.112,1.288],[-75.147,1.371],[-75.146,1.449]]]}},{"type":"Feature","properties":{"mpio":"86001","nombre":"Mocoa","depto":"Putumayo"},"geometry":{"type":"Polygon","coordinates":[[[-76.747,1.351],[-76.687,1.345],[-76.659,1.362],[-76.635,1.448],[-76.601,1.479],[-76.575,1.481],[-76.482,1.411],[-76.448,1.283],[-76.467,1.162],[-76.456,1.09],[-76.323,1.015],[-76.358,1.002],[-76.355,0.977],[-76.258,0.866],[-76.349,0.856],[-76.372,0.868],[-76.485,1.063],[-76.506,1.085],[-76.604,1.118],[-76.623,1.155],[-76.672,1.204],[-76.685,1.234],[-76.681,1.309],[-76.743,1.336],[-76.747,1.351]]]}},{"type":"Feature","properties":{"mpio":"52683","nombre":"Sandona","depto":"Nariño"},"geometry":{"type":"Polygon","coordinates":[[[-77.423,1.451],[-77.383,1.442],[-77.328,1.326],[-77.289,1.319],[-77.278,1.292],[-77.33,1.299],[-77.426,1.339],[-77.44,1.385],[-77.414,1.43],[-77.423,1.451]]]}},{"type":"Feature","properties":{"mpio":"18860","nombre":"Valparaiso","depto":"Caqueta"},"geometry":{"type":"Polygon","coordinates":[[[-75.635,1.424],[-75.625,1.35],[-75.569,1.28],[-75.533,1.19],[-75.511,1.074],[-75.429,0.952],[-75.399,0.936],[-75.476,0.891],[-75.494,0.965],[-75.538,0.992],[-75.586,1.0],[-75.67,1.062],[-75.7,1.122],[-75.706,1.174],[-75.73,1.201],[-75.74,1.26],[-75.729,1.313],[-75.681,1.304],[-75.681,1.408],[-75.635,1.424]]]}},{"type":"Feature","properties":{"mpio":"18460","nombre":"Milan","depto":"Caqueta"},"geometry":{"type":"Polygon","coordinates":[[[-75.635,1.424],[-75.569,1.382],[-75.538,1.399],[-75.449,1.416],[-75.407,1.401],[-75.387,1.381],[-75.373,1.201],[-75.251,1.153],[-75.244,1.061],[-75.26,1.004],[-75.237,0.944],[-75.251,0.93],[-75.329,0.971],[-75.381,0.959],[-75.399,0.936],[-75.429,0.952],[-75.511,1.074],[-75.533,1.19],[-75.569,1.28],[-75.625,1.35],[-75.635,1.424]]]}},{"type":"Feature","properties":{"mpio":"18029","nombre":"Albania","depto":"Caqueta"},"geometry":{"type":"Polygon","coordinates":[[[-75.729,1.313],[-75.74,1.258],[-75.73,1.201],[-75.706,1.174],[-75.701,1.137],[-75.79,1.147],[-75.8,1.214],[-75.839,1.187],[-75.88,1.198],[-75.886,1.247],[-75.922,1.276],[-75.909,1.398],[-75.86,1.414],[-75.764,1.314],[-75.729,1.313]]]}},{"type":"Feature","properties":{"mpio":"52001","nombre":"Pasto","depto":"Nariño"},"geometry":{"type":"Polygon","coordinates":[[[-77.211,1.421],[-77.183,1.425],[-77.161,1.355],[-77.141,1.339],[-77.025,1.26],[-76.99,1.252],[-77.0,1.225],[-76.964,1.004],[-76.973,1.009],[-76.954,0.945],[-76.924,0.91],[-76.927,0.875],[-76.888,0.741],[-76.887,0.701],[-76.968,0.733],[-76.961,0.743],[-77.012,0.876],[-77.13,0.94],[-77.211,1.01],[-77.208,1.072],[-77.23,1.122],[-77.232,1.18],[-77.268,1.264],[-77.222,1.35],[-77.211,1.421]]]}},{"type":"Feature","properties":{"mpio":"52565","nombre":"Providencia","depto":"Nariño"},"geometry":{"type":"Polygon","coordinates":[[[-77.55,1.359],[-77.539,1.39],[-77.492,1.326],[-77.495,1.239],[-77.552,1.253],[-77.541,1.33],[-77.55,1.359]]]}},{"type":"Feature","properties":{"mpio":"52435","nombre":"Mallama","depto":"Nariño"},"geometry":{"type":"Polygon","coordinates":[[[-77.773,1.384],[-77.719,1.352],[-77.705,1.29],[-77.651,1.201],[-77.626,1.181],[-77.657,1.11],[-77.705,1.086],[-77.757,1.087],[-77.786,1.106],[-77.865,1.186],[-77.872,1.214],[-77.867,1.28],[-77.773,1.384]]]}},{"type":"Feature","properties":{"mpio":"52036","nombre":"Ancuya","depto":"Nariño"},"geometry":{"type":"Polygon","coordinates":[[[-77.436,1.377],[-77.433,1.295],[-77.495,1.274],[-77.479,1.38],[-77.468,1.389],[-77.436,1.377]]]}},{"type":"Feature","properties":{"mpio":"86755","nombre":"San Francisco","depto":"Putumayo"},"geometry":{"type":"Polygon","coordinates":[[[-76.755,1.355],[-76.743,1.336],[-76.681,1.309],[-76.685,1.234],[-76.672,1.204],[-76.623,1.155],[-76.598,1.097],[-76.691,1.089],[-76.848,1.145],[-76.842,1.205],[-76.797,1.319],[-76.755,1.355]]]}},{"type":"Feature","properties":{"mpio":"52838","nombre":"Tuquerres","depto":"Nariño"},"geometry":{"type":"Polygon","coordinates":[[[-77.495,1.239],[-77.48,1.161],[-77.505,1.137],[-77.561,1.127],[-77.621,1.18],[-77.616,1.255],[-77.563,1.321],[-77.55,1.359],[-77.541,1.33],[-77.552,1.253],[-77.495,1.239]]]}},{"type":"Feature","properties":{"mpio":"52207","nombre":"Consaca","depto":"Nariño"},"geometry":{"type":"Polygon","coordinates":[[[-77.435,1.35],[-77.399,1.324],[-77.278,1.292],[-77.391,1.213],[-77.396,1.26],[-77.429,1.303],[-77.435,1.35]]]}},{"type":"Feature","properties":{"mpio":"86749","nombre":"Sibundoy","depto":"Putumayo"},"geometry":{"type":"Polygon","coordinates":[[[-76.786,1.335],[-76.842,1.205],[-76.849,1.145],[-76.87,1.234],[-76.903,1.284],[-76.854,1.295],[-76.786,1.335]]]}},{"type":"Feature","properties":{"mpio":"52320","nombre":"Guaitarilla","depto":"Nariño"},"geometry":{"type":"Polygon","coordinates":[[[-77.491,1.272],[-77.429,1.303],[-77.396,1.26],[-77.389,1.192],[-77.431,1.189],[-77.485,1.167],[-77.491,1.272]]]}},{"type":"Feature","properties":{"mpio":"18205","nombre":"Curillo","depto":"Caqueta"},"geometry":{"type":"Polygon","coordinates":[[[-75.922,1.276],[-75.886,1.247],[-75.88,1.198],[-75.862,1.187],[-75.839,1.187],[-75.8,1.214],[-75.792,1.086],[-75.771,0.991],[-75.775,0.943],[-75.836,1.004],[-75.834,1.016],[-75.808,1.023],[-75.81,1.039],[-75.842,1.05],[-75.878,1.086],[-75.886,1.074],[-75.876,1.058],[-75.898,1.072],[-75.962,1.07],[-75.984,1.078],[-76.05,1.151],[-76.069,1.135],[-76.093,1.137],[-76.086,1.203],[-75.993,1.201],[-75.929,1.185],[-75.922,1.276]]]}},{"type":"Feature","properties":{"mpio":"52885","nombre":"Yacuanquer","depto":"Nariño"},"geometry":{"type":"Polygon","coordinates":[[[-77.268,1.272],[-77.298,1.199],[-77.296,1.166],[-77.332,1.153],[-77.346,1.169],[-77.386,1.169],[-77.391,1.213],[-77.278,1.292],[-77.268,1.272]]]}},{"type":"Feature","properties":{"mpio":"86219","nombre":"Colon","depto":"Putumayo"},"geometry":{"type":"Polygon","coordinates":[[[-76.903,1.284],[-76.87,1.234],[-76.849,1.145],[-76.871,1.152],[-76.943,1.216],[-76.998,1.207],[-76.99,1.252],[-76.903,1.284]]]}},{"type":"Feature","properties":{"mpio":"18756","nombre":"Solano","depto":"Caqueta"},"geometry":{"type":"Polygon","coordinates":[[[-75.251,1.153],[-75.222,1.201],[-75.195,1.193],[-75.17,1.152],[-75.103,1.158],[-75.12,1.232],[-75.107,1.223],[-75.075,1.164],[-75.088,1.061],[-75.111,1.006],[-75.11,0.952],[-75.093,0.928],[-74.866,0.857],[-74.854,0.775],[-74.827,0.75],[-74.761,0.608],[-74.724,0.577],[-74.507,0.462],[-74.406,0.437],[-74.403,0.424],[-74.273,0.435],[-74.178,0.462],[-74.144,0.441],[-74.089,0.379],[-74.029,0.385],[-73.986,0.355],[-73.904,0.386],[-73.875,0.384],[-73.814,0.425],[-73.771,0.427],[-73.654,0.38],[-73.548,0.414],[-73.49,0.419],[-73.502,0.493],[-73.523,0.529],[-73.592,0.561],[-73.681,0.573],[-73.727,0.599],[-73.752,0.64],[-73.855,0.701],[-73.937,0.7],[-73.977,0.716],[-73.85,0.822],[-73.595,0.972],[-73.372,1.124],[-73.319,1.133],[-73.313,1.089],[-73.211,0.976],[-73.15,0.931],[-73.124,0.894],[-73.085,0.885],[-73.023,0.804],[-72.969,0.783],[-72.893,0.799],[-72.888,0.83],[-72.856,0.83],[-72.845,0.85],[-72.829,0.853],[-72.823,0.884],[-72.766,0.891],[-72.775,0.912],[-72.758,0.911],[-72.762,0.928],[-72.786,0.959],[-72.751,0.969],[-72.775,1.006],[-72.752,1.015],[-72.759,1.034],[-72.721,1.032],[-72.72,1.048],[-72.669,1.039],[-72.645,1.004],[-72.619,1.011],[-72.627,1.022],[-72.617,1.04],[-72.556,1.011],[-72.547,1.027],[-72.488,0.96],[-72.408,0.911],[-72.361,0.91],[-72.315,0.859],[-72.295,0.819],[-72.301,0.796],[-72.274,0.759],[-72.282,0.734],[-72.239,0.742],[-72.224,0.649],[-72.214,0.653],[-72.215,0.684],[-72.182,0.676],[-72.193,0.656],[-72.184,0.626],[-72.197,0.608],[-72.158,0.572],[-72.15,0.594],[-72.122,0.565],[-72.116,0.502],[-72.096,0.503],[-72.09,0.517],[-72.055,0.503],[-72.061,0.524],[-72.041,0.512],[-72.017,0.523],[-72.0,0.486],[-71.973,0.478],[-71.963,0.461],[-71.975,0.439],[-71.921,0.448],[-71.893,0.434],[-71.891,0.408],[-71.877,0.405],[-71.895,0.371],[-71.881,0.331],[-71.839,0.309],[-71.852,0.341],[-71.839,0.345],[-71.826,0.29],[-71.809,0.276],[-71.825,0.252],[-71.805,0.236],[-71.812,0.218],[-71.78,0.195],[-71.748,0.193],[-71.72,0.156],[-71.739,0.151],[-71.73,0.129],[-71.74,0.1],[-71.699,0.096],[-71.706,0.119],[-71.667,0.11],[-71.684,0.089],[-71.652,0.07],[-71.643,0.036],[-71.605,0.062],[-71.612,0.013],[-71.561,-0.051],[-71.54,-0.056],[-71.514,-0.043],[-71.535,-0.08],[-71.5,-0.08],[-71.466,-0.063],[-71.487,-0.099],[-71.433,-0.107],[-71.443,-0.15],[-71.404,-0.145],[-71.375,-0.103],[-71.364,-0.118],[-71.428,-0.203],[-71.498,-0.257],[-71.514,-0.294],[-71.576,-0.331],[-71.644,-0.394],[-71.684,-0.497],[-71.715,-0.523],[-71.769,-0.532],[-71.886,-0.495],[-71.924,-0.498],[-71.946,-0.52],[-71.951,-0.572],[-72.011,-0.599],[-72.064,-0.644],[-72.12,-0.796],[-72.157,-0.856],[-72.203,-0.87],[-72.233,-0.862],[-72.264,-0.841],[-72.295,-0.804],[-72.297,-0.776],[-72.308,-0.774],[-72.344,-0.798],[-72.439,-0.911],[-72.45,-0.91],[-72.628,-0.749],[-72.651,-0.753],[-72.712,-0.801],[-72.802,-0.798],[-72.849,-0.711],[-72.898,-0.696],[-72.919,-0.701],[-72.94,-0.743],[-72.946,-0.79],[-72.989,-0.773],[-73.067,-0.791],[-73.15,-0.7],[-73.227,-0.666],[-73.26,-0.678],[-73.294,-0.664],[-73.37,-0.669],[-73.408,-0.643],[-73.432,-0.654],[-73.425,-0.628],[-73.454,-0.607],[-73.465,-0.575],[-73.515,-0.578],[-73.514,-0.547],[-73.539,-0.545],[-73.586,-0.507],[-73.619,-0.511],[-73.644,-0.536],[-73.681,-0.534],[-73.888,-0.443],[-73.914,-0.392],[-73.945,-0.388],[-73.995,-0.349],[-74.026,-0.37],[-74.043,-0.366],[-74.062,-0.326],[-74.077,-0.321],[-74.081,-0.339],[-74.145,-0.304],[-74.148,-0.291],[-74.126,-0.263],[-74.13,-0.24],[-74.227,-0.206],[-74.278,-0.222],[-74.294,-0.206],[-74.279,-0.188],[-74.312,-0.17],[-74.335,-0.222],[-74.358,-0.223],[-74.365,-0.189],[-74.386,-0.188],[-74.388,-0.211],[-74.469,-0.178],[-74.49,-0.135],[-74.53,-0.145],[-74.513,-0.102],[-74.553,-0.025],[-74.526,-0.01],[-74.531,0.001],[-74.57,0.01],[-74.564,0.034],[-74.544,0.035],[-74.544,0.089],[-74.577,0.14],[-74.707,0.167],[-74.866,0.231],[-74.845,0.274],[-74.864,0.306],[-74.866,0.354],[-74.847,0.37],[-74.884,0.443],[-74.973,0.451],[-74.971,0.476],[-74.981,0.477],[-75.016,0.45],[-75.078,0.458],[-75.08,0.487],[-75.115,0.535],[-75.09,0.582],[-75.138,0.643],[-75.133,0.689],[-75.148,0.715],[-75.216,0.748],[-75.297,0.735],[-75.359,0.756],[-75.367,0.769],[-75.402,0.771],[-75.426,0.831],[-75.44,0.844],[-75.484,0.849],[-75.492,0.871],[-75.478,0.891],[-75.356,0.97],[-75.329,0.971],[-75.251,0.93],[-75.237,0.944],[-75.26,1.004],[-75.244,1.061],[-75.251,1.153]]]}},{"type":"Feature","properties":{"mpio":"52788","nombre":"Tangua","depto":"Nariño"},"geometry":{"type":"Polygon","coordinates":[[[-77.268,1.264],[-77.232,1.18],[-77.23,1.122],[-77.208,1.072],[-77.211,1.01],[-77.231,1.07],[-77.314,1.098],[-77.333,1.139],[-77.332,1.153],[-77.296,1.166],[-77.298,1.199],[-77.268,1.264]]]}},{"type":"Feature","properties":{"mpio":"86760","nombre":"Santiago","depto":"Putumayo"},"geometry":{"type":"Polygon","coordinates":[[[-76.998,1.207],[-76.943,1.216],[-76.871,1.152],[-76.769,1.11],[-76.691,1.089],[-76.598,1.097],[-76.578,1.012],[-76.601,1.003],[-76.692,1.02],[-76.76,1.016],[-76.811,1.04],[-76.898,1.021],[-76.947,0.982],[-76.973,1.009],[-76.964,1.004],[-76.998,1.207]]]}},{"type":"Feature","properties":{"mpio":"52354","nombre":"Imues","depto":"Nariño"},"geometry":{"type":"Polygon","coordinates":[[[-77.389,1.192],[-77.368,1.126],[-77.368,1.074],[-77.389,1.094],[-77.423,1.101],[-77.444,1.142],[-77.485,1.167],[-77.431,1.189],[-77.389,1.192]]]}},{"type":"Feature","properties":{"mpio":"52720","nombre":"Sapuyes","depto":"Nariño"},"geometry":{"type":"Polygon","coordinates":[[[-77.626,1.181],[-77.561,1.127],[-77.505,1.137],[-77.512,1.075],[-77.597,1.031],[-77.594,1.058],[-77.571,1.09],[-77.626,1.072],[-77.66,1.12],[-77.626,1.181]]]}},{"type":"Feature","properties":{"mpio":"52287","nombre":"Funes","depto":"Nariño"},"geometry":{"type":"Polygon","coordinates":[[[-77.386,1.169],[-77.346,1.169],[-77.314,1.098],[-77.231,1.07],[-77.201,0.997],[-77.13,0.94],[-77.012,0.876],[-76.96,0.735],[-77.085,0.847],[-77.285,0.967],[-77.366,1.001],[-77.376,1.054],[-77.366,1.108],[-77.386,1.169]]]}},{"type":"Feature","properties":{"mpio":"18785","nombre":"Solita","depto":"Caqueta"},"geometry":{"type":"Polygon","coordinates":[[[-75.79,1.147],[-75.701,1.137],[-75.67,1.062],[-75.586,1.0],[-75.538,0.992],[-75.494,0.965],[-75.478,0.891],[-75.492,0.871],[-75.484,0.849],[-75.5,0.85],[-75.505,0.876],[-75.521,0.877],[-75.622,0.858],[-75.631,0.836],[-75.65,0.837],[-75.665,0.882],[-75.693,0.9],[-75.738,0.893],[-75.775,0.943],[-75.79,1.147]]]}},{"type":"Feature","properties":{"mpio":"52227","nombre":"Cumbal","depto":"Nariño"},"geometry":{"type":"Polygon","coordinates":[[[-77.838,1.161],[-77.77,1.094],[-77.705,1.086],[-77.722,1.051],[-77.674,0.99],[-77.679,0.93],[-77.665,0.864],[-77.774,0.826],[-77.847,0.834],[-78.07,0.978],[-77.972,1.028],[-77.889,1.114],[-77.867,1.159],[-77.838,1.161]]]}},{"type":"Feature","properties":{"mpio":"52506","nombre":"Ospina","depto":"Nariño"},"geometry":{"type":"Polygon","coordinates":[[[-77.505,1.137],[-77.48,1.161],[-77.444,1.142],[-77.414,1.1],[-77.489,1.063],[-77.495,1.037],[-77.512,1.032],[-77.519,1.069],[-77.505,1.137]]]}},{"type":"Feature","properties":{"mpio":"86885","nombre":"Villagarzon","depto":"Putumayo"},"geometry":{"type":"Polygon","coordinates":[[[-76.604,1.118],[-76.506,1.085],[-76.388,0.89],[-76.349,0.856],[-76.434,0.84],[-76.457,0.813],[-76.596,0.807],[-76.688,0.824],[-76.744,0.896],[-76.823,0.966],[-76.865,1.035],[-76.801,1.041],[-76.76,1.016],[-76.692,1.02],[-76.601,1.003],[-76.578,1.021],[-76.604,1.118]]]}},{"type":"Feature","properties":{"mpio":"97889","nombre":"Yavarate","depto":"Vaupes"},"geometry":{"type":"Polygon","coordinates":[[[-69.951,0.101],[-69.984,0.19],[-70.044,0.459],[-70.032,0.471],[-70.01,0.467],[-69.999,0.506],[-69.978,0.499],[-69.915,0.513],[-69.837,0.504],[-69.811,0.483],[-69.779,0.486],[-69.779,0.534],[-69.807,0.577],[-69.758,0.628],[-69.713,0.631],[-69.659,0.657],[-69.622,0.651],[-69.611,0.644],[-69.611,0.623],[-69.525,0.627],[-69.483,0.602],[-69.404,0.595],[-69.36,0.565],[-69.241,0.574],[-69.133,0.504],[-69.132,0.439],[-69.1,0.416],[-69.101,0.406],[-69.114,0.407],[-69.111,0.384],[-69.078,0.331],[-69.099,0.295],[-69.094,0.23],[-69.116,0.202],[-69.109,0.175],[-69.063,0.137],[-69.057,0.103],[-69.066,0.099],[-69.129,0.108],[-69.155,0.078],[-69.206,0.087],[-69.226,0.124],[-69.302,0.115],[-69.321,0.153],[-69.4,0.231],[-69.427,0.235],[-69.458,0.198],[-69.53,0.163],[-69.536,0.149],[-69.556,0.15],[-69.574,0.182],[-69.604,0.18],[-69.645,0.172],[-69.646,0.147],[-69.663,0.136],[-69.723,0.121],[-69.904,0.123],[-69.951,0.101]]]}},{"type":"Feature","properties":{"mpio":"52317","nombre":"Guachucal","depto":"Nariño"},"geometry":{"type":"Polygon","coordinates":[[[-77.705,1.086],[-77.657,1.11],[-77.626,1.072],[-77.584,1.092],[-77.57,1.081],[-77.634,0.991],[-77.674,0.986],[-77.693,1.025],[-77.722,1.051],[-77.705,1.086]]]}},{"type":"Feature","properties":{"mpio":"86571","nombre":"Puerto Guzman","depto":"Putumayo"},"geometry":{"type":"Polygon","coordinates":[[[-76.323,1.015],[-76.195,0.989],[-76.162,1.002],[-76.131,0.998],[-76.087,1.012],[-76.095,1.027],[-76.067,1.05],[-75.995,1.029],[-75.995,1.045],[-75.966,1.05],[-75.977,1.08],[-75.962,1.07],[-75.898,1.072],[-75.876,1.058],[-75.886,1.074],[-75.878,1.086],[-75.842,1.05],[-75.81,1.039],[-75.808,1.023],[-75.834,1.016],[-75.836,1.004],[-75.815,0.994],[-75.738,0.893],[-75.693,0.9],[-75.665,0.882],[-75.65,0.837],[-75.631,0.836],[-75.622,0.858],[-75.505,0.876],[-75.5,0.85],[-75.44,0.844],[-75.426,0.831],[-75.402,0.771],[-75.367,0.769],[-75.311,0.738],[-75.273,0.738],[-75.293,0.635],[-75.324,0.553],[-75.336,0.537],[-75.507,0.459],[-75.561,0.437],[-75.622,0.429],[-75.632,0.482],[-75.653,0.516],[-75.7,0.526],[-75.72,0.508],[-75.751,0.523],[-75.774,0.558],[-75.828,0.569],[-75.862,0.597],[-75.858,0.628],[-75.879,0.669],[-75.975,0.7],[-76.15,0.791],[-76.213,0.797],[-76.355,0.977],[-76.358,1.002],[-76.323,1.015]]]}},{"type":"Feature","properties":{"mpio":"52352","nombre":"Iles","depto":"Nariño"},"geometry":{"type":"Polygon","coordinates":[[[-77.414,1.1],[-77.368,1.074],[-77.376,1.042],[-77.366,1.012],[-77.431,0.999],[-77.448,1.023],[-77.495,1.037],[-77.497,1.053],[-77.414,1.1]]]}},{"type":"Feature","properties":{"mpio":"52585","nombre":"Pupiales","depto":"Nariño"},"geometry":{"type":"Polygon","coordinates":[[[-77.512,1.075],[-77.499,0.977],[-77.44,0.943],[-77.461,0.932],[-77.459,0.922],[-77.491,0.936],[-77.532,0.91],[-77.568,0.916],[-77.581,0.924],[-77.574,0.948],[-77.597,1.031],[-77.512,1.075]]]}},{"type":"Feature","properties":{"mpio":"52323","nombre":"Gualmatan","depto":"Nariño"},"geometry":{"type":"Polygon","coordinates":[[[-77.512,1.032],[-77.479,1.038],[-77.448,1.023],[-77.45,0.982],[-77.466,0.954],[-77.499,0.977],[-77.512,1.032]]]}},{"type":"Feature","properties":{"mpio":"86320","nombre":"Orito","depto":"Putumayo"},"geometry":{"type":"Polygon","coordinates":[[[-76.865,1.035],[-76.823,0.966],[-76.744,0.896],[-76.688,0.824],[-76.609,0.814],[-76.57,0.768],[-76.555,0.702],[-76.656,0.463],[-76.743,0.446],[-76.8,0.485],[-76.861,0.551],[-76.901,0.52],[-76.943,0.448],[-76.939,0.479],[-76.988,0.562],[-76.976,0.617],[-77.003,0.665],[-76.878,0.698],[-76.922,0.847],[-76.924,0.91],[-76.954,0.945],[-76.973,1.009],[-76.947,0.982],[-76.865,1.035]]]}},{"type":"Feature","properties":{"mpio":"52022","nombre":"Aldana","depto":"Nariño"},"geometry":{"type":"Polygon","coordinates":[[[-77.634,0.991],[-77.613,1.026],[-77.597,1.031],[-77.574,0.948],[-77.58,0.88],[-77.596,0.879],[-77.634,0.991]]]}},{"type":"Feature","properties":{"mpio":"52210","nombre":"Contadero","depto":"Nariño"},"geometry":{"type":"Polygon","coordinates":[[[-77.366,1.012],[-77.361,0.986],[-77.39,0.965],[-77.44,0.943],[-77.466,0.954],[-77.447,1.009],[-77.431,0.999],[-77.366,1.012]]]}},{"type":"Feature","properties":{"mpio":"52573","nombre":"Puerres","depto":"Nariño"},"geometry":{"type":"Polygon","coordinates":[[[-77.43,0.945],[-77.358,0.996],[-77.285,0.967],[-77.041,0.817],[-76.968,0.733],[-76.878,0.698],[-76.952,0.674],[-76.984,0.722],[-77.115,0.835],[-77.275,0.883],[-77.346,0.927],[-77.392,0.922],[-77.43,0.945]]]}},{"type":"Feature","properties":{"mpio":"52224","nombre":"Cuaspud","depto":"Nariño"},"geometry":{"type":"Polygon","coordinates":[[[-77.674,0.986],[-77.624,0.983],[-77.596,0.879],[-77.662,0.866],[-77.679,0.93],[-77.674,0.986]]]}},{"type":"Feature","properties":{"mpio":"52215","nombre":"Cordoba","depto":"Nariño"},"geometry":{"type":"Polygon","coordinates":[[[-77.44,0.943],[-77.392,0.922],[-77.346,0.927],[-77.275,0.883],[-77.115,0.835],[-76.984,0.722],[-76.952,0.674],[-77.012,0.707],[-77.062,0.708],[-77.056,0.747],[-77.069,0.753],[-77.187,0.8],[-77.283,0.817],[-77.282,0.854],[-77.446,0.894],[-77.461,0.932],[-77.44,0.943]]]}},{"type":"Feature","properties":{"mpio":"52356","nombre":"Ipiales","depto":"Nariño"},"geometry":{"type":"Polygon","coordinates":[[[-77.581,0.924],[-77.532,0.91],[-77.491,0.936],[-77.451,0.925],[-77.45,0.894],[-77.479,0.838],[-77.356,0.802],[-77.203,0.711],[-77.142,0.697],[-77.012,0.707],[-76.97,0.686],[-76.959,0.672],[-77.004,0.661],[-76.976,0.617],[-76.988,0.562],[-76.939,0.479],[-76.938,0.387],[-77.004,0.387],[-77.06,0.366],[-77.103,0.371],[-77.182,0.405],[-77.215,0.399],[-77.23,0.383],[-77.27,0.39],[-77.354,0.521],[-77.365,0.57],[-77.36,0.626],[-77.391,0.663],[-77.5,0.703],[-77.547,0.748],[-77.554,0.774],[-77.535,0.839],[-77.55,0.869],[-77.58,0.88],[-77.581,0.924]]]}},{"type":"Feature","properties":{"mpio":"52560","nombre":"Potosi","depto":"Nariño"},"geometry":{"type":"Polygon","coordinates":[[[-77.449,0.906],[-77.446,0.894],[-77.39,0.874],[-77.282,0.854],[-77.283,0.817],[-77.187,0.8],[-77.069,0.753],[-77.056,0.747],[-77.062,0.708],[-77.142,0.697],[-77.203,0.711],[-77.356,0.802],[-77.479,0.838],[-77.449,0.906]]]}},{"type":"Feature","properties":{"mpio":"97511","nombre":"Pacoa","depto":"Vaupes"},"geometry":{"type":"Polygon","coordinates":[[[-71.691,0.641],[-71.698,0.6],[-71.686,0.572],[-71.618,0.478],[-71.563,0.345],[-71.538,0.342],[-71.458,0.372],[-71.222,0.34],[-71.162,0.309],[-71.108,0.255],[-71.064,0.24],[-70.959,0.248],[-70.922,0.264],[-70.905,0.255],[-70.897,0.266],[-70.906,0.278],[-70.895,0.285],[-70.827,0.262],[-70.831,0.246],[-70.812,0.232],[-70.773,0.258],[-70.668,0.256],[-70.652,0.24],[-70.651,0.188],[-70.601,0.133],[-70.594,0.092],[-70.547,0.085],[-70.553,0.061],[-70.538,0.032],[-70.501,0.049],[-70.393,0.248],[-70.368,0.251],[-70.354,0.204],[-70.355,0.131],[-70.382,0.064],[-70.38,0.037],[-70.362,0.013],[-70.307,-0.018],[-70.266,-0.065],[-70.21,-0.074],[-70.13,-0.063],[-70.065,-0.111],[-70.025,-0.168],[-69.967,-0.157],[-69.989,-0.556],[-70.01,-0.579],[-69.99,-0.629],[-69.995,-0.637],[-70.05,-0.617],[-70.076,-0.632],[-70.027,-0.681],[-70.032,-0.73],[-70.048,-0.729],[-70.059,-0.703],[-70.075,-0.736],[-70.121,-0.714],[-70.135,-0.73],[-70.151,-0.779],[-70.134,-0.792],[-70.103,-0.778],[-70.081,-0.796],[-70.107,-0.851],[-70.143,-0.879],[-70.221,-0.843],[-70.236,-0.865],[-70.284,-0.87],[-70.25,-0.902],[-70.289,-0.905],[-70.315,-0.877],[-70.378,-0.891],[-70.379,-0.852],[-70.43,-0.775],[-70.478,-0.755],[-70.498,-0.771],[-70.553,-0.709],[-70.582,-0.722],[-70.67,-0.659],[-70.703,-0.703],[-70.758,-0.714],[-70.804,-0.659],[-70.804,-0.594],[-70.86,-0.499],[-70.847,-0.477],[-70.819,-0.468],[-70.892,-0.364],[-70.925,-0.343],[-70.947,-0.349],[-70.952,-0.368],[-70.968,-0.35],[-70.964,-0.334],[-71.024,-0.313],[-71.041,-0.287],[-71.058,-0.294],[-71.089,-0.224],[-71.103,-0.218],[-71.131,-0.219],[-71.143,-0.249],[-71.208,-0.226],[-71.241,-0.176],[-71.248,-0.14],[-71.258,-0.133],[-71.266,-0.151],[-71.309,-0.097],[-71.325,-0.139],[-71.374,-0.134],[-71.364,-0.118],[-71.375,-0.103],[-71.404,-0.145],[-71.443,-0.15],[-71.433,-0.107],[-71.487,-0.099],[-71.466,-0.063],[-71.5,-0.08],[-71.535,-0.08],[-71.514,-0.043],[-71.54,-0.056],[-71.561,-0.051],[-71.612,0.013],[-71.605,0.062],[-71.643,0.036],[-71.652,0.07],[-71.684,0.089],[-71.667,0.11],[-71.706,0.119],[-71.699,0.096],[-71.74,0.1],[-71.73,0.129],[-71.739,0.151],[-71.72,0.156],[-71.748,0.193],[-71.78,0.195],[-71.812,0.218],[-71.805,0.236],[-71.825,0.252],[-71.809,0.276],[-71.826,0.29],[-71.825,0.317],[-71.839,0.345],[-71.852,0.341],[-71.839,0.309],[-71.881,0.331],[-71.895,0.371],[-71.877,0.405],[-71.891,0.408],[-71.893,0.434],[-71.921,0.448],[-71.691,0.641]]]}},{"type":"Feature","properties":{"mpio":"86569","nombre":"Puerto Caicedo","depto":"Putumayo"},"geometry":{"type":"Polygon","coordinates":[[[-76.434,0.84],[-76.258,0.866],[-76.205,0.792],[-76.15,0.791],[-75.975,0.7],[-75.879,0.669],[-75.855,0.605],[-75.905,0.593],[-76.34,0.609],[-76.357,0.589],[-76.376,0.59],[-76.404,0.613],[-76.463,0.602],[-76.502,0.632],[-76.551,0.627],[-76.58,0.641],[-76.555,0.702],[-76.57,0.768],[-76.593,0.786],[-76.596,0.807],[-76.457,0.813],[-76.434,0.84]]]}},{"type":"Feature","properties":{"mpio":"86573","nombre":"Puerto Leguizamo","depto":"Putumayo"},"geometry":{"type":"Polygon","coordinates":[[[-75.273,0.738],[-75.216,0.748],[-75.148,0.715],[-75.133,0.689],[-75.138,0.643],[-75.09,0.582],[-75.115,0.535],[-75.08,0.487],[-75.078,0.458],[-75.016,0.45],[-74.981,0.477],[-74.971,0.476],[-74.973,0.451],[-74.884,0.443],[-74.847,0.37],[-74.866,0.354],[-74.864,0.306],[-74.845,0.274],[-74.866,0.231],[-74.707,0.167],[-74.577,0.14],[-74.544,0.089],[-74.544,0.035],[-74.564,0.034],[-74.57,0.01],[-74.531,0.001],[-74.526,-0.01],[-74.553,-0.025],[-74.513,-0.102],[-74.53,-0.145],[-74.49,-0.135],[-74.469,-0.178],[-74.388,-0.211],[-74.386,-0.188],[-74.365,-0.189],[-74.358,-0.223],[-74.335,-0.222],[-74.312,-0.17],[-74.279,-0.188],[-74.294,-0.206],[-74.278,-0.222],[-74.227,-0.206],[-74.13,-0.24],[-74.126,-0.263],[-74.148,-0.291],[-74.145,-0.304],[-74.081,-0.339],[-74.077,-0.321],[-74.062,-0.326],[-74.035,-0.369],[-73.995,-0.349],[-73.981,-0.356],[-73.951,-0.385],[-73.914,-0.392],[-73.888,-0.443],[-73.716,-0.521],[-74.226,-0.655],[-74.26,-0.638],[-74.26,-0.598],[-74.324,-0.571],[-74.341,-0.543],[-74.361,-0.56],[-74.399,-0.477],[-74.438,-0.447],[-74.459,-0.437],[-74.498,-0.452],[-74.513,-0.415],[-74.552,-0.417],[-74.556,-0.369],[-74.592,-0.304],[-74.666,-0.222],[-74.672,-0.267],[-74.716,-0.287],[-74.754,-0.249],[-74.787,-0.255],[-74.825,-0.203],[-74.945,-0.112],[-75.037,-0.068],[-75.067,-0.081],[-75.097,-0.135],[-75.121,-0.146],[-75.189,-0.112],[-75.258,-0.108],[-75.288,-0.073],[-75.402,-0.021],[-75.461,0.058],[-75.545,0.028],[-75.666,0.065],[-75.789,0.175],[-75.811,0.218],[-75.847,0.245],[-75.849,0.273],[-75.872,0.31],[-75.949,0.348],[-75.984,0.344],[-75.994,0.376],[-75.561,0.437],[-75.336,0.537],[-75.293,0.635],[-75.273,0.738]]]}},{"type":"Feature","properties":{"mpio":"86568","nombre":"Puerto Asis","depto":"Putumayo"},"geometry":{"type":"Polygon","coordinates":[[[-75.862,0.597],[-75.828,0.569],[-75.774,0.558],[-75.751,0.523],[-75.72,0.508],[-75.7,0.526],[-75.663,0.523],[-75.632,0.482],[-75.622,0.429],[-75.994,0.376],[-76.015,0.396],[-76.118,0.413],[-76.179,0.44],[-76.205,0.4],[-76.288,0.405],[-76.274,0.269],[-76.336,0.271],[-76.406,0.24],[-76.447,0.412],[-76.468,0.442],[-76.656,0.463],[-76.58,0.641],[-76.551,0.627],[-76.502,0.632],[-76.463,0.602],[-76.404,0.613],[-76.376,0.59],[-76.357,0.589],[-76.34,0.609],[-75.862,0.597]]]}},{"type":"Feature","properties":{"mpio":"86865","nombre":"Valle Del Guamuez","depto":"Putumayo"},"geometry":{"type":"Polygon","coordinates":[[[-76.943,0.448],[-76.901,0.52],[-76.861,0.551],[-76.8,0.485],[-76.743,0.446],[-76.656,0.463],[-76.591,0.452],[-76.556,0.46],[-76.468,0.442],[-76.449,0.416],[-76.619,0.414],[-76.728,0.397],[-76.759,0.359],[-76.766,0.287],[-76.789,0.317],[-76.908,0.325],[-76.945,0.386],[-76.933,0.42],[-76.943,0.448]]]}},{"type":"Feature","properties":{"mpio":"86757","nombre":"San Miguel","depto":"Putumayo"},"geometry":{"type":"Polygon","coordinates":[[[-76.449,0.416],[-76.409,0.263],[-76.406,0.24],[-76.42,0.229],[-76.431,0.225],[-76.474,0.282],[-76.512,0.295],[-76.63,0.299],[-76.606,0.253],[-76.667,0.28],[-76.706,0.266],[-76.766,0.287],[-76.759,0.359],[-76.728,0.397],[-76.619,0.414],[-76.449,0.416]]]}},{"type":"Feature","properties":{"mpio":"91460","nombre":"Miriti-Parana","depto":"Amazonas"},"geometry":{"type":"Polygon","coordinates":[[[-71.501,-0.265],[-71.495,-0.291],[-71.345,-0.305],[-71.322,-0.321],[-71.312,-0.405],[-71.286,-0.453],[-71.255,-0.48],[-71.136,-0.527],[-71.058,-0.605],[-70.97,-0.627],[-70.914,-0.671],[-70.773,-0.694],[-70.758,-0.714],[-70.703,-0.703],[-70.67,-0.659],[-70.582,-0.722],[-70.57,-0.708],[-70.545,-0.714],[-70.498,-0.771],[-70.478,-0.755],[-70.447,-0.76],[-70.415,-0.791],[-70.438,-1.859],[-70.457,-1.835],[-70.502,-1.813],[-70.601,-1.871],[-70.639,-1.84],[-70.664,-1.796],[-70.795,-1.761],[-70.909,-1.611],[-70.996,-1.533],[-71.133,-1.48],[-71.268,-1.252],[-71.481,-1.201],[-71.579,-1.261],[-71.607,-1.259],[-71.631,-1.243],[-71.642,-1.211],[-71.634,-1.174],[-71.596,-1.12],[-71.603,-1.068],[-71.703,-1.067],[-71.782,-1.004],[-71.811,-0.996],[-71.891,-1.014],[-71.884,-0.497],[-71.769,-0.532],[-71.715,-0.523],[-71.684,-0.497],[-71.644,-0.394],[-71.576,-0.331],[-71.514,-0.294],[-71.501,-0.265]]]}},{"type":"Feature","properties":{"mpio":"97666","nombre":"Taraira","depto":"Vaupes"},"geometry":{"type":"Polygon","coordinates":[[[-69.989,-0.556],[-69.942,-0.674],[-69.85,-0.796],[-69.795,-0.802],[-69.755,-0.855],[-69.711,-0.878],[-69.664,-0.936],[-69.568,-1.002],[-69.538,-1.146],[-69.582,-1.247],[-69.511,-1.358],[-69.49,-1.402],[-69.488,-1.441],[-69.412,-1.536],[-69.412,-1.569],[-69.399,-1.587],[-69.402,-1.614],[-69.454,-1.621],[-69.442,-1.676],[-69.461,-1.683],[-69.446,-1.713],[-69.455,-1.746],[-69.536,-1.707],[-69.553,-1.683],[-69.592,-1.695],[-69.602,-1.734],[-69.632,-1.732],[-69.647,-1.702],[-69.641,-1.644],[-69.619,-1.627],[-69.622,-1.616],[-69.686,-1.535],[-69.714,-1.527],[-69.733,-1.538],[-69.718,-1.576],[-69.698,-1.588],[-69.706,-1.598],[-69.739,-1.588],[-69.775,-1.519],[-69.796,-1.525],[-69.826,-1.557],[-69.909,-1.568],[-69.92,-1.555],[-69.898,-1.529],[-69.896,-1.477],[-69.86,-1.452],[-69.892,-1.421],[-69.943,-1.437],[-69.97,-1.393],[-69.987,-1.434],[-70.017,-1.407],[-70.075,-1.436],[-70.081,-1.465],[-70.034,-1.472],[-70.025,-1.504],[-70.067,-1.516],[-70.091,-1.565],[-70.161,-1.491],[-70.139,-1.461],[-70.137,-1.424],[-70.166,-1.43],[-70.176,-1.457],[-70.204,-1.455],[-70.227,-1.418],[-70.228,-1.385],[-70.197,-1.376],[-70.168,-1.314],[-70.208,-1.253],[-70.219,-1.204],[-70.188,-1.177],[-70.192,-1.028],[-70.219,-0.989],[-70.24,-1.007],[-70.236,-0.973],[-70.162,-0.905],[-70.133,-0.909],[-70.143,-0.879],[-70.107,-0.851],[-70.095,-0.812],[-70.08,-0.804],[-70.087,-0.783],[-70.111,-0.779],[-70.134,-0.792],[-70.151,-0.768],[-70.121,-0.714],[-70.075,-0.736],[-70.059,-0.703],[-70.048,-0.729],[-70.03,-0.728],[-70.027,-0.681],[-70.076,-0.632],[-70.05,-0.617],[-69.992,-0.635],[-70.01,-0.579],[-69.989,-0.556]]]}},{"type":"Feature","properties":{"mpio":"91669","nombre":"Puerto Santander","depto":"Amazonas"},"geometry":{"type":"Polygon","coordinates":[[[-71.884,-0.497],[-71.891,-1.014],[-71.811,-0.996],[-71.782,-1.004],[-71.703,-1.067],[-71.603,-1.068],[-71.596,-1.12],[-71.634,-1.174],[-71.642,-1.211],[-71.631,-1.243],[-71.607,-1.259],[-71.579,-1.261],[-71.481,-1.201],[-71.268,-1.252],[-71.133,-1.48],[-70.996,-1.533],[-70.909,-1.611],[-70.795,-1.761],[-70.664,-1.796],[-70.657,-1.805],[-70.677,-1.837],[-70.797,-1.867],[-71.206,-1.853],[-71.226,-1.862],[-71.24,-1.89],[-71.196,-1.937],[-71.147,-1.957],[-71.151,-1.971],[-71.216,-1.985],[-71.234,-2.02],[-71.239,-1.982],[-71.253,-1.969],[-71.278,-1.969],[-71.307,-1.992],[-71.346,-1.981],[-71.379,-2.029],[-71.423,-2.047],[-71.59,-2.19],[-71.626,-2.192],[-71.649,-2.182],[-71.672,-2.145],[-71.759,-2.115],[-71.832,-2.054],[-71.918,-2.008],[-71.959,-1.86],[-72.05,-1.789],[-72.077,-1.662],[-72.094,-1.661],[-72.104,-1.675],[-72.135,-1.65],[-72.161,-1.709],[-72.178,-1.708],[-72.205,-1.673],[-72.269,-1.658],[-72.424,-1.656],[-72.617,-1.619],[-72.615,-1.536],[-72.883,-0.699],[-72.849,-0.711],[-72.828,-0.736],[-72.802,-0.798],[-72.712,-0.801],[-72.651,-0.753],[-72.628,-0.749],[-72.45,-0.91],[-72.439,-0.911],[-72.344,-0.798],[-72.308,-0.774],[-72.297,-0.776],[-72.295,-0.804],[-72.264,-0.841],[-72.203,-0.87],[-72.157,-0.856],[-72.13,-0.819],[-72.064,-0.644],[-72.011,-0.599],[-71.951,-0.572],[-71.946,-0.52],[-71.924,-0.498],[-71.884,-0.497]]]}},{"type":"Feature","properties":{"mpio":"91405","nombre":"La Chorrera","depto":"Amazonas"},"geometry":{"type":"Polygon","coordinates":[[[-73.716,-0.521],[-73.644,-0.536],[-73.619,-0.511],[-73.586,-0.507],[-73.539,-0.545],[-73.514,-0.547],[-73.515,-0.578],[-73.465,-0.575],[-73.454,-0.607],[-73.425,-0.628],[-73.432,-0.654],[-73.408,-0.643],[-73.37,-0.669],[-73.294,-0.664],[-73.26,-0.678],[-73.227,-0.666],[-73.15,-0.7],[-73.067,-0.791],[-72.989,-0.773],[-72.946,-0.79],[-72.94,-0.743],[-72.919,-0.701],[-72.883,-0.699],[-72.615,-1.536],[-72.617,-1.619],[-72.424,-1.656],[-72.269,-1.658],[-72.205,-1.673],[-72.178,-1.708],[-72.161,-1.709],[-72.135,-1.65],[-72.104,-1.675],[-72.094,-1.661],[-72.077,-1.662],[-72.05,-1.789],[-71.959,-1.86],[-71.918,-2.008],[-71.902,-2.022],[-71.906,-2.499],[-71.951,-2.486],[-72.028,-2.508],[-72.038,-2.503],[-72.008,-2.466],[-72.01,-2.453],[-72.07,-2.457],[-72.147,-2.429],[-72.192,-2.355],[-72.194,-2.309],[-72.248,-2.283],[-72.287,-2.21],[-72.331,-2.194],[-72.344,-2.145],[-72.454,-2.086],[-72.475,-2.022],[-72.576,-2.03],[-72.611,-1.959],[-72.672,-1.922],[-72.694,-1.879],[-72.779,-1.785],[-72.83,-1.765],[-72.849,-1.741],[-73.009,-1.729],[-73.716,-0.521]]]}},{"type":"Feature","properties":{"mpio":"91407","nombre":"La Pedrera","depto":"Amazonas"},"geometry":{"type":"Polygon","coordinates":[[[-70.413,-0.795],[-70.379,-0.852],[-70.378,-0.891],[-70.315,-0.877],[-70.289,-0.905],[-70.25,-0.902],[-70.284,-0.87],[-70.236,-0.865],[-70.221,-0.843],[-70.134,-0.886],[-70.133,-0.909],[-70.162,-0.905],[-70.215,-0.948],[-70.241,-0.994],[-70.237,-1.011],[-70.219,-0.989],[-70.192,-1.028],[-70.188,-1.177],[-70.219,-1.204],[-70.208,-1.253],[-70.168,-1.314],[-70.197,-1.376],[-70.223,-1.379],[-70.231,-1.395],[-70.204,-1.455],[-70.176,-1.457],[-70.166,-1.43],[-70.137,-1.424],[-70.139,-1.461],[-70.161,-1.491],[-70.127,-1.516],[-70.107,-1.559],[-70.091,-1.565],[-70.067,-1.516],[-70.025,-1.504],[-70.034,-1.472],[-70.081,-1.465],[-70.075,-1.436],[-70.017,-1.407],[-69.987,-1.434],[-69.97,-1.393],[-69.943,-1.437],[-69.902,-1.418],[-69.86,-1.452],[-69.896,-1.477],[-69.898,-1.529],[-69.92,-1.555],[-69.909,-1.568],[-69.826,-1.557],[-69.796,-1.525],[-69.775,-1.519],[-69.726,-1.595],[-69.698,-1.588],[-69.718,-1.576],[-69.733,-1.538],[-69.725,-1.53],[-69.686,-1.535],[-69.658,-1.559],[-69.619,-1.627],[-69.641,-1.644],[-69.647,-1.702],[-69.621,-1.737],[-69.602,-1.734],[-69.592,-1.695],[-69.553,-1.683],[-69.536,-1.707],[-69.455,-1.746],[-69.446,-1.713],[-69.461,-1.683],[-69.442,-1.676],[-69.454,-1.621],[-69.401,-1.608],[-69.379,-1.646],[-69.374,-1.678],[-69.41,-1.759],[-69.388,-1.867],[-69.419,-1.984],[-69.445,-2.028],[-69.445,-2.097],[-69.552,-2.653],[-70.453,-2.536],[-70.413,-0.795]]]}},{"type":"Feature","properties":{"mpio":"91263","nombre":"El Encanto","depto":"Amazonas"},"geometry":{"type":"Polygon","coordinates":[[[-73.324,-1.706],[-72.849,-1.741],[-72.83,-1.765],[-72.779,-1.785],[-72.694,-1.879],[-72.672,-1.922],[-72.611,-1.959],[-72.576,-2.03],[-72.475,-2.022],[-72.454,-2.086],[-72.344,-2.145],[-72.331,-2.194],[-72.287,-2.21],[-72.248,-2.283],[-72.194,-2.309],[-72.192,-2.355],[-72.147,-2.429],[-72.07,-2.457],[-72.01,-2.453],[-72.008,-2.466],[-72.038,-2.503],[-72.028,-2.508],[-71.951,-2.486],[-71.89,-2.5],[-71.841,-2.531],[-71.797,-2.517],[-71.74,-2.52],[-71.725,-2.528],[-71.747,-2.601],[-71.802,-2.61],[-71.796,-2.673],[-71.826,-2.653],[-71.851,-2.661],[-71.922,-2.625],[-71.932,-2.65],[-72.003,-2.712],[-72.001,-2.758],[-72.015,-2.753],[-72.029,-2.719],[-72.084,-2.711],[-72.162,-2.752],[-72.205,-2.759],[-72.227,-2.743],[-72.243,-2.69],[-72.383,-2.679],[-72.477,-2.639],[-72.509,-2.719],[-72.528,-2.699],[-72.526,-2.68],[-72.562,-2.65],[-72.575,-2.698],[-72.594,-2.661],[-72.608,-2.658],[-72.752,-2.721],[-72.74,-2.687],[-72.776,-2.641],[-72.772,-2.593],[-72.779,-2.586],[-72.82,-2.607],[-72.853,-2.565],[-72.866,-2.568],[-72.881,-2.611],[-72.884,-2.565],[-72.936,-2.572],[-72.927,-2.539],[-72.994,-2.458],[-72.99,-2.443],[-72.95,-2.425],[-72.922,-2.364],[-72.893,-2.339],[-72.926,-2.316],[-72.926,-2.274],[-72.943,-2.246],[-72.936,-2.121],[-72.975,-2.1],[-72.98,-2.046],[-73.034,-2.009],[-73.053,-1.968],[-73.074,-2.021],[-73.087,-2.024],[-73.087,-2.001],[-73.138,-1.996],[-73.133,-2.034],[-73.142,-2.033],[-73.193,-1.994],[-73.244,-1.993],[-73.275,-1.945],[-73.356,-1.921],[-73.36,-1.894],[-73.344,-1.876],[-73.335,-1.829],[-73.294,-1.789],[-73.292,-1.771],[-73.325,-1.75],[-73.316,-1.725],[-73.324,-1.706]]]}},{"type":"Feature","properties":{"mpio":"91798","nombre":"Tarapaca","depto":"Amazonas"},"geometry":{"type":"Polygon","coordinates":[[[-70.453,-2.536],[-69.552,-2.653],[-69.744,-3.612],[-69.961,-3.575],[-70.002,-3.587],[-70.02,-3.636],[-70.044,-3.611],[-70.084,-3.638],[-70.132,-3.632],[-70.18,-3.657],[-70.241,-3.653],[-70.286,-3.635],[-70.053,-3.252],[-70.06,-3.164],[-70.083,-3.14],[-70.1,-3.182],[-70.137,-3.194],[-70.128,-3.139],[-70.151,-3.102],[-70.191,-3.132],[-70.189,-3.057],[-70.209,-3.033],[-70.28,-3.037],[-70.307,-3.018],[-70.259,-2.995],[-70.255,-2.976],[-70.3,-2.956],[-70.387,-2.963],[-70.419,-2.901],[-70.451,-2.913],[-70.459,-2.906],[-70.453,-2.536]]]}},{"type":"Feature","properties":{"mpio":"91001","nombre":"Leticia","depto":"Amazonas"},"geometry":{"type":"Polygon","coordinates":[[[-70.286,-3.635],[-70.241,-3.653],[-70.18,-3.657],[-70.132,-3.632],[-70.084,-3.638],[-70.044,-3.611],[-70.02,-3.636],[-70.002,-3.587],[-69.961,-3.575],[-69.744,-3.612],[-69.956,-4.739],[-70.139,-4.493],[-70.206,-4.312],[-70.247,-4.29],[-70.263,-4.295],[-70.248,-4.217],[-70.272,-4.105],[-70.286,-3.635]]]}},{"type":"Feature","properties":{"mpio":"91540","nombre":"Puerto Nari¥O","depto":"Amazonas"},"geometry":{"type":"Polygon","coordinates":[[[-70.286,-3.635],[-70.272,-4.105],[-70.248,-4.217],[-70.263,-4.295],[-70.345,-4.267],[-70.411,-4.332],[-70.438,-4.342],[-70.527,-4.299],[-70.583,-4.297],[-70.628,-4.249],[-70.652,-4.241],[-70.286,-3.635]]]}},{"type":"Feature","properties":{"mpio":"70233","nombre":"El Roble","depto":"Sucre"},"geometry":{"type":"Polygon","coordinates":[[[-75.221,9.331],[-75.126,9.289],[-75.146,9.241],[-75.184,9.227],[-75.211,9.255],[-75.26,9.207],[-75.267,9.234],[-75.306,9.22],[-75.316,9.231],[-75.303,9.241],[-75.329,9.255],[-75.364,9.247],[-75.378,9.275],[-75.373,9.303],[-75.409,9.375],[-75.381,9.369],[-75.357,9.334],[-75.28,9.312],[-75.281,9.293],[-75.256,9.304],[-75.247,9.325],[-75.28,9.375],[-75.272,9.397],[-75.237,9.384],[-75.221,9.331]]]}},{"type":"Feature","properties":{"mpio":"44420","nombre":"La Jagua Del Pilar","depto":"La Guajira"},"geometry":{"type":"Polygon","coordinates":[[[-73.065,10.598],[-73.02,10.599],[-73.011,10.622],[-72.986,10.616],[-72.986,10.601],[-72.891,10.595],[-72.892,10.541],[-72.626,10.528],[-72.636,10.514],[-72.787,10.501],[-72.875,10.538],[-72.908,10.54],[-72.933,10.548],[-73.031,10.508],[-73.04,10.567],[-73.07,10.578],[-73.065,10.598]]]}},{"type":"Feature","properties":{"mpio":"44035","nombre":"Albania","depto":"La Guajira"},"geometry":{"type":"Polygon","coordinates":[[[-72.357,11.426],[-72.345,11.419],[-72.326,11.442],[-72.314,11.437],[-72.3,11.474],[-72.323,11.482],[-72.32,11.49],[-72.25,11.506],[-72.231,11.444],[-72.211,11.431],[-72.209,11.405],[-72.172,11.391],[-72.151,11.356],[-72.131,11.292],[-72.131,11.25],[-72.164,11.236],[-72.27,11.259],[-72.253,11.239],[-72.185,11.204],[-72.232,11.171],[-72.245,11.187],[-72.306,11.201],[-72.351,11.233],[-72.406,11.237],[-72.417,11.256],[-72.402,11.266],[-72.4,11.32],[-72.348,11.339],[-72.357,11.426]]]}},{"type":"Feature","properties":{"mpio":"47980","nombre":"Zona Bananera","depto":"Magdalena"},"geometry":{"type":"Polygon","coordinates":[[[-74.303,11.144],[-74.268,11.166],[-74.217,11.167],[-74.204,11.202],[-74.179,11.207],[-74.16,11.176],[-74.122,11.174],[-74.123,11.126],[-74.093,11.143],[-74.056,11.042],[-74.044,10.943],[-74.045,10.835],[-74.059,10.83],[-74.075,10.799],[-74.134,10.803],[-74.227,10.839],[-74.284,11.036],[-74.322,11.08],[-74.303,11.144]]]}},{"type":"Feature","properties":{"mpio":"47030","nombre":"Algarrobo","depto":"Magdalena"},"geometry":{"type":"Polygon","coordinates":[[[-73.937,10.492],[-73.975,10.43],[-73.999,10.419],[-74.017,10.385],[-74.038,10.384],[-74.045,10.355],[-74.073,10.32],[-74.093,10.25],[-74.13,10.376],[-74.216,10.387],[-74.264,10.447],[-74.178,10.573],[-74.011,10.533],[-73.984,10.549],[-73.937,10.492]]]}},{"type":"Feature","properties":{"mpio":"47205","nombre":"Concordia","depto":"Magdalena"},"geometry":{"type":"Polygon","coordinates":[[[-74.757,10.446],[-74.795,10.409],[-74.823,10.406],[-74.906,10.46],[-74.966,10.447],[-74.936,10.495],[-74.908,10.508],[-74.839,10.482],[-74.823,10.488],[-74.804,10.467],[-74.767,10.463],[-74.757,10.446]]]}},{"type":"Feature","properties":{"mpio":"47960","nombre":"Zapayan","depto":"Magdalena"},"geometry":{"type":"Polygon","coordinates":[[[-74.767,10.496],[-74.727,10.46],[-74.701,10.465],[-74.69,10.45],[-74.636,10.432],[-74.641,10.39],[-74.666,10.381],[-74.672,10.359],[-74.691,10.358],[-74.7,10.285],[-74.71,10.261],[-74.729,10.256],[-74.732,10.231],[-74.721,10.228],[-74.773,10.232],[-74.813,10.22],[-74.835,10.238],[-74.857,10.227],[-74.906,10.282],[-74.849,10.318],[-74.821,10.302],[-74.807,10.311],[-74.81,10.351],[-74.794,10.385],[-74.745,10.43],[-74.785,10.47],[-74.767,10.496]]]}},{"type":"Feature","properties":{"mpio":"13062","nombre":"Arroyohondo","depto":"Bolivar"},"geometry":{"type":"Polygon","coordinates":[[[-75.152,10.363],[-75.229,10.351],[-75.22,10.403],[-75.251,10.461],[-75.25,10.482],[-75.218,10.478],[-75.204,10.504],[-75.18,10.48],[-75.144,10.496],[-75.126,10.484],[-75.125,10.501],[-75.108,10.506],[-75.087,10.463],[-75.077,10.469],[-75.069,10.453],[-75.065,10.422],[-75.083,10.417],[-75.077,10.385],[-75.106,10.4],[-75.152,10.363]]]}},{"type":"Feature","properties":{"mpio":"47660","nombre":"Sabanas De San Angel","depto":"Magdalena"},"geometry":{"type":"Polygon","coordinates":[[[-74.264,10.447],[-74.216,10.387],[-74.13,10.376],[-74.092,10.248],[-74.04,10.165],[-74.064,10.169],[-74.131,10.138],[-74.17,10.17],[-74.222,10.175],[-74.256,10.163],[-74.276,10.072],[-74.388,10.167],[-74.459,10.197],[-74.451,10.251],[-74.474,10.306],[-74.535,10.385],[-74.48,10.419],[-74.392,10.357],[-74.339,10.345],[-74.264,10.447]]]}},{"type":"Feature","properties":{"mpio":"47460","nombre":"Nueva Granada","depto":"Magdalena"},"geometry":{"type":"Polygon","coordinates":[[[-74.351,10.129],[-74.276,10.072],[-74.273,9.96],[-74.212,9.924],[-74.171,9.859],[-74.182,9.795],[-74.217,9.756],[-74.279,9.754],[-74.383,9.779],[-74.459,9.776],[-74.514,9.794],[-74.518,9.813],[-74.465,9.851],[-74.453,9.973],[-74.475,10.017],[-74.507,10.039],[-74.435,10.091],[-74.431,10.151],[-74.382,10.113],[-74.351,10.129]]]}},{"type":"Feature","properties":{"mpio":"47720","nombre":"Santa Barbara De Pinto","depto":"Magdalena"},"geometry":{"type":"Polygon","coordinates":[[[-74.884,9.726],[-74.859,9.725],[-74.816,9.763],[-74.786,9.755],[-74.726,9.779],[-74.715,9.807],[-74.723,9.824],[-74.747,9.832],[-74.651,9.872],[-74.581,9.8],[-74.566,9.735],[-74.586,9.709],[-74.607,9.71],[-74.597,9.697],[-74.605,9.685],[-74.625,9.689],[-74.649,9.661],[-74.645,9.633],[-74.684,9.59],[-74.707,9.59],[-74.719,9.574],[-74.745,9.604],[-74.833,9.614],[-74.882,9.636],[-74.884,9.726]]]}},{"type":"Feature","properties":{"mpio":"94663","nombre":"Mapiripana","depto":"Guainia"},"geometry":{"type":"Polygon","coordinates":[[[-69.868,3.048],[-69.7,2.526],[-69.71,2.276],[-69.718,2.268],[-69.951,2.288],[-69.955,2.201],[-69.999,2.241],[-70.112,2.257],[-70.166,2.304],[-70.21,2.319],[-70.257,2.316],[-70.484,1.979],[-70.544,2.116],[-70.58,2.179],[-70.601,2.191],[-70.614,2.233],[-70.694,2.234],[-70.714,2.286],[-70.345,2.457],[-70.328,2.479],[-70.188,2.503],[-70.184,2.551],[-70.136,2.567],[-70.114,2.601],[-70.111,2.638],[-70.13,2.679],[-70.085,2.691],[-70.105,2.719],[-70.145,2.726],[-70.141,2.736],[-70.04,2.828],[-70.036,2.844],[-70.0,2.812],[-69.988,2.824],[-69.989,2.868],[-69.958,2.837],[-69.942,2.842],[-69.942,2.865],[-69.97,2.917],[-69.926,2.926],[-69.927,2.935],[-69.989,2.995],[-69.928,3.031],[-69.913,3.021],[-69.868,3.048]]]}},{"type":"Feature","properties":{"mpio":"94888","nombre":"Morichal","depto":"Guainia"},"geometry":{"type":"Polygon","coordinates":[[[-69.106,2.348],[-69.084,2.269],[-69.017,2.189],[-68.935,1.994],[-68.87,1.934],[-68.791,1.808],[-68.902,1.813],[-68.963,1.784],[-69.0,1.784],[-69.076,1.826],[-69.076,1.862],[-69.098,1.886],[-69.148,1.887],[-69.172,1.912],[-69.22,1.923],[-69.247,1.894],[-69.303,1.872],[-69.285,1.738],[-69.313,1.696],[-69.347,1.675],[-69.46,1.67],[-69.499,1.637],[-69.516,1.594],[-69.544,1.577],[-69.672,1.563],[-69.759,1.591],[-69.874,1.591],[-69.936,1.605],[-69.957,1.569],[-70.01,1.57],[-70.028,1.578],[-69.994,1.594],[-69.97,1.653],[-69.98,1.721],[-69.917,1.748],[-69.859,1.817],[-69.877,1.841],[-69.872,1.851],[-69.85,1.856],[-69.893,1.871],[-69.898,1.895],[-69.945,1.877],[-70.004,1.885],[-70.028,1.863],[-70.097,1.87],[-70.093,1.886],[-70.131,1.878],[-70.155,1.888],[-70.15,1.861],[-70.179,1.854],[-70.2,1.885],[-70.216,1.88],[-70.254,1.897],[-70.251,1.911],[-70.292,1.91],[-70.329,1.889],[-70.358,1.893],[-70.366,1.935],[-70.408,1.938],[-70.484,1.979],[-70.257,2.316],[-70.21,2.319],[-70.166,2.304],[-70.112,2.257],[-69.999,2.241],[-69.955,2.201],[-69.951,2.288],[-69.608,2.263],[-69.557,2.404],[-69.476,2.395],[-69.342,2.411],[-69.239,2.358],[-69.214,2.39],[-69.163,2.393],[-69.106,2.348]]]}},{"type":"Feature","properties":{"mpio":"91430","nombre":"La Victoria","depto":"Amazonas"},"geometry":{"type":"Polygon","coordinates":[[[-71.374,-0.134],[-71.325,-0.139],[-71.315,-0.098],[-71.301,-0.101],[-71.276,-0.144],[-71.261,-0.15],[-71.258,-0.133],[-71.248,-0.14],[-71.241,-0.176],[-71.208,-0.226],[-71.143,-0.249],[-71.131,-0.219],[-71.103,-0.218],[-71.089,-0.224],[-71.058,-0.294],[-71.041,-0.287],[-71.024,-0.313],[-70.964,-0.334],[-70.968,-0.35],[-70.952,-0.368],[-70.947,-0.349],[-70.925,-0.343],[-70.88,-0.375],[-70.819,-0.468],[-70.847,-0.477],[-70.86,-0.499],[-70.804,-0.594],[-70.804,-0.659],[-70.773,-0.694],[-70.914,-0.671],[-70.97,-0.627],[-71.058,-0.605],[-71.136,-0.527],[-71.255,-0.48],[-71.286,-0.453],[-71.312,-0.405],[-71.322,-0.321],[-71.345,-0.305],[-71.495,-0.291],[-71.498,-0.257],[-71.428,-0.203],[-71.374,-0.134]]]}},{"type":"Feature","properties":{"mpio":"91536","nombre":"Puerto Arica","depto":"Amazonas"},"geometry":{"type":"Polygon","coordinates":[[[-70.657,-1.805],[-70.628,-1.853],[-70.601,-1.871],[-70.502,-1.813],[-70.457,-1.835],[-70.438,-1.859],[-70.459,-2.906],[-70.498,-2.864],[-70.524,-2.86],[-70.506,-2.91],[-70.545,-2.922],[-70.566,-2.908],[-70.572,-2.886],[-70.559,-2.839],[-70.601,-2.83],[-70.595,-2.797],[-70.619,-2.763],[-70.66,-2.751],[-70.699,-2.707],[-70.733,-2.701],[-70.79,-2.632],[-70.857,-2.643],[-70.934,-2.581],[-70.918,-2.674],[-70.982,-2.645],[-71.001,-2.648],[-71.044,-2.666],[-71.04,-2.718],[-71.05,-2.722],[-71.076,-2.71],[-71.085,-2.734],[-71.099,-2.738],[-71.146,-2.705],[-71.163,-2.738],[-71.179,-2.739],[-71.179,-2.703],[-71.205,-2.695],[-71.233,-2.723],[-71.285,-2.746],[-71.295,-2.695],[-71.343,-2.621],[-71.386,-2.602],[-71.39,-2.675],[-71.407,-2.649],[-71.412,-2.575],[-71.535,-2.525],[-71.6,-2.528],[-71.603,-2.469],[-71.619,-2.451],[-71.664,-2.475],[-71.687,-2.505],[-71.713,-2.493],[-71.725,-2.528],[-71.779,-2.516],[-71.841,-2.531],[-71.906,-2.499],[-71.902,-2.022],[-71.832,-2.054],[-71.721,-2.136],[-71.672,-2.145],[-71.649,-2.182],[-71.59,-2.19],[-71.423,-2.047],[-71.379,-2.029],[-71.346,-1.981],[-71.307,-1.992],[-71.278,-1.969],[-71.253,-1.969],[-71.239,-1.982],[-71.234,-2.02],[-71.216,-1.985],[-71.151,-1.971],[-71.147,-1.957],[-71.196,-1.937],[-71.24,-1.89],[-71.226,-1.862],[-71.206,-1.853],[-70.797,-1.867],[-70.677,-1.837],[-70.657,-1.805]]]}},{"type":"Feature","properties":{"mpio":"91530","nombre":"Puerto Alegria","depto":"Amazonas"},"geometry":{"type":"Polygon","coordinates":[[[-74.226,-0.655],[-73.716,-0.521],[-73.009,-1.729],[-73.324,-1.706],[-73.328,-1.677],[-73.363,-1.651],[-73.365,-1.626],[-73.412,-1.602],[-73.388,-1.567],[-73.412,-1.544],[-73.418,-1.502],[-73.446,-1.498],[-73.455,-1.45],[-73.475,-1.434],[-73.508,-1.427],[-73.521,-1.41],[-73.564,-1.411],[-73.581,-1.368],[-73.6,-1.373],[-73.617,-1.412],[-73.691,-1.38],[-73.748,-1.27],[-73.792,-1.277],[-73.788,-1.242],[-73.798,-1.235],[-73.82,-1.251],[-73.847,-1.24],[-73.877,-1.149],[-73.9,-1.191],[-73.915,-1.194],[-74.096,-1.105],[-74.107,-1.042],[-74.138,-1.028],[-74.15,-1.004],[-74.095,-1.01],[-74.088,-0.95],[-74.123,-0.933],[-74.127,-0.903],[-74.144,-0.91],[-74.153,-0.879],[-74.208,-0.839],[-74.185,-0.783],[-74.205,-0.76],[-74.226,-0.655]]]}},{"type":"Feature","properties":{"mpio":"52254","nombre":"El Pe¥Ol","depto":"Nariño"},"geometry":{"type":"Polygon","coordinates":[[[-77.347,1.688],[-77.337,1.614],[-77.325,1.599],[-77.341,1.569],[-77.337,1.518],[-77.375,1.5],[-77.371,1.492],[-77.428,1.501],[-77.426,1.568],[-77.414,1.569],[-77.386,1.613],[-77.39,1.672],[-77.347,1.688]]]}},{"type":"Feature","properties":{"mpio":"52480","nombre":"Nariño","depto":"Nariño"},"geometry":{"type":"Polygon","coordinates":[[[-77.244,1.442],[-77.211,1.421],[-77.209,1.396],[-77.228,1.336],[-77.268,1.272],[-77.299,1.337],[-77.304,1.387],[-77.244,1.442]]]}},{"type":"Feature","properties":{"mpio":"19785","nombre":"Sucre","depto":"Cauca"},"geometry":{"type":"Polygon","coordinates":[[[-76.924,2.196],[-76.908,2.156],[-76.87,2.128],[-76.822,2.062],[-76.845,2.054],[-76.878,2.075],[-76.979,2.089],[-76.981,2.1],[-76.947,2.11],[-76.951,2.125],[-76.973,2.12],[-76.924,2.196]]]}},{"type":"Feature","properties":{"mpio":"19845","nombre":"Villa Rica","depto":"Cauca"},"geometry":{"type":"Polygon","coordinates":[[[-76.476,3.339],[-76.469,3.32],[-76.483,3.312],[-76.46,3.298],[-76.457,3.277],[-76.466,3.261],[-76.476,3.266],[-76.465,3.234],[-76.477,3.21],[-76.492,3.23],[-76.535,3.251],[-76.53,3.297],[-76.497,3.34],[-76.508,3.349],[-76.476,3.339]]]}},{"type":"Feature","properties":{"mpio":"70820","nombre":"Tolu","depto":"Sucre"},"geometry":{"type":"Polygon","coordinates":[[[-75.762,9.882],[-75.71,9.88],[-75.663,9.898],[-75.634,9.896],[-75.617,9.872],[-75.628,9.854],[-75.608,9.848],[-75.605,9.811],[-75.635,9.781],[-75.675,9.701],[-75.676,9.651],[-75.69,9.654],[-75.699,9.635],[-75.789,9.645],[-75.833,9.609],[-75.833,9.663],[-75.783,9.743],[-75.75,9.826],[-75.762,9.882]]]}},{"type":"Feature","properties":{"mpio":"70221","nombre":"Coveñas","depto":"Sucre"},"geometry":{"type":"Polygon","coordinates":[[[-75.833,9.663],[-75.833,9.609],[-75.863,9.573],[-75.887,9.571],[-75.869,9.594],[-75.891,9.646],[-75.833,9.663]]]}},{"type":"Feature","properties":{"mpio":"17380","nombre":"La Dorada","depto":"Caldas"},"geometry":{"type":"Polygon","coordinates":[[[-74.686,5.87],[-74.682,5.851],[-74.696,5.829],[-74.686,5.799],[-74.656,5.777],[-74.692,5.664],[-74.677,5.642],[-74.698,5.586],[-74.687,5.528],[-74.706,5.53],[-74.7,5.5],[-74.722,5.489],[-74.719,5.47],[-74.735,5.454],[-74.752,5.391],[-74.772,5.376],[-74.855,5.389],[-74.858,5.414],[-74.833,5.461],[-74.837,5.492],[-74.794,5.536],[-74.785,5.554],[-74.791,5.571],[-74.761,5.613],[-74.772,5.655],[-74.764,5.671],[-74.833,5.669],[-74.852,5.694],[-74.788,5.762],[-74.785,5.796],[-74.736,5.874],[-74.686,5.87]]]}},{"type":"Feature","properties":{"mpio":"17495","nombre":"Norcasia","depto":"Caldas"},"geometry":{"type":"Polygon","coordinates":[[[-75.05,5.832],[-74.901,5.855],[-74.875,5.814],[-74.815,5.793],[-74.785,5.796],[-74.788,5.762],[-74.852,5.694],[-74.947,5.643],[-74.971,5.476],[-74.985,5.46],[-75.081,5.433],[-75.093,5.442],[-75.095,5.495],[-75.136,5.518],[-75.141,5.612],[-75.12,5.621],[-75.11,5.648],[-75.086,5.63],[-75.033,5.626],[-75.015,5.644],[-74.998,5.751],[-75.037,5.816],[-75.053,5.821],[-75.05,5.832]]]}},{"type":"Feature","properties":{"mpio":"17662","nombre":"Samana","depto":"Caldas"},"geometry":{"type":"Polygon","coordinates":[[[-75.053,5.821],[-75.037,5.816],[-74.998,5.751],[-75.015,5.644],[-75.033,5.626],[-75.086,5.63],[-75.11,5.648],[-75.12,5.621],[-75.141,5.612],[-75.201,5.631],[-75.21,5.656],[-75.191,5.691],[-75.161,5.709],[-75.154,5.776],[-75.068,5.801],[-75.053,5.821]]]}},{"type":"Feature","properties":{"mpio":"27425","nombre":"Medio Atrato","depto":"Choco"},"geometry":{"type":"Polygon","coordinates":[[[-76.772,6.344],[-76.483,6.371],[-76.508,6.329],[-76.603,6.25],[-76.641,6.175],[-76.777,6.086],[-76.87,6.054],[-76.913,6.018],[-77.01,5.997],[-77.028,6.008],[-77.102,6.076],[-77.11,6.154],[-77.092,6.179],[-77.124,6.23],[-77.158,6.238],[-77.181,6.212],[-77.133,6.343],[-77.073,6.308],[-76.954,6.317],[-76.892,6.36],[-76.772,6.344]]]}},{"type":"Feature","properties":{"mpio":"27050","nombre":"Atrato","depto":"Choco"},"geometry":{"type":"Polygon","coordinates":[[[-76.818,5.826],[-76.797,5.804],[-76.751,5.819],[-76.717,5.848],[-76.653,5.857],[-76.637,5.824],[-76.63,5.747],[-76.659,5.728],[-76.722,5.728],[-76.728,5.689],[-76.708,5.608],[-76.736,5.602],[-76.786,5.617],[-76.834,5.602],[-76.825,5.614],[-76.847,5.757],[-76.839,5.8],[-76.818,5.826]]]}},{"type":"Feature","properties":{"mpio":"27600","nombre":"Rio Quito","depto":"Choco"},"geometry":{"type":"Polygon","coordinates":[[[-77.12,5.848],[-76.794,5.856],[-76.839,5.8],[-76.847,5.757],[-76.825,5.614],[-76.836,5.598],[-76.854,5.586],[-76.898,5.585],[-77.054,5.602],[-77.027,5.646],[-77.028,5.665],[-77.039,5.717],[-77.064,5.74],[-77.074,5.74],[-77.076,5.686],[-77.103,5.636],[-77.132,5.688],[-77.141,5.766],[-77.12,5.848]]]}},{"type":"Feature","properties":{"mpio":"27160","nombre":"Certegui","depto":"Choco"},"geometry":{"type":"Polygon","coordinates":[[[-76.868,5.585],[-76.786,5.617],[-76.736,5.602],[-76.698,5.61],[-76.575,5.526],[-76.578,5.514],[-76.583,5.5],[-76.683,5.44],[-76.759,5.445],[-76.783,5.502],[-76.868,5.585]]]}},{"type":"Feature","properties":{"mpio":"27810","nombre":"Union Panamericana","depto":"Choco"},"geometry":{"type":"Polygon","coordinates":[[[-76.802,5.52],[-76.77,5.485],[-76.759,5.445],[-76.704,5.387],[-76.757,5.338],[-76.824,5.345],[-76.818,5.411],[-76.858,5.455],[-76.837,5.487],[-76.801,5.491],[-76.802,5.52]]]}},{"type":"Feature","properties":{"mpio":"27430","nombre":"Medio Baudo","depto":"Choco"},"geometry":{"type":"Polygon","coordinates":[[[-77.218,5.424],[-77.085,5.414],[-77.011,5.48],[-77.009,5.217],[-77.054,5.153],[-77.168,5.138],[-77.285,5.145],[-77.309,5.13],[-77.311,5.149],[-77.252,5.224],[-77.252,5.256],[-77.315,5.289],[-77.357,5.281],[-77.384,5.233],[-77.464,5.232],[-77.485,5.221],[-77.484,5.196],[-77.496,5.186],[-77.494,5.219],[-77.521,5.253],[-77.534,5.326],[-77.519,5.352],[-77.48,5.35],[-77.477,5.383],[-77.448,5.402],[-77.443,5.448],[-77.414,5.442],[-77.4,5.457],[-77.339,5.428],[-77.282,5.46],[-77.218,5.424]]]}},{"type":"Feature","properties":{"mpio":"27580","nombre":"Rio Iro","depto":"Choco"},"geometry":{"type":"Polygon","coordinates":[[[-76.504,5.38],[-76.442,5.324],[-76.411,5.238],[-76.466,5.219],[-76.495,5.233],[-76.528,5.277],[-76.59,5.298],[-76.654,5.304],[-76.718,5.263],[-76.767,5.28],[-76.772,5.308],[-76.696,5.334],[-76.641,5.379],[-76.584,5.371],[-76.504,5.38]]]}},{"type":"Feature","properties":{"mpio":"27450","nombre":"Medio San Juan","depto":"Choco"},"geometry":{"type":"Polygon","coordinates":[[[-76.81,5.294],[-76.768,5.199],[-76.803,5.141],[-76.751,5.042],[-76.789,4.979],[-76.844,4.939],[-76.85,4.917],[-76.96,4.959],[-76.951,5.009],[-76.915,5.088],[-76.88,5.267],[-76.81,5.294]]]}},{"type":"Feature","properties":{"mpio":"27086","nombre":"Belen De Bajira","depto":"Choco"},"geometry":{"type":"Polygon","coordinates":[[[-77.226,7.854],[-77.159,7.821],[-77.118,7.826],[-77.055,7.806],[-77.006,7.729],[-76.955,7.609],[-76.865,7.545],[-76.805,7.522],[-76.754,7.471],[-76.705,7.353],[-76.717,7.325],[-76.761,7.332],[-76.797,7.353],[-76.813,7.381],[-76.846,7.365],[-76.888,7.378],[-76.887,7.4],[-76.932,7.443],[-76.963,7.441],[-76.983,7.373],[-77.043,7.404],[-77.106,7.369],[-77.126,7.383],[-77.167,7.369],[-77.186,7.405],[-77.135,7.452],[-77.139,7.596],[-77.22,7.627],[-77.265,7.659],[-77.285,7.704],[-77.378,7.768],[-77.372,7.805],[-77.274,7.826],[-77.241,7.809],[-77.226,7.854]]]}},{"type":"Feature","properties":{"mpio":"05480","nombre":"Mutata","depto":"Antioquia"},"geometry":{"type":"Polygon","coordinates":[[[-76.994,7.695],[-76.879,7.694],[-76.847,7.681],[-76.725,7.822],[-76.587,7.59],[-76.302,7.35],[-76.413,7.357],[-76.518,7.399],[-76.616,7.41],[-76.629,7.405],[-76.666,7.307],[-76.704,7.288],[-76.736,7.289],[-76.705,7.353],[-76.722,7.375],[-76.735,7.441],[-76.805,7.522],[-76.939,7.592],[-76.994,7.695]]]}},{"type":"Feature","properties":{"mpio":"27150","nombre":"Carmen Del Darien","depto":"Choco"},"geometry":{"type":"Polygon","coordinates":[[[-77.138,7.471],[-77.135,7.452],[-77.186,7.405],[-77.167,7.369],[-77.126,7.383],[-77.106,7.369],[-77.043,7.404],[-76.983,7.373],[-76.963,7.441],[-76.932,7.443],[-76.887,7.4],[-76.888,7.378],[-76.846,7.365],[-76.813,7.381],[-76.797,7.353],[-76.718,7.325],[-76.746,7.272],[-76.753,7.181],[-76.923,7.24],[-77.06,7.226],[-77.062,7.183],[-77.026,7.164],[-77.009,7.1],[-77.019,7.075],[-77.056,7.07],[-77.039,7.058],[-77.042,7.046],[-77.055,7.051],[-77.06,7.041],[-77.108,7.065],[-77.128,7.047],[-77.145,7.061],[-77.136,7.081],[-77.213,7.069],[-77.219,7.095],[-77.338,7.034],[-77.355,6.991],[-77.396,7.025],[-77.54,7.001],[-77.557,6.988],[-77.605,6.997],[-77.626,7.04],[-77.608,7.103],[-77.589,7.102],[-77.616,7.15],[-77.586,7.148],[-77.587,7.167],[-77.595,7.182],[-77.614,7.183],[-77.619,7.206],[-77.609,7.27],[-77.595,7.288],[-77.543,7.314],[-77.544,7.331],[-77.476,7.395],[-77.484,7.327],[-77.465,7.33],[-77.453,7.31],[-77.425,7.371],[-77.401,7.382],[-77.372,7.37],[-77.362,7.406],[-77.376,7.42],[-77.346,7.449],[-77.338,7.501],[-77.261,7.477],[-77.208,7.488],[-77.184,7.47],[-77.197,7.452],[-77.19,7.441],[-77.138,7.471]]]}},{"type":"Feature","properties":{"mpio":"88001","nombre":"San Andres","depto":"Archipielago De San Andres Providencia Y Santa Catalina"},"geometry":{"type":"Polygon","coordinates":[[[-83.084,12.834],[-83.054,12.876],[-83.046,12.867],[-83.032,12.864],[-83.032,12.86],[-83.056,12.851],[-83.047,12.848],[-83.05,12.811],[-83.074,12.758],[-83.084,12.834]]]}},{"type":"Feature","properties":{"mpio":"88000","nombre":"Santa Catalina","depto":"Archipielago De San Andres Providencia Y Santa Catalina"},"geometry":{"type":"Polygon","coordinates":[[[-82.734,13.706],[-82.742,13.692],[-82.748,13.7],[-82.734,13.706]]]}},{"type":"Feature","properties":{"mpio":"88564","nombre":"Providencia","depto":"Archipielago De San Andres Providencia Y Santa Catalina"},"geometry":{"type":"Polygon","coordinates":[[[-82.729,13.695],[-82.713,13.69],[-82.706,13.668],[-82.716,13.644],[-82.752,13.63],[-82.757,13.67],[-82.729,13.695]]]}}]}